-- phpMyAdmin SQL Dump
-- version 4.7.7
-- https://www.phpmyadmin.net/
--
-- Host: localhost
-- Generation Time: May 22, 2019 at 12:26 PM
-- Server version: 10.1.30-MariaDB
-- PHP Version: 5.6.33

SET SQL_MODE = "NO_AUTO_VALUE_ON_ZERO";
SET AUTOCOMMIT = 0;
START TRANSACTION;
SET time_zone = "+00:00";


/*!40101 SET @OLD_CHARACTER_SET_CLIENT=@@CHARACTER_SET_CLIENT */;
/*!40101 SET @OLD_CHARACTER_SET_RESULTS=@@CHARACTER_SET_RESULTS */;
/*!40101 SET @OLD_COLLATION_CONNECTION=@@COLLATION_CONNECTION */;
/*!40101 SET NAMES utf8mb4 */;

--
-- Database: `apoim`
--

-- --------------------------------------------------------

--
-- Table structure for table `admin`
--

CREATE TABLE `admin` (
  `id` int(11) NOT NULL,
  `name` varchar(250) NOT NULL,
  `email` varchar(250) NOT NULL,
  `password` varchar(250) NOT NULL,
  `profileImage` varchar(250) NOT NULL
) ENGINE=InnoDB DEFAULT CHARSET=latin1;

--
-- Dumping data for table `admin`
--

INSERT INTO `admin` (`id`, `name`, `email`, `password`, `profileImage`) VALUES
(1, 'Administrator ', 'admin@apoim.com', '$2y$10$LAE9rdnBYDfOTQ5BIQ1NmOtluecqhB3hOtPNGAH8ULVIZEZZL7b8.', 'hzia8AwjlCFNBnvb.png');

-- --------------------------------------------------------

--
-- Table structure for table `appointments`
--

CREATE TABLE `appointments` (
  `appId` int(11) NOT NULL,
  `appointById` int(11) NOT NULL,
  `appointForId` int(11) NOT NULL,
  `business_id` int(11) NOT NULL,
  `appointDate` date NOT NULL,
  `appointTime` time NOT NULL,
  `appointAddress` varchar(255) NOT NULL,
  `appointLatitude` varchar(255) NOT NULL,
  `appointLongitude` varchar(255) NOT NULL,
  `appointmentStatus` tinyint(4) NOT NULL DEFAULT '1' COMMENT '1:Pending,2:Accept,3:Reject,4:Complete,5:Cancel',
  `offerPrice` varchar(255) NOT NULL,
  `counterPrice` varchar(255) NOT NULL,
  `counterStatus` tinyint(4) NOT NULL DEFAULT '0' COMMENT '0:Pending,1:Accept,2:Reject,3:Complete',
  `isCounterApply` tinyint(4) NOT NULL DEFAULT '0' COMMENT '0:NotApply,1:Apply',
  `offerType` tinyint(4) NOT NULL COMMENT '1:Paid,2:Free',
  `appointByStatus` enum('1','2','3','4') NOT NULL DEFAULT '1' COMMENT '1:Pending,2:Accept,3:Reject,4:Complete',
  `appointForStatus` enum('1','2','3','4') NOT NULL DEFAULT '1' COMMENT '1:New,2:Accept,3:Reject,4:Complete',
  `status` tinyint(4) NOT NULL DEFAULT '1' COMMENT '1:Active,0:Inactive',
  `isFinish` int(11) NOT NULL DEFAULT '0' COMMENT '0:not,1:yes',
  `isDelete` int(11) NOT NULL DEFAULT '0' COMMENT '0:not,1:yes',
  `crd` datetime NOT NULL,
  `upd` datetime NOT NULL
) ENGINE=InnoDB DEFAULT CHARSET=latin1;

--
-- Dumping data for table `appointments`
--

INSERT INTO `appointments` (`appId`, `appointById`, `appointForId`, `business_id`, `appointDate`, `appointTime`, `appointAddress`, `appointLatitude`, `appointLongitude`, `appointmentStatus`, `offerPrice`, `counterPrice`, `counterStatus`, `isCounterApply`, `offerType`, `appointByStatus`, `appointForStatus`, `status`, `isFinish`, `isDelete`, `crd`, `upd`) VALUES
(1, 3, 4, 0, '2019-04-24', '21:42:00', '502, 503 & 504 Krishna Tower Above ICICI Bank, Main Rd, Brajeshwari Extension, Pipliyahana, Indore, Madhya Pradesh 452016, India', '22.7051382', '75.9090618', 2, '', '', 0, 0, 2, '1', '1', 1, 1, 1, '2019-04-23 20:42:38', '2019-04-23 20:42:55'),
(2, 3, 6, 0, '2019-04-25', '13:58:00', '411, Princes Business Skypark, Agra-Bombay Road, L I G Colony, Opposite Orbit Mall, Scheme No 54, Indore, Madhya Pradesh 452001, India', '22.74577399999999', '75.893306', 1, '26.0', '', 0, 0, 1, '1', '1', 1, 1, 1, '2019-04-24 12:59:16', '0000-00-00 00:00:00'),
(3, 7, 8, 0, '2019-04-24', '15:37:00', 'Indore, Madhya Pradesh, India', '22.7195687', '75.8577258', 1, '', '', 0, 0, 2, '1', '1', 1, 1, 1, '2019-04-24 14:36:47', '0000-00-00 00:00:00'),
(4, 7, 8, 0, '2019-04-30', '14:37:00', 'Indore, Madhya Pradesh, India', '22.7195687', '75.8577258', 5, '', '', 0, 0, 2, '1', '1', 1, 1, 1, '2019-04-24 14:37:14', '2019-04-30 11:26:17'),
(5, 3, 6, 0, '2019-04-25', '19:13:00', 'Vijay Nagar, Indore, Madhya Pradesh 452010, India', '22.7532848', '75.8936962', 1, '56.0', '', 0, 0, 1, '1', '1', 1, 1, 1, '2019-04-24 18:13:20', '0000-00-00 00:00:00'),
(6, 11, 5, 0, '2019-04-26', '23:24:00', '502, 503 & 504 Krishna Tower Above ICICI Bank, Main Rd, Brajeshwari Extension, Pipliyahana, Indore, Madhya Pradesh 452016, India', '22.7051382', '75.9090618', 1, '', '', 0, 0, 2, '1', '1', 1, 1, 1, '2019-04-26 22:24:48', '0000-00-00 00:00:00'),
(7, 11, 13, 0, '2019-04-28', '12:38:00', 'SS Infinitus, Nipania, Indore, Madhya Pradesh 453771, India', '22.7796778', '75.9158386', 1, '', '', 0, 0, 2, '1', '1', 1, 1, 1, '2019-04-28 11:39:03', '0000-00-00 00:00:00'),
(8, 11, 5, 0, '2019-04-28', '12:39:00', '502, 503 & 504 Krishna Tower Above ICICI Bank, Main Rd, Brajeshwari Extension, Pipliyahana, Indore, Madhya Pradesh 452016, India', '22.7051382', '75.9090618', 1, '', '', 0, 0, 2, '1', '1', 1, 1, 1, '2019-04-28 11:39:59', '0000-00-00 00:00:00'),
(11, 13, 12, 0, '2019-05-05', '14:28:00', 'Crescent Water Park, Indore, Madhya Pradesh, India', '22.6476809', '75.96106199999997', 2, '', '', 0, 0, 2, '1', '1', 1, 1, 1, '2019-04-29 13:29:06', '2019-04-29 21:03:56'),
(12, 6, 3, 0, '2019-04-30', '14:57:00', '7, Nehru Park Rd, Vallabh Nagar, Indore, Madhya Pradesh 452003, India', '22.7172079', '75.86841129999999', 2, '', '', 0, 0, 2, '1', '1', 1, 1, 1, '2019-04-29 13:57:18', '2019-04-29 13:57:29'),
(13, 3, 8, 0, '2019-04-29', '14:58:00', 'Indore, Madhya Pradesh, India', '22.7195687', '75.8577258', 2, '', '', 0, 0, 2, '1', '1', 1, 1, 1, '2019-04-29 13:59:02', '2019-04-29 13:59:29'),
(14, 6, 7, 0, '2019-04-30', '15:13:00', 'Vijay Nagar, Indore, Madhya Pradesh 452010, India', '22.7532848', '75.8936962', 5, '678.0', '700', 3, 1, 1, '1', '1', 1, 1, 1, '2019-04-29 14:13:57', '2019-04-29 14:21:20'),
(15, 7, 6, 0, '2019-04-29', '17:22:00', 'Dhar, Madhya Pradesh 454001, India', '22.6012922', '75.3024655', 4, '254', '57657.0', 3, 1, 1, '1', '1', 1, 1, 1, '2019-04-29 14:22:28', '0000-00-00 00:00:00'),
(17, 15, 16, 2, '2019-04-29', '15:41:00', 'Indore, Madhya Pradesh, India', '22.7195687', '75.8577258', 2, '', '', 0, 0, 2, '1', '1', 1, 1, 1, '2019-04-29 14:41:19', '2019-04-29 14:51:15'),
(18, 16, 15, 2, '2019-04-29', '15:42:00', 'Indore, Madhya Pradesh, India', '22.7195687', '75.8577258', 2, '', '', 0, 0, 2, '1', '1', 1, 1, 1, '2019-04-29 14:42:58', '2019-04-29 14:45:50'),
(19, 8, 7, 2, '2019-04-29', '16:15:00', 'Indore, Madhya Pradesh, India', '22.7195687', '75.8577258', 1, '230', '', 0, 0, 1, '1', '1', 1, 1, 1, '2019-04-29 15:16:01', '0000-00-00 00:00:00'),
(20, 6, 7, 0, '2019-04-29', '16:22:00', '7, Nehru Park Rd, Vallabh Nagar, Indore, Madhya Pradesh 452003, India', '22.7172079', '75.86841129999999', 1, '56.0', '', 0, 0, 1, '1', '1', 1, 1, 1, '2019-04-29 15:22:48', '0000-00-00 00:00:00'),
(21, 15, 7, 2, '2019-04-29', '16:34:00', 'Indore, Madhya Pradesh, India', '22.7195687', '75.8577258', 1, '12.0', '', 0, 0, 1, '1', '1', 1, 1, 1, '2019-04-29 15:34:41', '0000-00-00 00:00:00'),
(22, 15, 7, 2, '2019-04-29', '16:35:00', 'Indore, Madhya Pradesh, India', '22.7195687', '75.8577258', 4, '233.0', '', 3, 0, 1, '1', '1', 1, 1, 1, '2019-04-29 15:35:42', '2019-04-29 15:36:00'),
(23, 8, 7, 2, '2019-04-29', '16:45:00', 'Indore, Madhya Pradesh, India', '22.7195687', '75.8577258', 2, '8986', '', 0, 0, 1, '1', '1', 1, 1, 1, '2019-04-29 15:46:01', '2019-04-29 15:46:22'),
(24, 8, 7, 2, '2019-04-29', '17:21:00', 'Indore, Madhya Pradesh, India', '22.7195687', '75.8577258', 4, '25', '6534', 3, 1, 1, '1', '1', 1, 1, 1, '2019-04-29 16:21:23', '0000-00-00 00:00:00'),
(25, 8, 7, 2, '2019-04-29', '17:24:00', 'Indore, Madhya Pradesh, India', '22.7195687', '75.8577258', 2, '23', '', 0, 0, 1, '1', '1', 1, 1, 1, '2019-04-29 16:24:41', '2019-04-29 16:28:01'),
(26, 8, 7, 0, '2019-04-29', '17:43:00', 'Indore, Madhya Pradesh, India', '22.7195687', '75.8577258', 2, '10', '', 0, 0, 1, '1', '1', 1, 1, 1, '2019-04-29 16:43:55', '2019-04-29 16:45:22'),
(27, 8, 7, 0, '2019-04-29', '17:46:00', 'Indore, Madhya Pradesh, India', '22.7195687', '75.8577258', 2, '2.0', '', 0, 0, 1, '1', '1', 1, 1, 1, '2019-04-29 16:46:46', '2019-04-29 16:47:33'),
(28, 3, 10, 2, '2019-04-29', '18:01:00', 'Indore, Madhya Pradesh, India', '22.7195687', '75.8577258', 2, '', '', 0, 0, 2, '1', '1', 1, 1, 1, '2019-04-29 17:01:53', '2019-04-29 17:02:35'),
(29, 7, 3, 2, '2019-04-29', '18:51:00', 'Indore, Madhya Pradesh, India', '22.7195687', '75.8577258', 2, '', '', 0, 0, 2, '1', '1', 1, 1, 1, '2019-04-29 17:51:17', '2019-04-29 17:51:35'),
(30, 3, 7, 2, '2019-04-29', '18:52:00', 'Indore, Madhya Pradesh, India', '22.7195687', '75.8577258', 1, '5686.0', '', 0, 0, 1, '1', '1', 1, 1, 1, '2019-04-29 17:52:07', '0000-00-00 00:00:00'),
(31, 8, 7, 2, '2019-04-29', '18:54:00', 'Indore, Madhya Pradesh, India', '22.7195687', '75.8577258', 1, '123', '', 0, 0, 1, '1', '1', 1, 1, 1, '2019-04-29 17:54:38', '0000-00-00 00:00:00'),
(32, 3, 8, 2, '2019-04-29', '18:55:00', 'Indore, Madhya Pradesh, India', '22.7195687', '75.8577258', 1, '', '', 0, 0, 2, '1', '1', 1, 1, 1, '2019-04-29 17:55:08', '0000-00-00 00:00:00'),
(33, 8, 7, 2, '2019-04-29', '18:56:00', 'Indore, Madhya Pradesh, India', '22.7195687', '75.8577258', 1, '55', '', 0, 0, 1, '1', '1', 1, 1, 1, '2019-04-29 17:56:12', '0000-00-00 00:00:00'),
(34, 6, 7, 2, '2019-04-29', '19:04:00', 'Indore, Madhya Pradesh, India', '22.7195687', '75.8577258', 1, '534', '', 0, 0, 1, '1', '1', 1, 1, 1, '2019-04-29 18:04:30', '0000-00-00 00:00:00'),
(35, 10, 3, 0, '2019-04-29', '19:36:00', 'MINDIII Systems Pvt. Ltd., Main Rd, Brajeshwari Extension, Pipliyahana, Indore, Madhya Pradesh, India', '22.7051382', '75.90906180000002', 2, '', '', 0, 0, 2, '1', '1', 1, 1, 1, '2019-04-29 18:36:32', '2019-04-29 19:13:33'),
(37, 11, 5, 0, '2019-04-29', '21:58:00', '502, 503 & 504 Krishna Tower Above ICICI Bank, Main Rd, Brajeshwari Extension, Pipliyahana, Indore, Madhya Pradesh 452016, India', '22.7051382', '75.9090618', 1, '', '', 0, 0, 2, '1', '1', 1, 1, 1, '2019-04-29 20:58:43', '0000-00-00 00:00:00'),
(38, 13, 12, 2, '2019-04-29', '22:02:00', 'Indore, Madhya Pradesh, India', '22.7195687', '75.8577258', 2, '', '', 0, 0, 2, '1', '1', 1, 1, 1, '2019-04-29 21:02:54', '2019-04-29 21:03:50'),
(39, 12, 11, 0, '2019-04-29', '22:06:00', 'MINDIII Systems Pvt. Ltd., Main Rd, Brajeshwari Extension, Pipliyahana, Indore, Madhya Pradesh, India', '22.7051382', '75.90906180000002', 2, '', '', 0, 0, 2, '1', '1', 1, 1, 1, '2019-04-29 21:06:25', '2019-04-29 21:07:10'),
(40, 3, 10, 2, '2019-05-01', '12:20:00', 'Indore, Madhya Pradesh, India', '22.7195687', '75.8577258', 2, '', '', 0, 0, 2, '1', '1', 1, 1, 1, '2019-04-30 11:20:38', '2019-04-30 11:22:09'),
(41, 7, 8, 2, '2019-04-30', '13:38:00', 'Indore, Madhya Pradesh, India', '22.7195687', '75.8577258', 1, '', '', 0, 0, 2, '1', '1', 1, 1, 1, '2019-04-30 12:38:05', '0000-00-00 00:00:00'),
(42, 18, 16, 0, '2019-04-30', '15:21:00', 'Indianapolis, IN, USA', '39.768403', '-86.15806800000001', 3, '', '', 0, 0, 2, '1', '1', 1, 1, 1, '2019-04-30 14:21:38', '2019-04-30 15:12:51'),
(44, 18, 16, 0, '2019-04-30', '16:04:00', 'Indore, Madhya Pradesh, India', '22.7195687', '75.85772580000003', 2, '', '', 0, 0, 2, '1', '1', 1, 1, 1, '2019-04-30 15:04:23', '2019-04-30 15:07:11'),
(45, 16, 18, 2, '2019-04-30', '16:36:00', 'Indore, Madhya Pradesh, India', '22.7195687', '75.8577258', 2, '', '', 0, 0, 2, '1', '1', 1, 1, 1, '2019-04-30 15:36:32', '2019-04-30 15:36:44'),
(46, 18, 8, 0, '2019-04-30', '16:40:00', 'Bhawarkua, Scheme No 74C, Vijay Nagar, Indore, Madhya Pradesh, India', '22.7570623', '75.88218649999999', 1, '5', '2', 0, 1, 1, '1', '1', 1, 1, 1, '2019-04-30 15:41:24', '0000-00-00 00:00:00'),
(47, 18, 16, 0, '2019-05-14', '15:43:00', 'Malviya Nagar, Indore, Madhya Pradesh, India', '22.7426158', '75.89660030000005', 1, '10', '2.0', 0, 1, 1, '1', '1', 1, 0, 0, '2019-04-30 15:42:01', '2019-04-30 15:44:18'),
(48, 8, 7, 2, '2019-04-30', '16:48:00', 'Indore, Madhya Pradesh, India', '22.7195687', '75.8577258', 4, '250', '', 3, 0, 1, '1', '1', 1, 1, 1, '2019-04-30 15:48:17', '2019-04-30 16:35:42'),
(49, 20, 3, 2, '2019-05-01', '16:49:00', 'Indore, Madhya Pradesh, India', '22.7195687', '75.8577258', 2, '', '', 0, 0, 2, '1', '1', 1, 1, 1, '2019-04-30 15:49:59', '2019-04-30 15:52:14'),
(50, 8, 7, 2, '2019-04-30', '16:48:00', 'Indore, Madhya Pradesh, India', '22.7195687', '75.8577258', 2, '25', '', 0, 0, 1, '1', '1', 1, 1, 1, '2019-04-30 16:13:23', '2019-04-30 16:27:46'),
(51, 6, 3, 2, '2019-04-30', '17:35:00', 'Indore, Madhya Pradesh, India', '22.7195687', '75.8577258', 2, '', '', 0, 0, 2, '1', '1', 1, 1, 1, '2019-04-30 16:35:55', '2019-04-30 16:36:00'),
(52, 8, 3, 0, '2019-04-30', '17:40:00', 'Indore, Madhya Pradesh, India', '22.7195687', '75.8577258', 1, '', '', 0, 0, 2, '1', '1', 1, 1, 1, '2019-04-30 16:40:29', '0000-00-00 00:00:00'),
(53, 8, 3, 0, '2019-04-30', '17:40:00', 'Indore, Madhya Pradesh, India', '22.7195687', '75.8577258', 1, '100', '235.0', 0, 1, 1, '1', '1', 1, 1, 1, '2019-04-30 16:41:00', '0000-00-00 00:00:00'),
(54, 18, 8, 0, '2019-04-30', '17:50:00', 'Indore, Madhya Pradesh, India', '22.7195687', '75.85772580000003', 1, '45', '23', 0, 1, 1, '1', '1', 1, 1, 1, '2019-04-30 16:50:42', '0000-00-00 00:00:00'),
(55, 8, 18, 2, '2019-04-30', '18:43:00', 'Indore, Madhya Pradesh, India', '22.7195687', '75.8577258', 1, '', '', 0, 0, 2, '1', '1', 1, 1, 1, '2019-04-30 17:43:22', '0000-00-00 00:00:00'),
(56, 8, 16, 0, '2019-04-30', '18:45:00', 'Indore, Madhya Pradesh, India', '22.7195687', '75.8577258', 5, '250', '52', 0, 1, 1, '1', '1', 1, 1, 1, '2019-04-30 17:45:23', '2019-04-30 17:57:24'),
(57, 8, 7, 4, '2019-05-24', '18:49:00', 'Chhoti Gwaltoli, Indore, Madhya Pradesh 452007, India', '22.7171531', '75.8682925', 3, '250', '260', 2, 1, 1, '1', '1', 1, 0, 0, '2019-04-30 17:49:44', '0000-00-00 00:00:00'),
(58, 10, 3, 4, '2019-04-30', '19:33:00', 'Chhoti Gwaltoli, Indore, Madhya Pradesh 452007, India', '22.7171531', '75.8682925', 1, '50', '', 0, 0, 1, '1', '1', 1, 1, 1, '2019-04-30 18:33:59', '0000-00-00 00:00:00'),
(60, 16, 7, 4, '2019-04-30', '19:44:00', 'Chhoti Gwaltoli, Indore, Madhya Pradesh 452007, India', '22.7171531', '75.8682925', 2, '2.0', '', 0, 0, 1, '1', '1', 1, 1, 1, '2019-04-30 18:44:41', '2019-04-30 18:45:45'),
(61, 15, 8, 2, '2019-05-01', '15:11:00', 'Indore, Madhya Pradesh, India', '22.7195687', '75.8577258', 3, '22.0', '23', 2, 1, 1, '1', '1', 1, 0, 0, '2019-05-01 14:11:24', '0000-00-00 00:00:00'),
(62, 8, 15, 2, '2019-05-01', '15:14:00', 'Indore, Madhya Pradesh, India', '22.7195687', '75.8577258', 3, '200', '36.0', 2, 1, 1, '1', '1', 1, 0, 0, '2019-05-01 14:14:54', '0000-00-00 00:00:00'),
(63, 15, 16, 4, '2019-05-01', '15:17:00', 'Chhoti Gwaltoli, Indore, Madhya Pradesh 452007, India', '22.7171531', '75.8682925', 1, '10.0', '36', 0, 1, 1, '1', '1', 1, 0, 0, '2019-05-01 14:17:03', '0000-00-00 00:00:00'),
(64, 8, 16, 4, '2019-05-01', '15:17:00', 'Chhoti Gwaltoli, Indore, Madhya Pradesh 452007, India', '22.7171531', '75.8682925', 1, '25', '', 0, 0, 1, '1', '1', 1, 0, 0, '2019-05-01 14:17:13', '0000-00-00 00:00:00'),
(65, 16, 15, 0, '2019-05-29', '15:03:00', 'Malviya Nagar, Indore, Madhya Pradesh, India', '22.7426158', '75.89660030000005', 1, '52', '200.0', 0, 1, 1, '1', '1', 1, 0, 0, '2019-05-01 14:19:15', '2019-05-01 15:03:29'),
(66, 15, 16, 2, '2019-05-01', '15:23:00', 'Indore, Madhya Pradesh, India', '22.7195687', '75.8577258', 1, '63.0', '96', 0, 1, 1, '1', '1', 1, 0, 0, '2019-05-01 14:24:00', '0000-00-00 00:00:00'),
(67, 8, 16, 4, '2019-05-31', '14:26:00', 'Chhoti Gwaltoli, Indore, Madhya Pradesh 452007, India', '22.7171531', '75.8682925', 2, '21', '71', 1, 1, 1, '1', '1', 1, 0, 0, '2019-05-01 14:26:46', '0000-00-00 00:00:00'),
(69, 16, 8, 4, '2019-05-01', '16:04:00', 'Chhoti Gwaltoli, Indore, Madhya Pradesh 452007, India', '22.7171531', '75.8682925', 4, '78', '36', 3, 1, 1, '1', '1', 1, 1, 0, '2019-05-01 15:04:09', '2019-05-01 15:56:25'),
(70, 16, 8, 4, '2019-05-30', '15:14:00', 'Chhoti Gwaltoli, Indore, Madhya Pradesh 452007, India', '22.7171531', '75.8682925', 1, '90', '32', 0, 1, 1, '1', '1', 1, 0, 0, '2019-05-01 15:13:58', '2019-05-01 15:14:57'),
(71, 8, 16, 4, '2019-05-01', '16:15:00', 'Chhoti Gwaltoli, Indore, Madhya Pradesh 452007, India', '22.7171531', '75.8682925', 1, '39', '', 0, 0, 1, '1', '1', 1, 0, 0, '2019-05-01 15:15:34', '0000-00-00 00:00:00'),
(72, 16, 8, 4, '2019-06-20', '16:16:00', 'Chhoti Gwaltoli, Indore, Madhya Pradesh 452007, India', '22.7171531', '75.8682925', 2, '101.30', '201', 1, 1, 1, '1', '1', 1, 0, 0, '2019-05-01 15:16:40', '2019-05-01 15:17:16'),
(73, 16, 8, 4, '2019-05-25', '16:37:00', 'Chhoti Gwaltoli, Indore, Madhya Pradesh 452007, India', '22.7171531', '75.8682925', 2, '93', '32', 1, 1, 1, '1', '1', 1, 0, 0, '2019-05-01 15:38:01', '2019-05-01 15:38:19'),
(74, 15, 8, 4, '2019-05-01', '16:42:00', 'Chhoti Gwaltoli, Indore, Madhya Pradesh 452007, India', '22.7171531', '75.8682925', 2, '22.0', '23', 1, 1, 1, '1', '1', 1, 0, 0, '2019-05-01 15:42:15', '0000-00-00 00:00:00'),
(75, 15, 16, 4, '2019-05-01', '16:45:00', 'Chhoti Gwaltoli, Indore, Madhya Pradesh 452007, India', '22.7171531', '75.8682925', 2, '23.0', '74', 1, 1, 1, '1', '1', 1, 0, 0, '2019-05-01 15:45:21', '0000-00-00 00:00:00'),
(77, 16, 8, 0, '2019-05-01', '17:26:00', 'Indore, Madhya Pradesh, India', '22.7195687', '75.85772580000003', 1, '23', '', 0, 0, 1, '1', '1', 1, 0, 0, '2019-05-01 16:26:28', '0000-00-00 00:00:00'),
(78, 16, 8, 0, '2019-05-01', '17:28:00', 'Indore, Madhya Pradesh, India', '22.7195687', '75.85772580000003', 2, '78', '23', 1, 1, 1, '1', '1', 1, 0, 0, '2019-05-01 16:29:09', '0000-00-00 00:00:00'),
(80, 8, 21, 4, '2019-05-01', '19:07:00', 'Chhoti Gwaltoli, Indore, Madhya Pradesh 452007, India', '22.7171531', '75.8682925', 1, '', '', 0, 0, 2, '1', '1', 1, 0, 0, '2019-05-01 18:08:19', '0000-00-00 00:00:00'),
(81, 8, 21, 4, '2019-05-24', '17:58:00', 'Chhoti Gwaltoli, Indore, Madhya Pradesh 452007, India', '22.7171531', '75.8682925', 2, '', '', 0, 0, 2, '1', '1', 1, 1, 0, '2019-05-01 18:08:28', '2019-05-06 17:00:38'),
(82, 8, 21, 4, '2019-05-01', '19:08:00', 'Chhoti Gwaltoli, Indore, Madhya Pradesh 452007, India', '22.7171531', '75.8682925', 1, '', '', 0, 0, 2, '1', '1', 1, 0, 0, '2019-05-01 18:08:40', '0000-00-00 00:00:00'),
(83, 8, 16, 4, '2019-05-01', '19:13:00', 'Chhoti Gwaltoli, Indore, Madhya Pradesh 452007, India', '22.7171531', '75.8682925', 1, '3', '', 0, 0, 1, '1', '1', 1, 0, 0, '2019-05-01 18:13:54', '0000-00-00 00:00:00'),
(84, 16, 6, 4, '2019-05-01', '19:14:00', 'Chhoti Gwaltoli, Indore, Madhya Pradesh 452007, India', '22.7171531', '75.8682925', 1, '3', '', 0, 0, 1, '1', '1', 1, 0, 0, '2019-05-01 18:14:56', '0000-00-00 00:00:00'),
(85, 8, 15, 2, '2019-05-01', '19:15:00', 'Indore, Madhya Pradesh, India', '22.7195687', '75.8577258', 1, '3', '', 0, 0, 1, '1', '1', 1, 0, 0, '2019-05-01 18:15:39', '0000-00-00 00:00:00'),
(86, 15, 8, 4, '2019-05-01', '19:16:00', 'Chhoti Gwaltoli, Indore, Madhya Pradesh 452007, India', '22.7171531', '75.8682925', 3, '2.0', '', 0, 0, 1, '1', '1', 1, 0, 0, '2019-05-01 18:16:08', '2019-05-01 18:57:47'),
(87, 8, 16, 2, '2019-05-01', '19:17:00', 'Indore, Madhya Pradesh, India', '22.7195687', '75.8577258', 1, '3', '', 0, 0, 1, '1', '1', 1, 0, 0, '2019-05-01 18:17:06', '0000-00-00 00:00:00'),
(88, 8, 6, 4, '2019-05-01', '19:55:00', 'Chhoti Gwaltoli, Indore, Madhya Pradesh 452007, India', '22.7171531', '75.8682925', 1, '2', '', 0, 0, 1, '1', '1', 1, 0, 0, '2019-05-01 18:55:12', '0000-00-00 00:00:00'),
(89, 8, 16, 4, '2019-05-01', '19:59:00', 'Chhoti Gwaltoli, Indore, Madhya Pradesh 452007, India', '22.7171531', '75.8682925', 1, '23', '', 0, 0, 1, '1', '1', 1, 0, 0, '2019-05-01 18:59:15', '0000-00-00 00:00:00'),
(90, 8, 15, 2, '2019-05-01', '19:59:00', 'Indore, Madhya Pradesh, India', '22.7195687', '75.8577258', 2, '32', '25.0', 1, 1, 1, '1', '1', 1, 0, 0, '2019-05-01 19:00:01', '0000-00-00 00:00:00'),
(91, 15, 8, 4, '2019-05-01', '20:02:00', 'Chhoti Gwaltoli, Indore, Madhya Pradesh 452007, India', '22.7171531', '75.8682925', 4, '23.0', '32', 3, 1, 1, '1', '1', 1, 0, 0, '2019-05-01 19:02:13', '0000-00-00 00:00:00'),
(92, 15, 8, 2, '2019-05-01', '20:08:00', 'Indore, Madhya Pradesh, India', '22.7195687', '75.8577258', 2, '2.0', '', 0, 0, 1, '1', '1', 1, 0, 0, '2019-05-01 19:08:23', '2019-05-01 19:08:32'),
(93, 16, 8, 0, '2019-05-01', '20:11:00', 'Indore, Madhya Pradesh, India', '22.7195687', '75.85772580000003', 2, '14', '25', 1, 1, 1, '1', '1', 1, 0, 0, '2019-05-01 19:11:50', '0000-00-00 00:00:00'),
(94, 16, 15, 0, '2019-05-01', '20:15:00', 'Indore, Madhya Pradesh, India', '22.7195687', '75.85772580000003', 2, '98', '100.0', 1, 1, 1, '1', '1', 1, 0, 0, '2019-05-01 19:15:33', '0000-00-00 00:00:00'),
(95, 8, 16, 4, '2019-05-01', '20:22:00', 'Chhoti Gwaltoli, Indore, Madhya Pradesh 452007, India', '22.7171531', '75.8682925', 4, '300', '350', 3, 1, 1, '1', '1', 1, 0, 0, '2019-05-01 19:23:05', '0000-00-00 00:00:00'),
(96, 8, 16, 4, '2019-05-02', '13:50:00', 'Chhoti Gwaltoli, Indore, Madhya Pradesh 452007, India', '22.7171531', '75.8682925', 1, '25', '', 0, 0, 1, '1', '1', 1, 0, 0, '2019-05-02 12:50:54', '0000-00-00 00:00:00'),
(97, 8, 21, 4, '2019-05-02', '13:53:00', 'Chhoti Gwaltoli, Indore, Madhya Pradesh 452007, India', '22.7171531', '75.8682925', 1, '', '', 0, 0, 2, '1', '1', 1, 0, 0, '2019-05-02 12:54:02', '0000-00-00 00:00:00'),
(98, 8, 21, 2, '2019-05-02', '15:20:00', 'Indore, Madhya Pradesh, India', '22.7195687', '75.8577258', 1, '', '', 0, 0, 2, '1', '1', 1, 0, 0, '2019-05-02 14:20:06', '0000-00-00 00:00:00'),
(99, 8, 16, 2, '2019-05-31', '14:22:00', 'Indore, Madhya Pradesh, India', '22.7195687', '75.8577258', 3, '25', '', 0, 0, 1, '1', '1', 1, 0, 0, '2019-05-02 14:22:15', '2019-05-02 16:41:08'),
(100, 8, 15, 2, '2019-05-02', '17:31:00', 'Indore, Madhya Pradesh, India', '22.7195687', '75.8577258', 1, '250', '', 0, 0, 1, '1', '1', 1, 0, 0, '2019-05-02 14:31:38', '0000-00-00 00:00:00'),
(101, 8, 15, 2, '2019-05-02', '15:46:00', 'Indore, Madhya Pradesh, India', '22.7195687', '75.8577258', 1, '250', '', 0, 0, 1, '1', '1', 1, 0, 0, '2019-05-02 14:46:43', '0000-00-00 00:00:00'),
(102, 8, 21, 4, '2019-05-02', '15:47:00', 'Chhoti Gwaltoli, Indore, Madhya Pradesh 452007, India', '22.7171531', '75.8682925', 1, '', '', 0, 0, 2, '1', '1', 1, 0, 0, '2019-05-02 14:47:11', '0000-00-00 00:00:00'),
(103, 8, 15, 2, '2019-05-02', '16:00:00', 'Indore, Madhya Pradesh, India', '22.7195687', '75.8577258', 2, '20', '25.0', 1, 1, 1, '1', '1', 1, 0, 0, '2019-05-02 15:00:26', '0000-00-00 00:00:00'),
(104, 3, 15, 2, '2019-05-02', '16:04:00', 'Indore, Madhya Pradesh, India', '22.7195687', '75.8577258', 4, '78.0', '', 3, 0, 1, '1', '1', 1, 1, 0, '2019-05-02 15:04:55', '2019-05-02 15:05:25'),
(105, 16, 8, 4, '2019-05-02', '17:34:00', 'Chhoti Gwaltoli, Indore, Madhya Pradesh 452007, India', '22.7171531', '75.8682925', 4, '25', '25.0', 3, 1, 1, '1', '1', 1, 1, 0, '2019-05-02 16:34:16', '0000-00-00 00:00:00'),
(106, 8, 7, 2, '2019-05-15', '14:40:00', 'Indore, Madhya Pradesh, India', '22.7195687', '75.8577258', 1, '250', '25', 0, 1, 1, '1', '1', 1, 0, 0, '2019-05-03 14:41:10', '0000-00-00 00:00:00'),
(107, 8, 7, 2, '2019-05-03', '15:42:00', 'Indore, Madhya Pradesh, India', '22.7195687', '75.8577258', 4, '25', '30', 3, 1, 1, '1', '1', 1, 0, 0, '2019-05-03 14:42:28', '0000-00-00 00:00:00'),
(108, 16, 8, 2, '2019-05-03', '17:02:00', 'Indore, Madhya Pradesh, India', '22.7195687', '75.8577258', 2, '25', '', 0, 0, 1, '1', '1', 1, 0, 0, '2019-05-03 16:02:14', '2019-05-03 16:03:00'),
(109, 16, 15, 4, '2019-05-03', '17:05:00', 'Chhoti Gwaltoli, Indore, Madhya Pradesh 452007, India', '22.7171531', '75.8682925', 2, '25', '', 0, 0, 1, '1', '1', 1, 0, 0, '2019-05-03 16:05:51', '2019-05-03 16:06:24'),
(110, 16, 7, 4, '2019-05-03', '17:07:00', 'Chhoti Gwaltoli, Indore, Madhya Pradesh 452007, India', '22.7171531', '75.8682925', 2, '23', '', 0, 0, 1, '1', '1', 1, 0, 0, '2019-05-03 16:07:41', '2019-05-03 16:07:53'),
(111, 16, 7, 4, '2019-05-03', '17:08:00', 'Chhoti Gwaltoli, Indore, Madhya Pradesh 452007, India', '22.7171531', '75.8682925', 4, '23', '25', 3, 1, 1, '1', '1', 1, 0, 0, '2019-05-03 16:08:37', '0000-00-00 00:00:00'),
(112, 8, 7, 4, '2019-05-03', '17:26:00', 'Chhoti Gwaltoli, Indore, Madhya Pradesh 452007, India', '22.7171531', '75.8682925', 4, '23.0', '', 3, 0, 1, '1', '1', 1, 1, 0, '2019-05-03 16:26:15', '2019-05-03 16:26:39'),
(113, 8, 15, 2, '2019-05-03', '17:39:00', 'Indore, Madhya Pradesh, India', '22.7195687', '75.8577258', 1, '25', '', 0, 0, 1, '1', '1', 1, 0, 0, '2019-05-03 16:39:31', '0000-00-00 00:00:00'),
(114, 8, 20, 2, '2019-05-03', '17:39:00', 'Indore, Madhya Pradesh, India', '22.7195687', '75.8577258', 1, '', '', 0, 0, 2, '1', '1', 1, 0, 0, '2019-05-03 16:39:42', '0000-00-00 00:00:00'),
(115, 8, 21, 2, '2019-05-03', '17:39:00', 'Indore, Madhya Pradesh, India', '22.7195687', '75.8577258', 1, '', '', 0, 0, 2, '1', '1', 1, 0, 0, '2019-05-03 16:39:53', '0000-00-00 00:00:00'),
(116, 8, 3, 2, '2019-05-03', '17:40:00', 'Indore, Madhya Pradesh, India', '22.7195687', '75.8577258', 1, '246', '', 0, 0, 1, '1', '1', 1, 0, 0, '2019-05-03 16:40:14', '0000-00-00 00:00:00'),
(117, 10, 3, 4, '2019-05-09', '17:44:00', 'Chhoti Gwaltoli, Indore, Madhya Pradesh 452007, India', '22.7171531', '75.8682925', 2, '555', '', 0, 0, 1, '1', '1', 1, 0, 0, '2019-05-03 16:44:23', '2019-05-03 18:28:39'),
(118, 10, 6, 4, '2019-05-03', '17:47:00', 'Chhoti Gwaltoli, Indore, Madhya Pradesh 452007, India', '22.7171531', '75.8682925', 4, '44', '', 3, 0, 1, '1', '1', 1, 1, 0, '2019-05-03 16:47:31', '2019-05-07 18:11:24'),
(119, 7, 15, 2, '2019-05-06', '13:24:00', 'Indore, Madhya Pradesh, India', '22.7195687', '75.8577258', 1, '25', '', 0, 0, 1, '1', '1', 1, 0, 0, '2019-05-06 12:26:19', '0000-00-00 00:00:00'),
(120, 21, 17, 4, '2019-05-06', '19:01:00', 'Chhoti Gwaltoli, Indore, Madhya Pradesh 452007, India', '22.7171531', '75.8682925', 2, '', '', 0, 0, 2, '1', '1', 1, 1, 0, '2019-05-06 17:01:53', '2019-05-06 17:02:19'),
(121, 17, 6, 2, '2019-05-06', '18:38:00', 'Indore, Madhya Pradesh, India', '22.7195687', '75.8577258', 1, '25.0', '', 0, 0, 1, '1', '1', 1, 0, 0, '2019-05-06 17:38:24', '0000-00-00 00:00:00'),
(122, 3, 20, 4, '2019-05-06', '18:42:00', 'Chhoti Gwaltoli, Indore, Madhya Pradesh 452007, India', '22.7171531', '75.8682925', 1, '', '', 0, 0, 2, '1', '1', 1, 0, 0, '2019-05-06 17:42:14', '0000-00-00 00:00:00'),
(123, 6, 7, 1, '2019-05-07', '19:23:00', 'Vijay Nagar Square, Ratna Lok Colony, Indore, Madhya Pradesh, India', '22.7508362', '75.8957301', 4, '45646.0', '', 3, 0, 1, '1', '1', 1, 1, 0, '2019-05-07 18:23:55', '2019-05-07 18:25:08'),
(124, 6, 21, 3, '2019-05-09', '12:37:00', 'Indore, Madhya Pradesh, India', '22.7195687', '75.85772580000003', 1, '', '', 0, 0, 2, '1', '1', 1, 0, 0, '2019-05-08 11:37:51', '0000-00-00 00:00:00'),
(125, 16, 8, 0, '2019-05-08', '13:08:00', 'Malviya Nagar, Indore, Madhya Pradesh, India', '22.7426158', '75.89660030000005', 1, '250', '300', 0, 1, 1, '1', '1', 1, 0, 0, '2019-05-08 12:08:51', '0000-00-00 00:00:00'),
(126, 16, 8, 6, '2019-05-08', '13:09:00', 'Indore, Madhya Pradesh, India', '22.7195687', '75.8577258', 1, '100', '', 0, 0, 1, '1', '1', 1, 0, 0, '2019-05-08 12:09:55', '0000-00-00 00:00:00'),
(127, 16, 8, 6, '2019-05-31', '13:10:00', 'Indore, Madhya Pradesh, India', '22.7195687', '75.8577258', 1, '400', '', 0, 0, 1, '1', '1', 1, 0, 0, '2019-05-08 12:10:52', '2019-05-08 12:25:23'),
(128, 8, 16, 1, '2019-05-08', '13:14:00', 'Vijay Nagar Square, Ratna Lok Colony, Indore, Madhya Pradesh, India', '22.7508362', '75.8957301', 1, '280', '', 0, 0, 1, '1', '1', 1, 0, 0, '2019-05-08 12:14:39', '0000-00-00 00:00:00'),
(129, 8, 16, 1, '2019-05-08', '13:14:00', 'Vijay Nagar Square, Ratna Lok Colony, Indore, Madhya Pradesh, India', '22.7508362', '75.8957301', 1, '280', '', 0, 0, 1, '1', '1', 1, 0, 0, '2019-05-08 12:21:38', '0000-00-00 00:00:00'),
(130, 8, 16, 1, '2019-05-08', '13:14:00', 'Vijay Nagar Square, Ratna Lok Colony, Indore, Madhya Pradesh, India', '22.7508362', '75.8957301', 1, '280', '', 0, 0, 1, '1', '1', 1, 0, 0, '2019-05-08 12:22:03', '0000-00-00 00:00:00'),
(131, 8, 16, 1, '2019-05-08', '13:14:00', 'Vijay Nagar Square, Ratna Lok Colony, Indore, Madhya Pradesh, India', '22.7508362', '75.8957301', 1, '280', '', 0, 0, 1, '1', '1', 1, 0, 0, '2019-05-08 12:26:49', '0000-00-00 00:00:00'),
(132, 22, 3, 5, '2019-05-10', '17:13:00', 'Chhoti Gwaltoli, Indore, Madhya Pradesh 452007, India', '22.7171531', '75.8682925', 1, '235.0', '', 0, 0, 1, '1', '1', 1, 0, 0, '2019-05-08 16:13:12', '0000-00-00 00:00:00'),
(133, 11, 9, 0, '2019-05-08', '20:53:00', 'Madrid, Spain', '40.4167754', '-3.7037902', 1, '', '', 0, 0, 2, '1', '1', 1, 0, 0, '2019-05-08 19:53:20', '0000-00-00 00:00:00'),
(134, 11, 14, 0, '2019-05-09', '14:14:00', '502, 503 & 504 Krishna Tower Above ICICI Bank, Main Rd, Brajeshwari Extension, Pipliyahana, Indore, Madhya Pradesh 452016, India', '22.7051382', '75.9090618', 4, '200.0', '250.0', 3, 1, 1, '1', '1', 1, 1, 0, '2019-05-09 13:14:28', '0000-00-00 00:00:00'),
(135, 10, 11, 2, '2019-05-18', '15:40:00', 'Indore, Madhya Pradesh, India', '22.7195687', '75.8577258', 1, '', '', 0, 0, 2, '1', '1', 1, 0, 0, '2019-05-17 11:50:14', '2019-05-17 15:43:44'),
(136, 10, 6, 9, '2019-05-22', '12:44:00', 'Indore, Madhya Pradesh, India', '22.7195687', '75.85772580000003', 4, '50', '', 3, 0, 1, '1', '1', 1, 0, 0, '2019-05-21 11:44:22', '2019-05-21 11:44:37');

-- --------------------------------------------------------

--
-- Table structure for table `bank_account_details`
--

CREATE TABLE `bank_account_details` (
  `bankAccId` int(11) NOT NULL,
  `user_id` int(11) NOT NULL,
  `firstName` varchar(255) NOT NULL,
  `lastName` varchar(255) NOT NULL,
  `dob` date NOT NULL,
  `routingNumber` varchar(255) NOT NULL,
  `accountNumber` varchar(255) NOT NULL,
  `postalCode` varchar(255) NOT NULL,
  `ssnLast` varchar(255) NOT NULL,
  `accountId` varchar(255) NOT NULL,
  `status` tinyint(4) NOT NULL,
  `crd` datetime NOT NULL,
  `upd` datetime NOT NULL
) ENGINE=InnoDB DEFAULT CHARSET=latin1;

--
-- Dumping data for table `bank_account_details`
--

INSERT INTO `bank_account_details` (`bankAccId`, `user_id`, `firstName`, `lastName`, `dob`, `routingNumber`, `accountNumber`, `postalCode`, `ssnLast`, `accountId`, `status`, `crd`, `upd`) VALUES
(1, 6, 'vone', 'sharma', '2006-03-24', '110000000', '000123456789', '12345', '0000', 'acct_1ESfQREUltDo0i7o', 0, '2019-04-24 07:21:50', '0000-00-00 00:00:00'),
(2, 7, 'adv', 'jsjd', '2006-04-24', '110000000', '000123456789', '90210', '1234', 'acct_1EX14jKcZVfeM77s', 0, '2019-05-06 07:17:25', '2019-05-06 07:17:25'),
(3, 8, 'ash', 'hrl', '2006-04-30', '110000000', '000123456789', '90210', '1234', 'acct_1EY9eWLr55JCrCLb', 0, '2019-05-09 10:39:04', '2019-05-09 10:39:04'),
(4, 17, 'narendra', 'Goojer', '2006-04-30', '110000000', '000123456789', '123456', '1234', 'acct_1EUrfZJjhxKFde4u', 0, '2019-04-30 08:50:32', '2019-04-30 08:50:32'),
(5, 16, 'ash', 'hrk', '2006-04-30', '110000000', '000123456789', '90210', '1234', 'acct_1EUsTOEW5f00XeyC', 0, '2019-04-30 09:42:02', '2019-04-30 09:42:02'),
(6, 3, 'vijay', 'sharma', '2006-04-30', '110000000', '000123456789', '12345', '0000', 'acct_1EY87lLGMu7aR4kO', 0, '2019-05-09 09:01:08', '2019-05-09 09:01:08'),
(7, 15, 'as', 'ht', '2006-05-01', '110000000', '000123456789', '90210', '1234', 'acct_1EVE30IzX8BtN1Fc', 0, '2019-05-01 08:44:14', '0000-00-00 00:00:00'),
(8, 11, 'braj', 'sharma', '2006-05-09', '110000000', '000123456789', '90210', '1234', 'acct_1EY6GcIbbbOGybkm', 0, '2019-05-09 12:32:09', '0000-00-00 00:00:00'),
(9, 12, 'dsfgf', 'sdfdsg', '2006-05-09', '110000000', '000123456789', '90210', '1234', 'acct_1EY6jNKK7lodDOTH', 0, '2019-05-09 13:01:53', '0000-00-00 00:00:00'),
(10, 14, 'arvind', 'patidar', '2004-05-09', '110000000', '000123456789', '90210', '1234', 'acct_1EY6uUK16gqvVr5H', 0, '2019-05-09 07:43:21', '0000-00-00 00:00:00'),
(11, 25, 'ash', 'hark', '2006-05-09', '110000000', '000123456789', '90210', '1234', 'acct_1EYByPALuQA3owFZ', 0, '2019-05-09 18:37:45', '0000-00-00 00:00:00'),
(12, 10, 'monika', 'agrawal', '2006-05-10', '110000000', '000123456789', '12345', '0000', 'acct_1EYVqvCW5IjpQ1bY', 0, '2019-05-10 15:51:20', '0000-00-00 00:00:00'),
(14, 19, 'Monika', 'agrawal', '2006-05-15', '', 'ES9121000418450200051332', '', '', 'acct_1EaN4KEmdk6YjtoS', 0, '2019-05-15 18:52:51', '0000-00-00 00:00:00');

-- --------------------------------------------------------

--
-- Table structure for table `business`
--

CREATE TABLE `business` (
  `businessId` int(11) NOT NULL,
  `user_id` int(11) NOT NULL,
  `businessName` varchar(255) CHARACTER SET utf8mb4 COLLATE utf8mb4_bin NOT NULL,
  `businessImage` varchar(255) NOT NULL,
  `businessAddress` varchar(255) NOT NULL,
  `businesslat` varchar(255) NOT NULL,
  `businesslong` varchar(255) NOT NULL,
  `businessSubscriptionStatus` tinyint(4) NOT NULL DEFAULT '0' COMMENT '1:Active,0:NotActive'
) ENGINE=InnoDB DEFAULT CHARSET=latin1;

--
-- Dumping data for table `business`
--

INSERT INTO `business` (`businessId`, `user_id`, `businessName`, `businessImage`, `businessAddress`, `businesslat`, `businesslong`, `businessSubscriptionStatus`) VALUES
(1, 6, 'Flower event', 'lZOmiB2g7HMthRSv.jpeg', 'Vijay Nagar Square, Ratna Lok Colony, Indore, Madhya Pradesh, India', '22.7508362', '75.8957301', 0),
(2, 15, 'ytest', 'VxKpUnzZo8PvG3wI.jpeg', 'Indore, Madhya Pradesh, India', '22.7195687', '75.8577258', 0),
(3, 18, 'Rocker\'s', '2wA8oCOyHrJ5qXim.jpg', 'Indore, Madhya Pradesh, India', '22.7195687', '75.85772580000003', 0),
(4, 21, 'TEST BUS', 'J6YsitSEQqagOX8D.jpeg', 'Chhoti Gwaltoli, Indore, Madhya Pradesh 452007, India', '22.7171531', '75.8682925', 0),
(5, 3, 'Flower business', 'fRGBzgXE9MA6FLWt.jpeg', 'Chhoti Gwaltoli, Indore, Madhya Pradesh 452007, India', '22.7171531', '75.8682925', 0),
(6, 8, 'jack', 'CUDLM9kia7pg0rEw.jpeg', 'Indore, Madhya Pradesh, India', '22.7195687', '75.8577258', 0),
(7, 13, 'mindiii systems', 'M9Xkp8UsLWyD1eCI.jpeg', '502, 503 & 504 Krishna Tower Above ICICI Bank, Main Rd, Brajeshwari Extension, Pipliyahana, Indore, Madhya Pradesh 452016, India', '22.7051382', '75.9090618', 0),
(8, 5, 'MINDIII', 'D12THOZJfxYXhGc7.jpeg', '502, 503 & 504 Krishna Tower Above ICICI Bank, Main Rd, Brajeshwari Extension, Pipliyahana, Indore, Madhya Pradesh 452016, India', '22.7051382', '75.9090618', 0),
(9, 10, 'Motivational class', 'qYMzaPrfFU8NL5T6.jpg', 'Indore, Madhya Pradesh, India', '22.7195687', '75.85772580000003', 0);

-- --------------------------------------------------------

--
-- Table structure for table `companion_member`
--

CREATE TABLE `companion_member` (
  `compId` int(11) NOT NULL,
  `eventMem_Id` int(11) NOT NULL,
  `event_id` int(11) NOT NULL,
  `companionMemId` int(11) NOT NULL,
  `companionMemberStatus` tinyint(4) NOT NULL DEFAULT '0' COMMENT '0:New,1:JoinPayDone,2:JoinPayPending,3:RejectComMem ,4:CancelRequest',
  `status` tinyint(4) NOT NULL DEFAULT '1' COMMENT '1:Active,0:Inactive',
  `upd` datetime NOT NULL
) ENGINE=InnoDB DEFAULT CHARSET=latin1;

--
-- Dumping data for table `companion_member`
--

INSERT INTO `companion_member` (`compId`, `eventMem_Id`, `event_id`, `companionMemId`, `companionMemberStatus`, `status`, `upd`) VALUES
(1, 98, 16, 6, 0, 1, '2019-04-24 18:19:27'),
(2, 93, 15, 6, 0, 1, '2019-04-24 18:21:31'),
(3, 93, 15, 7, 0, 1, '2019-04-24 18:21:31'),
(4, 111, 18, 3, 0, 1, '2019-04-24 18:51:18'),
(5, 123, 22, 10, 4, 1, '2019-04-27 17:37:29'),
(6, 123, 22, 8, 4, 1, '2019-04-27 17:37:29'),
(7, 123, 22, 12, 1, 1, '2019-04-27 18:56:29'),
(8, 123, 22, 4, 4, 1, '2019-04-27 17:37:29'),
(9, 123, 22, 3, 4, 1, '2019-04-27 17:37:29'),
(10, 157, 32, 8, 0, 1, '2019-04-27 18:58:48'),
(11, 157, 32, 4, 0, 1, '2019-04-27 18:58:48'),
(12, 235, 47, 3, 4, 1, '2019-04-30 12:38:40'),
(13, 235, 47, 20, 4, 1, '2019-04-30 12:38:40'),
(14, 235, 47, 6, 2, 1, '2019-04-30 12:47:10'),
(15, 266, 52, 6, 1, 1, '2019-04-30 12:43:41'),
(16, 266, 52, 20, 4, 1, '2019-04-30 12:42:37'),
(17, 266, 52, 19, 4, 1, '2019-04-30 12:42:37'),
(18, 300, 58, 7, 0, 1, '2019-04-30 17:01:01'),
(19, 367, 70, 6, 1, 1, '2019-05-01 16:21:09'),
(20, 237, 47, 7, 2, 1, '2019-05-03 15:46:16'),
(21, 237, 47, 21, 4, 1, '2019-05-03 15:43:51'),
(22, 237, 47, 3, 4, 1, '2019-05-03 15:43:51'),
(23, 512, 94, 16, 1, 1, '2019-05-08 14:51:18'),
(24, 488, 90, 16, 0, 1, '2019-05-08 14:48:09'),
(25, 488, 90, 15, 0, 1, '2019-05-08 14:48:09'),
(26, 609, 114, 17, 0, 1, '2019-05-09 12:45:22'),
(27, 608, 114, 5, 1, 1, '2019-05-09 12:55:14'),
(28, 613, 115, 13, 4, 1, '2019-05-09 13:03:48'),
(29, 613, 115, 11, 4, 1, '2019-05-09 13:03:48'),
(30, 613, 115, 5, 2, 1, '2019-05-09 13:04:24'),
(31, 630, 119, 25, 0, 1, '2019-05-09 14:28:42'),
(33, 632, 120, 24, 1, 1, '2019-05-09 14:45:46'),
(34, 635, 121, 3, 1, 1, '2019-05-10 11:21:32'),
(35, 633, 120, 8, 1, 1, '2019-05-10 16:47:49'),
(36, 643, 122, 25, 1, 1, '2019-05-09 16:11:52'),
(37, 643, 122, 24, 4, 1, '2019-05-09 16:11:07'),
(38, 648, 123, 18, 4, 1, '2019-05-10 11:29:06'),
(39, 648, 123, 23, 4, 1, '2019-05-10 11:29:06'),
(40, 648, 123, 4, 4, 1, '2019-05-10 11:29:06'),
(41, 648, 123, 21, 4, 1, '2019-05-10 11:29:06'),
(42, 648, 123, 8, 4, 1, '2019-05-10 11:29:06'),
(43, 648, 123, 6, 1, 1, '2019-05-10 11:29:47'),
(44, 647, 123, 8, 0, 1, '2019-05-10 12:18:13'),
(45, 647, 123, 15, 0, 1, '2019-05-10 12:18:13'),
(46, 647, 123, 16, 0, 1, '2019-05-10 12:18:13'),
(47, 669, 128, 17, 4, 1, '2019-05-21 15:29:12'),
(48, 669, 128, 8, 4, 1, '2019-05-21 15:29:12'),
(49, 669, 128, 4, 4, 1, '2019-05-21 15:29:12'),
(50, 669, 128, 21, 4, 1, '2019-05-21 15:29:12'),
(51, 669, 128, 18, 4, 1, '2019-05-21 15:29:12'),
(52, 669, 128, 15, 4, 1, '2019-05-21 15:29:12'),
(53, 669, 128, 16, 1, 1, '2019-05-21 15:32:43');

-- --------------------------------------------------------

--
-- Table structure for table `country`
--

CREATE TABLE `country` (
  `id` int(11) NOT NULL,
  `iso` char(2) NOT NULL,
  `name` varchar(80) NOT NULL,
  `nicename` varchar(80) NOT NULL,
  `iso3` char(3) DEFAULT NULL,
  `numcode` smallint(6) DEFAULT NULL,
  `phonecode` int(5) NOT NULL
) ENGINE=MyISAM DEFAULT CHARSET=latin1;

--
-- Dumping data for table `country`
--

INSERT INTO `country` (`id`, `iso`, `name`, `nicename`, `iso3`, `numcode`, `phonecode`) VALUES
(1, 'AF', 'AFGHANISTAN', 'Afghanistan', 'AFG', 4, 93),
(2, 'AL', 'ALBANIA', 'Albania', 'ALB', 8, 355),
(3, 'DZ', 'ALGERIA', 'Algeria', 'DZA', 12, 213),
(4, 'AS', 'AMERICAN SAMOA', 'American Samoa', 'ASM', 16, 1684),
(5, 'AD', 'ANDORRA', 'Andorra', 'AND', 20, 376),
(6, 'AO', 'ANGOLA', 'Angola', 'AGO', 24, 244),
(7, 'AI', 'ANGUILLA', 'Anguilla', 'AIA', 660, 1264),
(8, 'AQ', 'ANTARCTICA', 'Antarctica', NULL, NULL, 0),
(9, 'AG', 'ANTIGUA AND BARBUDA', 'Antigua and Barbuda', 'ATG', 28, 1268),
(10, 'AR', 'ARGENTINA', 'Argentina', 'ARG', 32, 54),
(11, 'AM', 'ARMENIA', 'Armenia', 'ARM', 51, 374),
(12, 'AW', 'ARUBA', 'Aruba', 'ABW', 533, 297),
(13, 'AU', 'AUSTRALIA', 'Australia', 'AUS', 36, 61),
(14, 'AT', 'AUSTRIA', 'Austria', 'AUT', 40, 43),
(15, 'AZ', 'AZERBAIJAN', 'Azerbaijan', 'AZE', 31, 994),
(16, 'BS', 'BAHAMAS', 'Bahamas', 'BHS', 44, 1242),
(17, 'BH', 'BAHRAIN', 'Bahrain', 'BHR', 48, 973),
(18, 'BD', 'BANGLADESH', 'Bangladesh', 'BGD', 50, 880),
(19, 'BB', 'BARBADOS', 'Barbados', 'BRB', 52, 1246),
(20, 'BY', 'BELARUS', 'Belarus', 'BLR', 112, 375),
(21, 'BE', 'BELGIUM', 'Belgium', 'BEL', 56, 32),
(22, 'BZ', 'BELIZE', 'Belize', 'BLZ', 84, 501),
(23, 'BJ', 'BENIN', 'Benin', 'BEN', 204, 229),
(24, 'BM', 'BERMUDA', 'Bermuda', 'BMU', 60, 1441),
(25, 'BT', 'BHUTAN', 'Bhutan', 'BTN', 64, 975),
(26, 'BO', 'BOLIVIA', 'Bolivia', 'BOL', 68, 591),
(27, 'BA', 'BOSNIA AND HERZEGOVINA', 'Bosnia and Herzegovina', 'BIH', 70, 387),
(28, 'BW', 'BOTSWANA', 'Botswana', 'BWA', 72, 267),
(29, 'BV', 'BOUVET ISLAND', 'Bouvet Island', NULL, NULL, 0),
(30, 'BR', 'BRAZIL', 'Brazil', 'BRA', 76, 55),
(31, 'IO', 'BRITISH INDIAN OCEAN TERRITORY', 'British Indian Ocean Territory', NULL, NULL, 246),
(32, 'BN', 'BRUNEI DARUSSALAM', 'Brunei Darussalam', 'BRN', 96, 673),
(33, 'BG', 'BULGARIA', 'Bulgaria', 'BGR', 100, 359),
(34, 'BF', 'BURKINA FASO', 'Burkina Faso', 'BFA', 854, 226),
(35, 'BI', 'BURUNDI', 'Burundi', 'BDI', 108, 257),
(36, 'KH', 'CAMBODIA', 'Cambodia', 'KHM', 116, 855),
(37, 'CM', 'CAMEROON', 'Cameroon', 'CMR', 120, 237),
(38, 'CA', 'CANADA', 'Canada', 'CAN', 124, 1),
(39, 'CV', 'CAPE VERDE', 'Cape Verde', 'CPV', 132, 238),
(40, 'KY', 'CAYMAN ISLANDS', 'Cayman Islands', 'CYM', 136, 1345),
(41, 'CF', 'CENTRAL AFRICAN REPUBLIC', 'Central African Republic', 'CAF', 140, 236),
(42, 'TD', 'CHAD', 'Chad', 'TCD', 148, 235),
(43, 'CL', 'CHILE', 'Chile', 'CHL', 152, 56),
(44, 'CN', 'CHINA', 'China', 'CHN', 156, 86),
(45, 'CX', 'CHRISTMAS ISLAND', 'Christmas Island', NULL, NULL, 61),
(46, 'CC', 'COCOS (KEELING) ISLANDS', 'Cocos (Keeling) Islands', NULL, NULL, 672),
(47, 'CO', 'COLOMBIA', 'Colombia', 'COL', 170, 57),
(48, 'KM', 'COMOROS', 'Comoros', 'COM', 174, 269),
(49, 'CG', 'CONGO', 'Congo', 'COG', 178, 242),
(50, 'CD', 'CONGO, THE DEMOCRATIC REPUBLIC OF THE', 'Congo, the Democratic Republic of the', 'COD', 180, 242),
(51, 'CK', 'COOK ISLANDS', 'Cook Islands', 'COK', 184, 682),
(52, 'CR', 'COSTA RICA', 'Costa Rica', 'CRI', 188, 506),
(53, 'CI', 'COTE D\'IVOIRE', 'Cote D\'Ivoire', 'CIV', 384, 225),
(54, 'HR', 'CROATIA', 'Croatia', 'HRV', 191, 385),
(55, 'CU', 'CUBA', 'Cuba', 'CUB', 192, 53),
(56, 'CY', 'CYPRUS', 'Cyprus', 'CYP', 196, 357),
(57, 'CZ', 'CZECH REPUBLIC', 'Czech Republic', 'CZE', 203, 420),
(58, 'DK', 'DENMARK', 'Denmark', 'DNK', 208, 45),
(59, 'DJ', 'DJIBOUTI', 'Djibouti', 'DJI', 262, 253),
(60, 'DM', 'DOMINICA', 'Dominica', 'DMA', 212, 1767),
(61, 'DO', 'DOMINICAN REPUBLIC', 'Dominican Republic', 'DOM', 214, 1809),
(62, 'EC', 'ECUADOR', 'Ecuador', 'ECU', 218, 593),
(63, 'EG', 'EGYPT', 'Egypt', 'EGY', 818, 20),
(64, 'SV', 'EL SALVADOR', 'El Salvador', 'SLV', 222, 503),
(65, 'GQ', 'EQUATORIAL GUINEA', 'Equatorial Guinea', 'GNQ', 226, 240),
(66, 'ER', 'ERITREA', 'Eritrea', 'ERI', 232, 291),
(67, 'EE', 'ESTONIA', 'Estonia', 'EST', 233, 372),
(68, 'ET', 'ETHIOPIA', 'Ethiopia', 'ETH', 231, 251),
(69, 'FK', 'FALKLAND ISLANDS (MALVINAS)', 'Falkland Islands (Malvinas)', 'FLK', 238, 500),
(70, 'FO', 'FAROE ISLANDS', 'Faroe Islands', 'FRO', 234, 298),
(71, 'FJ', 'FIJI', 'Fiji', 'FJI', 242, 679),
(72, 'FI', 'FINLAND', 'Finland', 'FIN', 246, 358),
(73, 'FR', 'FRANCE', 'France', 'FRA', 250, 33),
(74, 'GF', 'FRENCH GUIANA', 'French Guiana', 'GUF', 254, 594),
(75, 'PF', 'FRENCH POLYNESIA', 'French Polynesia', 'PYF', 258, 689),
(76, 'TF', 'FRENCH SOUTHERN TERRITORIES', 'French Southern Territories', NULL, NULL, 0),
(77, 'GA', 'GABON', 'Gabon', 'GAB', 266, 241),
(78, 'GM', 'GAMBIA', 'Gambia', 'GMB', 270, 220),
(79, 'GE', 'GEORGIA', 'Georgia', 'GEO', 268, 995),
(80, 'DE', 'GERMANY', 'Germany', 'DEU', 276, 49),
(81, 'GH', 'GHANA', 'Ghana', 'GHA', 288, 233),
(82, 'GI', 'GIBRALTAR', 'Gibraltar', 'GIB', 292, 350),
(83, 'GR', 'GREECE', 'Greece', 'GRC', 300, 30),
(84, 'GL', 'GREENLAND', 'Greenland', 'GRL', 304, 299),
(85, 'GD', 'GRENADA', 'Grenada', 'GRD', 308, 1473),
(86, 'GP', 'GUADELOUPE', 'Guadeloupe', 'GLP', 312, 590),
(87, 'GU', 'GUAM', 'Guam', 'GUM', 316, 1671),
(88, 'GT', 'GUATEMALA', 'Guatemala', 'GTM', 320, 502),
(89, 'GN', 'GUINEA', 'Guinea', 'GIN', 324, 224),
(90, 'GW', 'GUINEA-BISSAU', 'Guinea-Bissau', 'GNB', 624, 245),
(91, 'GY', 'GUYANA', 'Guyana', 'GUY', 328, 592),
(92, 'HT', 'HAITI', 'Haiti', 'HTI', 332, 509),
(93, 'HM', 'HEARD ISLAND AND MCDONALD ISLANDS', 'Heard Island and Mcdonald Islands', NULL, NULL, 0),
(94, 'VA', 'HOLY SEE (VATICAN CITY STATE)', 'Holy See (Vatican City State)', 'VAT', 336, 39),
(95, 'HN', 'HONDURAS', 'Honduras', 'HND', 340, 504),
(96, 'HK', 'HONG KONG', 'Hong Kong', 'HKG', 344, 852),
(97, 'HU', 'HUNGARY', 'Hungary', 'HUN', 348, 36),
(98, 'IS', 'ICELAND', 'Iceland', 'ISL', 352, 354),
(99, 'IN', 'INDIA', 'India', 'IND', 356, 91),
(100, 'ID', 'INDONESIA', 'Indonesia', 'IDN', 360, 62),
(101, 'IR', 'IRAN, ISLAMIC REPUBLIC OF', 'Iran, Islamic Republic of', 'IRN', 364, 98),
(102, 'IQ', 'IRAQ', 'Iraq', 'IRQ', 368, 964),
(103, 'IE', 'IRELAND', 'Ireland', 'IRL', 372, 353),
(104, 'IL', 'ISRAEL', 'Israel', 'ISR', 376, 972),
(105, 'IT', 'ITALY', 'Italy', 'ITA', 380, 39),
(106, 'JM', 'JAMAICA', 'Jamaica', 'JAM', 388, 1876),
(107, 'JP', 'JAPAN', 'Japan', 'JPN', 392, 81),
(108, 'JO', 'JORDAN', 'Jordan', 'JOR', 400, 962),
(109, 'KZ', 'KAZAKHSTAN', 'Kazakhstan', 'KAZ', 398, 7),
(110, 'KE', 'KENYA', 'Kenya', 'KEN', 404, 254),
(111, 'KI', 'KIRIBATI', 'Kiribati', 'KIR', 296, 686),
(112, 'KP', 'KOREA, DEMOCRATIC PEOPLE\'S REPUBLIC OF', 'Korea, Democratic People\'s Republic of', 'PRK', 408, 850),
(113, 'KR', 'KOREA, REPUBLIC OF', 'Korea, Republic of', 'KOR', 410, 82),
(114, 'KW', 'KUWAIT', 'Kuwait', 'KWT', 414, 965),
(115, 'KG', 'KYRGYZSTAN', 'Kyrgyzstan', 'KGZ', 417, 996),
(116, 'LA', 'LAO PEOPLE\'S DEMOCRATIC REPUBLIC', 'Lao People\'s Democratic Republic', 'LAO', 418, 856),
(117, 'LV', 'LATVIA', 'Latvia', 'LVA', 428, 371),
(118, 'LB', 'LEBANON', 'Lebanon', 'LBN', 422, 961),
(119, 'LS', 'LESOTHO', 'Lesotho', 'LSO', 426, 266),
(120, 'LR', 'LIBERIA', 'Liberia', 'LBR', 430, 231),
(121, 'LY', 'LIBYAN ARAB JAMAHIRIYA', 'Libyan Arab Jamahiriya', 'LBY', 434, 218),
(122, 'LI', 'LIECHTENSTEIN', 'Liechtenstein', 'LIE', 438, 423),
(123, 'LT', 'LITHUANIA', 'Lithuania', 'LTU', 440, 370),
(124, 'LU', 'LUXEMBOURG', 'Luxembourg', 'LUX', 442, 352),
(125, 'MO', 'MACAO', 'Macao', 'MAC', 446, 853),
(126, 'MK', 'MACEDONIA, THE FORMER YUGOSLAV REPUBLIC OF', 'Macedonia, the Former Yugoslav Republic of', 'MKD', 807, 389),
(127, 'MG', 'MADAGASCAR', 'Madagascar', 'MDG', 450, 261),
(128, 'MW', 'MALAWI', 'Malawi', 'MWI', 454, 265),
(129, 'MY', 'MALAYSIA', 'Malaysia', 'MYS', 458, 60),
(130, 'MV', 'MALDIVES', 'Maldives', 'MDV', 462, 960),
(131, 'ML', 'MALI', 'Mali', 'MLI', 466, 223),
(132, 'MT', 'MALTA', 'Malta', 'MLT', 470, 356),
(133, 'MH', 'MARSHALL ISLANDS', 'Marshall Islands', 'MHL', 584, 692),
(134, 'MQ', 'MARTINIQUE', 'Martinique', 'MTQ', 474, 596),
(135, 'MR', 'MAURITANIA', 'Mauritania', 'MRT', 478, 222),
(136, 'MU', 'MAURITIUS', 'Mauritius', 'MUS', 480, 230),
(137, 'YT', 'MAYOTTE', 'Mayotte', NULL, NULL, 269),
(138, 'MX', 'MEXICO', 'Mexico', 'MEX', 484, 52),
(139, 'FM', 'MICRONESIA, FEDERATED STATES OF', 'Micronesia, Federated States of', 'FSM', 583, 691),
(140, 'MD', 'MOLDOVA, REPUBLIC OF', 'Moldova, Republic of', 'MDA', 498, 373),
(141, 'MC', 'MONACO', 'Monaco', 'MCO', 492, 377),
(142, 'MN', 'MONGOLIA', 'Mongolia', 'MNG', 496, 976),
(143, 'MS', 'MONTSERRAT', 'Montserrat', 'MSR', 500, 1664),
(144, 'MA', 'MOROCCO', 'Morocco', 'MAR', 504, 212),
(145, 'MZ', 'MOZAMBIQUE', 'Mozambique', 'MOZ', 508, 258),
(146, 'MM', 'MYANMAR', 'Myanmar', 'MMR', 104, 95),
(147, 'NA', 'NAMIBIA', 'Namibia', 'NAM', 516, 264),
(148, 'NR', 'NAURU', 'Nauru', 'NRU', 520, 674),
(149, 'NP', 'NEPAL', 'Nepal', 'NPL', 524, 977),
(150, 'NL', 'NETHERLANDS', 'Netherlands', 'NLD', 528, 31),
(151, 'AN', 'NETHERLANDS ANTILLES', 'Netherlands Antilles', 'ANT', 530, 599),
(152, 'NC', 'NEW CALEDONIA', 'New Caledonia', 'NCL', 540, 687),
(153, 'NZ', 'NEW ZEALAND', 'New Zealand', 'NZL', 554, 64),
(154, 'NI', 'NICARAGUA', 'Nicaragua', 'NIC', 558, 505),
(155, 'NE', 'NIGER', 'Niger', 'NER', 562, 227),
(156, 'NG', 'NIGERIA', 'Nigeria', 'NGA', 566, 234),
(157, 'NU', 'NIUE', 'Niue', 'NIU', 570, 683),
(158, 'NF', 'NORFOLK ISLAND', 'Norfolk Island', 'NFK', 574, 672),
(159, 'MP', 'NORTHERN MARIANA ISLANDS', 'Northern Mariana Islands', 'MNP', 580, 1670),
(160, 'NO', 'NORWAY', 'Norway', 'NOR', 578, 47),
(161, 'OM', 'OMAN', 'Oman', 'OMN', 512, 968),
(162, 'PK', 'PAKISTAN', 'Pakistan', 'PAK', 586, 92),
(163, 'PW', 'PALAU', 'Palau', 'PLW', 585, 680),
(164, 'PS', 'PALESTINIAN TERRITORY, OCCUPIED', 'Palestinian Territory, Occupied', NULL, NULL, 970),
(165, 'PA', 'PANAMA', 'Panama', 'PAN', 591, 507),
(166, 'PG', 'PAPUA NEW GUINEA', 'Papua New Guinea', 'PNG', 598, 675),
(167, 'PY', 'PARAGUAY', 'Paraguay', 'PRY', 600, 595),
(168, 'PE', 'PERU', 'Peru', 'PER', 604, 51),
(169, 'PH', 'PHILIPPINES', 'Philippines', 'PHL', 608, 63),
(170, 'PN', 'PITCAIRN', 'Pitcairn', 'PCN', 612, 0),
(171, 'PL', 'POLAND', 'Poland', 'POL', 616, 48),
(172, 'PT', 'PORTUGAL', 'Portugal', 'PRT', 620, 351),
(173, 'PR', 'PUERTO RICO', 'Puerto Rico', 'PRI', 630, 1787),
(174, 'QA', 'QATAR', 'Qatar', 'QAT', 634, 974),
(175, 'RE', 'REUNION', 'Reunion', 'REU', 638, 262),
(176, 'RO', 'ROMANIA', 'Romania', 'ROM', 642, 40),
(177, 'RU', 'RUSSIAN FEDERATION', 'Russian Federation', 'RUS', 643, 70),
(178, 'RW', 'RWANDA', 'Rwanda', 'RWA', 646, 250),
(179, 'SH', 'SAINT HELENA', 'Saint Helena', 'SHN', 654, 290),
(180, 'KN', 'SAINT KITTS AND NEVIS', 'Saint Kitts and Nevis', 'KNA', 659, 1869),
(181, 'LC', 'SAINT LUCIA', 'Saint Lucia', 'LCA', 662, 1758),
(182, 'PM', 'SAINT PIERRE AND MIQUELON', 'Saint Pierre and Miquelon', 'SPM', 666, 508),
(183, 'VC', 'SAINT VINCENT AND THE GRENADINES', 'Saint Vincent and the Grenadines', 'VCT', 670, 1784),
(184, 'WS', 'SAMOA', 'Samoa', 'WSM', 882, 684),
(185, 'SM', 'SAN MARINO', 'San Marino', 'SMR', 674, 378),
(186, 'ST', 'SAO TOME AND PRINCIPE', 'Sao Tome and Principe', 'STP', 678, 239),
(187, 'SA', 'SAUDI ARABIA', 'Saudi Arabia', 'SAU', 682, 966),
(188, 'SN', 'SENEGAL', 'Senegal', 'SEN', 686, 221),
(189, 'CS', 'SERBIA AND MONTENEGRO', 'Serbia and Montenegro', NULL, NULL, 381),
(190, 'SC', 'SEYCHELLES', 'Seychelles', 'SYC', 690, 248),
(191, 'SL', 'SIERRA LEONE', 'Sierra Leone', 'SLE', 694, 232),
(192, 'SG', 'SINGAPORE', 'Singapore', 'SGP', 702, 65),
(193, 'SK', 'SLOVAKIA', 'Slovakia', 'SVK', 703, 421),
(194, 'SI', 'SLOVENIA', 'Slovenia', 'SVN', 705, 386),
(195, 'SB', 'SOLOMON ISLANDS', 'Solomon Islands', 'SLB', 90, 677),
(196, 'SO', 'SOMALIA', 'Somalia', 'SOM', 706, 252),
(197, 'ZA', 'SOUTH AFRICA', 'South Africa', 'ZAF', 710, 27),
(198, 'GS', 'SOUTH GEORGIA AND THE SOUTH SANDWICH ISLANDS', 'South Georgia and the South Sandwich Islands', NULL, NULL, 0),
(199, 'ES', 'SPAIN', 'Spain', 'ESP', 724, 34),
(200, 'LK', 'SRI LANKA', 'Sri Lanka', 'LKA', 144, 94),
(201, 'SD', 'SUDAN', 'Sudan', 'SDN', 736, 249),
(202, 'SR', 'SURINAME', 'Suriname', 'SUR', 740, 597),
(203, 'SJ', 'SVALBARD AND JAN MAYEN', 'Svalbard and Jan Mayen', 'SJM', 744, 47),
(204, 'SZ', 'SWAZILAND', 'Swaziland', 'SWZ', 748, 268),
(205, 'SE', 'SWEDEN', 'Sweden', 'SWE', 752, 46),
(206, 'CH', 'SWITZERLAND', 'Switzerland', 'CHE', 756, 41),
(207, 'SY', 'SYRIAN ARAB REPUBLIC', 'Syrian Arab Republic', 'SYR', 760, 963),
(208, 'TW', 'TAIWAN, PROVINCE OF CHINA', 'Taiwan, Province of China', 'TWN', 158, 886),
(209, 'TJ', 'TAJIKISTAN', 'Tajikistan', 'TJK', 762, 992),
(210, 'TZ', 'TANZANIA, UNITED REPUBLIC OF', 'Tanzania, United Republic of', 'TZA', 834, 255),
(211, 'TH', 'THAILAND', 'Thailand', 'THA', 764, 66),
(212, 'TL', 'TIMOR-LESTE', 'Timor-Leste', NULL, NULL, 670),
(213, 'TG', 'TOGO', 'Togo', 'TGO', 768, 228),
(214, 'TK', 'TOKELAU', 'Tokelau', 'TKL', 772, 690),
(215, 'TO', 'TONGA', 'Tonga', 'TON', 776, 676),
(216, 'TT', 'TRINIDAD AND TOBAGO', 'Trinidad and Tobago', 'TTO', 780, 1868),
(217, 'TN', 'TUNISIA', 'Tunisia', 'TUN', 788, 216),
(218, 'TR', 'TURKEY', 'Turkey', 'TUR', 792, 90),
(219, 'TM', 'TURKMENISTAN', 'Turkmenistan', 'TKM', 795, 7370),
(220, 'TC', 'TURKS AND CAICOS ISLANDS', 'Turks and Caicos Islands', 'TCA', 796, 1649),
(221, 'TV', 'TUVALU', 'Tuvalu', 'TUV', 798, 688),
(222, 'UG', 'UGANDA', 'Uganda', 'UGA', 800, 256),
(223, 'UA', 'UKRAINE', 'Ukraine', 'UKR', 804, 380),
(224, 'AE', 'UNITED ARAB EMIRATES', 'United Arab Emirates', 'ARE', 784, 971),
(225, 'GB', 'UNITED KINGDOM', 'United Kingdom', 'GBR', 826, 44),
(226, 'US', 'UNITED STATES', 'United States', 'USA', 840, 1),
(227, 'UM', 'UNITED STATES MINOR OUTLYING ISLANDS', 'United States Minor Outlying Islands', NULL, NULL, 1),
(228, 'UY', 'URUGUAY', 'Uruguay', 'URY', 858, 598),
(229, 'UZ', 'UZBEKISTAN', 'Uzbekistan', 'UZB', 860, 998),
(230, 'VU', 'VANUATU', 'Vanuatu', 'VUT', 548, 678),
(231, 'VE', 'VENEZUELA', 'Venezuela', 'VEN', 862, 58),
(232, 'VN', 'VIET NAM', 'Viet Nam', 'VNM', 704, 84),
(233, 'VG', 'VIRGIN ISLANDS, BRITISH', 'Virgin Islands, British', 'VGB', 92, 1284),
(234, 'VI', 'VIRGIN ISLANDS, U.S.', 'Virgin Islands, U.s.', 'VIR', 850, 1340),
(235, 'WF', 'WALLIS AND FUTUNA', 'Wallis and Futuna', 'WLF', 876, 681),
(236, 'EH', 'WESTERN SAHARA', 'Western Sahara', 'ESH', 732, 212),
(237, 'YE', 'YEMEN', 'Yemen', 'YEM', 887, 967),
(238, 'ZM', 'ZAMBIA', 'Zambia', 'ZMB', 894, 260),
(239, 'ZW', 'ZIMBABWE', 'Zimbabwe', 'ZWE', 716, 263);

-- --------------------------------------------------------

--
-- Table structure for table `educations`
--

CREATE TABLE `educations` (
  `eduId` int(11) NOT NULL,
  `education` varchar(255) NOT NULL,
  `eduInSpanish` varchar(255) CHARACTER SET utf8 NOT NULL,
  `status` tinyint(4) NOT NULL DEFAULT '1' COMMENT '1:Active,0:Inactive',
  `crd` datetime NOT NULL,
  `upd` datetime NOT NULL
) ENGINE=InnoDB DEFAULT CHARSET=latin1;

--
-- Dumping data for table `educations`
--

INSERT INTO `educations` (`eduId`, `education`, `eduInSpanish`, `status`, `crd`, `upd`) VALUES
(1, 'MBA', 'MBA', 1, '2018-09-18 00:00:00', '2018-09-18 00:00:00'),
(2, 'MCA', 'MCA', 1, '2018-09-18 00:00:00', '2018-09-18 00:00:00'),
(3, 'M.Tec', 'M.Tec', 1, '2018-09-18 00:00:00', '2018-09-18 00:00:00'),
(4, 'BCA', 'BCA', 1, '2018-09-18 00:00:00', '2018-09-18 00:00:00'),
(5, 'BE', 'SER', 1, '2018-09-18 00:00:00', '2018-09-18 00:00:00'),
(6, 'MSC', 'MSC', 1, '2018-09-18 00:00:00', '2018-09-18 00:00:00'),
(7, 'M.COM', 'M.COM', 1, '2018-09-18 00:00:00', '2018-09-18 00:00:00'),
(8, 'B.COM', 'B.COM', 1, '2018-09-18 00:00:00', '2018-09-18 00:00:00'),
(9, 'BSC', 'BSC', 1, '2018-09-18 00:00:00', '2018-09-18 00:00:00'),
(10, 'BBA', 'BBA', 1, '2018-09-18 00:00:00', '2018-09-18 00:00:00');

-- --------------------------------------------------------

--
-- Table structure for table `events`
--

CREATE TABLE `events` (
  `eventId` int(11) NOT NULL,
  `eventName` varchar(100) CHARACTER SET utf8mb4 COLLATE utf8mb4_bin NOT NULL,
  `eventOrganizer` int(11) NOT NULL,
  `business_id` int(11) NOT NULL,
  `eventStartDate` datetime NOT NULL,
  `eventEndDate` datetime NOT NULL,
  `eventPlace` text CHARACTER SET utf8 NOT NULL,
  `eventLatitude` float NOT NULL,
  `eventLongitude` float NOT NULL,
  `privacy` tinyint(4) NOT NULL COMMENT '1:Public,2:Private',
  `payment` tinyint(4) NOT NULL COMMENT '1:Paid,2:Free',
  `eventAmount` varchar(255) NOT NULL,
  `currencySymbol` varchar(20) CHARACTER SET utf8mb4 COLLATE utf8mb4_bin NOT NULL,
  `currencyCode` varchar(255) NOT NULL,
  `userLimit` int(11) NOT NULL,
  `eventUserType` varchar(50) NOT NULL DEFAULT '4' COMMENT '1:Male,2:Female,3:Transgender,4:All',
  `groupChat` tinyint(4) NOT NULL COMMENT '1:Yes,0:No',
  `status` tinyint(4) NOT NULL DEFAULT '1' COMMENT '1:Active,0:Inactive',
  `crd` datetime NOT NULL,
  `upd` datetime NOT NULL
) ENGINE=InnoDB DEFAULT CHARSET=latin1;

--
-- Dumping data for table `events`
--

INSERT INTO `events` (`eventId`, `eventName`, `eventOrganizer`, `business_id`, `eventStartDate`, `eventEndDate`, `eventPlace`, `eventLatitude`, `eventLongitude`, `privacy`, `payment`, `eventAmount`, `currencySymbol`, `currencyCode`, `userLimit`, `eventUserType`, `groupChat`, `status`, `crd`, `upd`) VALUES
(13, 'sea event', 3, 0, '2019-04-26 20:00:00', '2019-04-26 20:30:00', 'Vijay Nagar, Indore, Madhya Pradesh 452010, India', 22.7533, 75.8937, 1, 2, '', '', '', 23, '1,2', 1, 1, '2019-04-23 20:44:33', '0000-00-00 00:00:00'),
(14, 'END_GAME', 8, 0, '2019-04-24 20:00:00', '2019-04-30 20:30:00', 'Indore Railway Station, Nehru Park Road, Vallabh Nagar, Indore, Madhya Pradesh, India', 22.7172, 75.8684, 1, 2, '', '', '', 12, '1,2,3', 1, 1, '2019-04-24 13:06:43', '0000-00-00 00:00:00'),
(15, 'Event', 9, 0, '2019-04-24 20:00:00', '2019-04-24 20:38:00', 'Madrid, Espaa', 40.4168, -3.70379, 1, 2, '', '', '', 20, '1,2,3', 1, 1, '2019-04-24 14:06:11', '0000-00-00 00:00:00'),
(16, 'End##', 7, 0, '2019-04-24 20:00:00', '2019-04-30 14:29:00', 'Indore, Madhya Pradesh, India', 22.7196, 75.8577, 1, 2, '', '', '', 10, '1,2,3', 1, 1, '2019-04-24 14:29:56', '2019-04-24 14:30:46'),
(17, 'Party event', 3, 0, '2019-04-25 20:00:00', '2019-04-25 20:30:00', 'Khajrana Square, Ganeshpuri, Khajrana, Indore, Madhya Pradesh, India', 22.7316, 75.9021, 1, 2, '', '', '', 67, '1,2,3', 1, 1, '2019-04-24 18:27:53', '0000-00-00 00:00:00'),
(18, 'Test', 10, 0, '2019-04-30 20:00:00', '2019-04-30 20:30:00', 'Indore, Madhya Pradesh, India', 22.7196, 75.8577, 1, 2, '', '', '', 3, '1,2', 1, 1, '2019-04-24 18:45:44', '2019-04-24 18:50:15'),
(19, 'Shari event', 6, 0, '2019-04-25 20:00:00', '2019-04-25 20:30:00', '7, Nehru Park Rd, Vallabh Nagar, Indore, Madhya Pradesh 452003, India', 22.7172, 75.8684, 1, 2, '', '', '', 45, '1,2,3', 1, 1, '2019-04-24 18:52:28', '0000-00-00 00:00:00'),
(20, 'one', 10, 0, '2019-04-29 20:00:00', '2019-04-29 20:30:00', 'Indore, Madhya Pradesh, India', 22.7196, 75.8577, 1, 2, '', '', '', 4, '1,2', 1, 1, '2019-04-24 18:56:11', '0000-00-00 00:00:00'),
(21, 'Car event', 3, 0, '2019-04-28 20:00:00', '2019-04-28 21:30:00', 'Indore, Madhya Pradesh, India', 22.7196, 75.8577, 1, 2, '', '', '', 2, '1,2', 1, 1, '2019-04-24 18:58:15', '2019-04-24 18:59:18'),
(22, 'Summer party ', 11, 0, '2019-04-27 20:00:00', '2019-04-27 20:30:00', '502, 503 & 504 Krishna Tower Above ICICI Bank, Main Rd, Brajeshwari Extension, Pipliyahana, Indore, Madhya Pradesh 452016, India', 22.7051, 75.9091, 1, 2, '', '', '', 20, '1,2,3', 1, 1, '2019-04-26 22:38:16', '0000-00-00 00:00:00'),
(23, 'Test event ', 11, 0, '2019-04-27 20:00:00', '2099-04-27 20:30:00', '502, 503 & 504 Krishna Tower Above ICICI Bank, Main Rd, Brajeshwari Extension, Pipliyahana, Indore, Madhya Pradesh 452016, India', 22.7051, 75.9091, 1, 2, '', '', '', 20, '1,2,3', 1, 1, '2019-04-27 13:15:30', '0000-00-00 00:00:00'),
(24, 'Mindiii test', 4, 0, '2019-04-27 20:00:00', '2019-04-27 21:30:00', 'Vijay Nagar, Indore, Madhya Pradesh 452010, India', 22.7533, 75.8937, 1, 2, '', '', '', 3, '1,2,3', 1, 1, '2019-04-27 15:02:14', '0000-00-00 00:00:00'),
(25, 'Test event', 5, 0, '2019-04-28 20:00:00', '2019-04-29 20:30:00', 'Sunview Road, Shramik Kunj, Sector 66, Noida, Uttar Pradesh 201307, India', 28.6076, 77.3748, 1, 2, '', '', '', 5, '1,2,3', 1, 1, '2019-04-27 15:10:44', '2019-04-27 15:16:53'),
(26, 'Event image testing', 4, 0, '2019-04-27 20:00:00', '2019-04-27 20:30:00', 'New Palasia, Indore, Madhya Pradesh 452001, India', 22.7244, 75.8839, 1, 2, '', '', '', 5, '1,2,3', 1, 1, '2019-04-27 15:16:30', '0000-00-00 00:00:00'),
(27, 'Old days celebration ', 13, 0, '2019-04-27 20:00:00', '2019-05-01 20:30:00', '502, 503 & 504 Krishna Tower Above ICICI Bank, Main Rd, Brajeshwari Extension, Pipliyahana, Indore, Madhya Pradesh 452016, India', 22.7051, 75.9091, 1, 2, '', '', '', 3, '1', 1, 1, '2019-04-27 18:04:59', '0000-00-00 00:00:00'),
(28, 'Camera event ', 11, 0, '2019-04-27 20:00:00', '2019-04-27 20:30:00', '502, 503 & 504 Krishna Tower Above ICICI Bank, Main Rd, Brajeshwari Extension, Pipliyahana, Indore, Madhya Pradesh 452016, India', 22.7051, 75.9091, 1, 2, '', '', '', 2, '1,2,3', 1, 1, '2019-04-27 18:05:26', '0000-00-00 00:00:00'),
(29, 'Birthday', 5, 0, '2019-04-28 20:00:00', '2019-04-28 21:30:00', 'H/1 , Scheme No.54, Scemen No 54, Vijay Nagar, Indore, Madhya Pradesh 452010, India', 22.7559, 75.8889, 1, 2, '', '', '', 3, '1,2,3', 1, 1, '2019-04-27 18:06:31', '2019-04-27 18:09:09'),
(30, 'Notification ', 13, 0, '2019-04-27 20:00:00', '2019-05-02 20:30:00', 'Vijay Nagar, Indore, Madhya Pradesh 452010, India', 22.7533, 75.8937, 1, 2, '', '', '', 9, '1,2,3', 1, 1, '2019-04-27 18:14:15', '0000-00-00 00:00:00'),
(31, 'Notifications test ', 11, 0, '2019-04-27 20:00:00', '2019-04-27 20:30:00', '502, 503 & 504 Krishna Tower Above ICICI Bank, Main Rd, Brajeshwari Extension, Pipliyahana, Indore, Madhya Pradesh 452016, India', 22.7051, 75.9091, 1, 2, '', '', '', 2, '1,2,3', 1, 1, '2019-04-27 18:19:49', '0000-00-00 00:00:00'),
(32, 'Dovies Release', 12, 0, '2019-04-27 20:00:00', '2019-04-28 20:30:00', 'MINDIII Systems Pvt. Ltd., Main Rd, Brajeshwari Extension, Pipliyahana, Indore, Madhya Pradesh, India', 22.7051, 75.9091, 1, 2, '', '', '', 2, '1,2,3', 1, 1, '2019-04-27 18:58:27', '0000-00-00 00:00:00'),
(33, 'SS Infinitis', 11, 0, '2019-04-28 20:00:00', '2019-04-28 20:30:00', 'SS Infinitus, Nipania, Indore, Madhya Pradesh 453771, India', 22.7797, 75.9158, 2, 2, '', '', '', 5, '1,2', 1, 1, '2019-04-28 10:40:01', '0000-00-00 00:00:00'),
(34, 'Men event', 3, 0, '2019-04-29 20:00:00', '2019-04-29 20:30:00', 'Indore, Madhya Pradesh, India', 22.7196, 75.8577, 1, 2, '', '', '', 45, '1,2', 1, 1, '2019-04-29 10:57:29', '2019-04-29 17:50:55'),
(35, 'Cricket Show', 7, 0, '2019-04-29 20:00:00', '2019-04-29 20:30:00', 'Race Course Rd, Near Janjerwala Square, IDA Building, New Palasia, Race Course Road, Indore, Madhya Pradesh 452001, India', 22.7243, 75.8797, 1, 2, '', '', '', 15, '1,2,3', 1, 1, '2019-04-29 11:30:38', '2019-04-29 17:50:17'),
(36, 'Testing for group chat ', 11, 0, '2019-05-05 20:00:00', '2019-05-05 20:30:00', '502, 503 & 504 Krishna Tower Above ICICI Bank, Main Rd, Brajeshwari Extension, Pipliyahana, Indore, Madhya Pradesh 452016, India', 22.7051, 75.9091, 1, 2, '', '', '', 4, '1,2,3', 1, 1, '2019-04-29 11:38:42', '0000-00-00 00:00:00'),
(37, 'Girls event', 6, 0, '2019-04-29 20:00:00', '2019-04-29 20:30:00', 'Mamta Colony, Khajrana, Indore, Madhya Pradesh 452010, India', 22.7363, 75.9135, 1, 2, '', '', '', 456, '1,2', 1, 1, '2019-04-29 14:32:01', '0000-00-00 00:00:00'),
(40, 'Event new', 3, 0, '2019-04-29 20:00:00', '2019-04-29 20:30:00', 'Indore, Madhya Pradesh, India', 22.7196, 75.8577, 1, 2, '', '', '', 23, '1,2', 1, 1, '2019-04-29 19:24:38', '0000-00-00 00:00:00'),
(41, 'test', 10, 0, '2019-04-30 20:00:00', '2019-04-30 20:30:00', 'Indore, Madhya Pradesh, India', 22.7196, 75.8577, 1, 2, '', '', '', 2, '1,2', 1, 1, '2019-04-29 19:37:49', '2019-04-30 11:16:36'),
(42, 'Party', 3, 2, '2019-04-29 20:00:00', '2019-04-29 20:30:00', 'Indore, Madhya Pradesh, India', 22.7196, 75.8577, 1, 2, '', '', '', 3, '1,2', 1, 1, '2019-04-29 19:43:07', '2019-04-29 19:56:57'),
(43, 'Monday event', 13, 2, '2019-04-30 20:00:00', '2019-05-05 20:30:00', 'Indore, Madhya Pradesh, India', 22.7196, 75.8577, 1, 2, '', '', '', 8, '1,2,3', 1, 1, '2019-04-29 20:58:46', '2019-04-29 21:00:51'),
(44, 'Minday@Mindiii', 13, 2, '2019-04-30 20:00:00', '2019-04-30 20:30:00', 'Indore, Madhya Pradesh, India', 22.7196, 75.8577, 1, 2, '', '', '', 5, '1,2', 1, 1, '2019-04-29 21:09:48', '2019-04-29 21:11:24'),
(45, 'New event', 3, 2, '2019-04-30 20:00:00', '2019-04-30 20:30:00', 'Indore, Madhya Pradesh, India', 22.7196, 75.8577, 1, 2, '', '', '', 2, '1,2', 1, 1, '2019-04-30 10:58:18', '2019-04-30 11:15:57'),
(46, 'Event', 10, 2, '2019-06-06 20:00:00', '2019-06-06 20:30:00', 'Indore, Madhya Pradesh, India', 22.7196, 75.8577, 1, 2, '', '', '', 5, '1,2', 1, 1, '2019-04-30 11:18:41', '2019-04-30 11:19:21'),
(47, 'Cinematic Universe', 8, 0, '2019-04-30 20:00:00', '2019-05-07 22:36:00', 'Malviya Nagar, Indore, Madhya Pradesh 452011, India', 22.7426, 75.8966, 1, 1, '123', '$', 'USD', 50, '1,2,3', 1, 1, '2019-04-30 11:45:34', '2019-05-02 16:46:48'),
(48, 'Khushi\'s bday Event', 10, 2, '2019-05-08 20:00:00', '2019-05-08 20:30:00', 'Indore, Madhya Pradesh, India', 22.7196, 75.8577, 1, 2, '', '', '', 5, '1,2', 1, 1, '2019-04-30 11:54:09', '2019-04-30 11:57:57'),
(49, 'demo', 10, 2, '2019-05-08 20:00:00', '2019-05-08 20:30:00', 'Indore, Madhya Pradesh, India', 22.7196, 75.8577, 1, 2, '', '', '', 4, '1,2,3', 1, 1, '2019-04-30 11:58:48', '2019-04-30 12:34:52'),
(50, 'Knight riders', 16, 0, '2019-04-30 20:00:00', '2019-05-23 12:17:00', 'Indore, Madhya Pradesh, India', 22.7196, 75.8577, 1, 2, '', '', '', 25, '1,2,3', 1, 1, '2019-04-30 12:19:06', '2019-04-30 12:58:21'),
(51, 'demo1', 10, 2, '2019-05-08 20:00:00', '2019-05-08 20:30:00', 'Indore, Madhya Pradesh, India', 22.7196, 75.8577, 1, 2, '', '', '', 99, '1,2,3', 1, 1, '2019-04-30 12:36:18', '0000-00-00 00:00:00'),
(52, 'Noti test event', 3, 2, '2019-04-30 20:00:00', '2019-05-01 20:30:00', 'Indore, Madhya Pradesh, India', 22.7196, 75.8577, 1, 2, '', '', '', 123, '1,2,3', 1, 1, '2019-04-30 12:41:18', '2019-05-01 17:38:58'),
(53, 'Happy  Meeting', 7, 2, '2019-04-30 20:00:00', '2019-04-30 20:30:00', 'Indore, Madhya Pradesh, India', 22.7196, 75.8577, 2, 2, '', '', '', 25, '1,2,3', 1, 1, '2019-04-30 13:57:38', '0000-00-00 00:00:00'),
(55, 'RIp_i', 18, 2, '2019-04-30 20:00:00', '2019-04-30 20:30:00', 'Indore, Madhya Pradesh, India', 22.7196, 75.8577, 1, 2, '', '', '', 12, '1,2,3', 1, 1, '2019-04-30 14:23:26', '2019-04-30 15:54:38'),
(56, 'Orange Day', 13, 2, '2019-04-30 20:00:00', '2019-04-30 20:30:00', 'Indore, Madhya Pradesh, India', 22.7196, 75.8577, 1, 2, '', '', '', 8, '1,2,3', 1, 1, '2019-04-30 14:42:35', '2019-04-30 14:49:16'),
(57, 'Andre_zone', 16, 0, '2019-04-30 20:00:00', '2019-05-30 14:42:00', 'Indore, Madhya Pradesh, India', 22.7196, 75.8577, 1, 2, '', '', '', 25, '1,2,3', 1, 1, '2019-04-30 14:44:19', '2019-04-30 17:59:06'),
(58, 'Discovery', 16, 0, '2019-04-30 20:00:00', '2019-04-30 20:30:00', 'Indore, Madhya Pradesh, India', 22.7196, 75.8577, 1, 2, '', '', '', 25, '1,2,3', 1, 1, '2019-04-30 14:47:07', '2019-04-30 18:42:55'),
(59, 'Endgame', 7, 2, '2019-04-30 20:00:00', '2019-04-30 20:30:00', 'Indore, Madhya Pradesh, India', 22.7196, 75.8577, 1, 2, '', '', '', 12, '1,2', 1, 1, '2019-04-30 14:49:36', '0000-00-00 00:00:00'),
(60, 'Avengers', 7, 2, '2019-04-30 20:00:00', '2019-05-30 14:51:00', 'Indore, Madhya Pradesh, India', 22.7196, 75.8577, 1, 2, '', '', '', 25, '1,2', 1, 1, '2019-04-30 14:52:52', '0000-00-00 00:00:00'),
(61, 'The waiting', 7, 2, '2019-04-30 20:00:00', '2019-04-30 20:30:00', 'Indore, Madhya Pradesh, India', 22.7196, 75.8577, 1, 2, '', '', '', 25, '1,2', 1, 1, '2019-04-30 14:56:09', '0000-00-00 00:00:00'),
(62, 'Love', 7, 0, '2019-04-30 20:00:00', '2019-04-30 20:30:00', 'Indore, Madhya Pradesh, India', 22.7196, 75.8577, 1, 2, '', '', '', 25, '1,2', 1, 1, '2019-04-30 14:58:47', '2019-04-30 15:04:14'),
(63, 'Rockerz', 16, 0, '2019-04-30 20:00:00', '2019-06-28 14:59:00', 'Indore, Madhya Pradesh, India', 22.7196, 75.8577, 1, 2, '', '', '', 5, '1,2,3', 1, 1, '2019-04-30 15:02:21', '2019-04-30 18:40:45'),
(64, 'The Story', 7, 2, '2019-04-30 20:00:00', '2019-06-05 15:09:00', 'Indore, Madhya Pradesh, India', 22.7196, 75.8577, 1, 2, '', '', '', 25, '1,2', 1, 1, '2019-04-30 15:10:12', '0000-00-00 00:00:00'),
(65, 'Motivation', 7, 0, '2019-04-30 20:00:00', '2019-07-10 15:12:00', 'Indore, Madhya Pradesh, India', 22.7196, 75.8577, 1, 2, '', '', '', 25, '1,2', 1, 1, '2019-04-30 15:13:53', '2019-04-30 16:31:48'),
(66, 'gmm', 18, 2, '2019-04-30 20:00:00', '2019-05-30 20:30:00', 'Indore, Madhya Pradesh, India', 22.7196, 75.8577, 1, 2, '', '', '', 10, '1,2,3', 1, 1, '2019-04-30 16:04:34', '0000-00-00 00:00:00'),
(67, 'Test', 17, 4, '2019-04-30 20:00:00', '2019-04-30 20:30:00', 'Chhoti Gwaltoli, Indore, Madhya Pradesh 452007, India', 22.7172, 75.8683, 1, 2, '', '', '', 3, '1,2,3', 1, 1, '2019-04-30 19:10:26', '0000-00-00 00:00:00'),
(68, 'Evening Time', 5, 0, '2019-05-01 20:00:00', '2019-05-01 21:30:00', '502, 503 & 504 Krishna Tower Above ICICI Bank, Main Rd, Brajeshwari Extension, Pipliyahana, Indore, Madhya Pradesh 452016, India', 22.7051, 75.9091, 1, 2, '', '', '', 5, '1,2,3', 1, 1, '2019-04-30 21:19:38', '2019-04-30 21:21:04'),
(69, 'Casas', 9, 0, '2019-05-01 20:00:00', '2019-05-02 20:30:00', 'Av. de la Libertad, Crdoba, Espaa', 37.8919, -4.78351, 1, 2, '', '', '', 20, '1,2,3', 1, 1, '2019-05-01 03:25:41', '0000-00-00 00:00:00'),
(70, 'labours days', 16, 4, '2019-05-01 20:00:00', '2019-05-23 20:30:00', 'Chhoti Gwaltoli, Indore, Madhya Pradesh 452007, India', 22.7172, 75.8683, 1, 2, '', '', '', 12, '1,2,3', 1, 1, '2019-05-01 10:22:35', '0000-00-00 00:00:00'),
(71, 'jordan', 15, 4, '2019-05-02 20:00:00', '2019-05-02 20:30:00', 'Chhoti Gwaltoli, Indore, Madhya Pradesh 452007, India', 22.7172, 75.8683, 1, 2, '', '', '', 123, '1,2,3', 1, 1, '2019-05-02 15:49:35', '2019-05-02 15:50:39'),
(72, 'Camera crash ', 11, 0, '2019-05-02 20:00:00', '2019-05-02 20:30:00', '502, 503 & 504 Krishna Tower Above ICICI Bank, Main Rd, Brajeshwari Extension, Pipliyahana, Indore, Madhya Pradesh 452016, India', 22.7051, 75.9091, 1, 2, '', '', '', 3, '1,2,3', 1, 1, '2019-05-02 16:45:44', '0000-00-00 00:00:00'),
(73, 'MINDIII Tea Time', 5, 0, '2019-05-02 20:00:00', '2019-05-02 22:30:00', '502, 503 & 504 Krishna Tower Above ICICI Bank, Main Rd, Brajeshwari Extension, Pipliyahana, Indore, Madhya Pradesh 452016, India', 22.7051, 75.9091, 1, 2, '', '', '', 10, '1,2,3', 1, 1, '2019-05-02 17:09:26', '0000-00-00 00:00:00'),
(74, 'Monday', 13, 2, '2019-05-06 20:00:00', '2019-05-06 20:30:00', 'Indore, Madhya Pradesh, India', 22.7196, 75.8577, 1, 2, '', '', '', 8, '1', 1, 1, '2019-05-06 15:28:00', '0000-00-00 00:00:00'),
(75, 'Stating if week', 11, 0, '2019-05-06 20:00:00', '2019-05-06 20:30:00', '502, 503 & 504 Krishna Tower Above ICICI Bank, Main Rd, Brajeshwari Extension, Pipliyahana, Indore, Madhya Pradesh 452016, India', 22.7051, 75.9091, 1, 2, '', '', '', 20, '1,2,3', 1, 1, '2019-05-06 16:07:41', '0000-00-00 00:00:00'),
(76, 'Baby Care', 7, 0, '2019-05-06 20:00:00', '2019-05-23 16:17:00', 'Pipliyahana Square, Scheme 94 Sector FA, Indore, Madhya Pradesh 452001', 22.706, 75.9058, 1, 2, '', '', '', 10, '1,2', 1, 1, '2019-05-06 16:18:54', '2019-05-06 16:19:37'),
(77, 'Discovery', 7, 0, '2019-05-06 20:00:00', '2019-05-15 16:18:00', '502, 503 & 504 Krishna Tower Above ICICI Bank, Main Rd, Brajeshwari Extension, Pipliyahana, Indore, Madhya Pradesh 452016, India', 22.7051, 75.9091, 1, 2, '', '', '', 25, '1,2,3', 1, 1, '2019-05-06 16:21:24', '0000-00-00 00:00:00'),
(83, 'Roared', 17, 4, '2019-05-06 20:00:00', '2019-05-06 20:30:00', 'Chhoti Gwaltoli, Indore, Madhya Pradesh 452007, India', 22.7172, 75.8683, 1, 2, '', '', '', 10, '1,2,3', 1, 1, '2019-05-06 17:39:50', '2019-05-06 17:40:09'),
(84, 'nature event', 3, 2, '2019-05-07 20:00:00', '2019-05-07 20:30:00', 'Indore, Madhya Pradesh, India', 22.7196, 75.8577, 1, 2, '', '', '', 25, '1,2,3', 1, 1, '2019-05-06 17:46:01', '2019-05-06 17:46:48'),
(85, 'Staying Mindy ', 11, 0, '2019-05-07 20:00:00', '2019-05-07 20:30:00', '502, 503 & 504 Krishna Tower Above ICICI Bank, Main Rd, Brajeshwari Extension, Pipliyahana, Indore, Madhya Pradesh 452016, India', 22.7051, 75.9091, 1, 2, '', '', '', 20, '1,2,3', 1, 1, '2019-05-06 20:14:35', '0000-00-00 00:00:00'),
(86, 'Homecoming', 16, 2, '2019-05-08 20:00:00', '2019-05-31 20:30:00', 'Indore, Madhya Pradesh, India', 22.7196, 75.8577, 1, 2, '', '', '', 15, '1,2,3', 1, 1, '2019-05-08 12:19:51', '0000-00-00 00:00:00'),
(87, 'ENDGAME - ANDROID', 23, 1, '2019-05-08 20:00:00', '2019-05-31 13:58:00', 'Vijay Nagar Square, Ratna Lok Colony, Indore, Madhya Pradesh, India', 22.7508, 75.8957, 1, 2, '', '', '', 10, '1,2,3', 1, 1, '2019-05-08 14:00:25', '0000-00-00 00:00:00'),
(88, 'Transport-iOS', 22, 2, '2019-05-08 20:00:00', '2019-05-19 23:30:00', 'Indore, Madhya Pradesh, India', 22.7196, 75.8577, 1, 2, '', '', '', 12, '1,2,3', 1, 1, '2019-05-08 14:01:53', '2019-05-08 14:12:14'),
(89, 'Transport-iOS', 22, 2, '2019-05-08 20:00:00', '2019-05-19 23:30:00', 'Indore, Madhya Pradesh, India', 22.7196, 75.8577, 1, 2, '', '', '', 12, '1,2,3', 1, 1, '2019-05-08 14:01:54', '0000-00-00 00:00:00'),
(90, 'Transport-iOS', 22, 2, '2019-05-08 20:00:00', '2019-05-19 23:30:00', 'Indore, Madhya Pradesh, India', 22.7196, 75.8577, 1, 2, '', '', '', 12, '1,2,3', 1, 1, '2019-05-08 14:01:55', '2019-05-08 14:23:47'),
(91, 'dovies event', 22, 2, '2019-05-08 20:00:00', '2019-05-08 20:30:00', 'Indore, Madhya Pradesh, India', 22.7196, 75.8577, 1, 2, '', '', '', 56, '1,2,3', 1, 1, '2019-05-08 14:06:32', '0000-00-00 00:00:00'),
(92, 'dovies event', 22, 2, '2019-05-08 20:00:00', '2019-05-08 20:30:00', 'Indore, Madhya Pradesh, India', 22.7196, 75.8577, 1, 2, '', '', '', 56, '1,2,3', 1, 1, '2019-05-08 14:06:34', '0000-00-00 00:00:00'),
(93, 'Jeep event', 3, 1, '2019-05-08 20:00:00', '2019-05-08 20:30:00', 'Vijay Nagar Square, Ratna Lok Colony, Indore, Madhya Pradesh, India', 22.7508, 75.8957, 1, 2, '', '', '', 53, '1,2,3', 1, 1, '2019-05-08 14:09:42', '0000-00-00 00:00:00'),
(94, 'Six~n~Out', 23, 0, '2019-05-08 20:00:00', '2019-05-30 14:16:00', 'Barcelona, Spain', 41.3851, 2.1734, 1, 2, '', '', '', 15, '1,2,3', 1, 1, '2019-05-08 14:18:42', '2019-05-08 18:15:56'),
(95, 'Test event', 11, 0, '2019-05-08 20:00:00', '2019-05-08 20:30:00', '502, 503 & 504 Krishna Tower Above ICICI Bank, Main Rd, Brajeshwari Extension, Pipliyahana, Indore, Madhya Pradesh 452016, India', 22.7051, 75.9091, 1, 2, '', '', '', 20, '1,2,3', 1, 1, '2019-05-08 15:23:36', '0000-00-00 00:00:00'),
(96, 'Test', 11, 0, '2019-05-08 20:00:00', '2019-05-08 20:30:00', '502, 503 & 504 Krishna Tower Above ICICI Bank, Main Rd, Brajeshwari Extension, Pipliyahana, Indore, Madhya Pradesh 452016, India', 22.7051, 75.9091, 1, 2, '', '', '', 3, '1,2,3', 1, 1, '2019-05-08 15:40:22', '0000-00-00 00:00:00'),
(97, 'Test event ', 11, 0, '2019-05-08 20:00:00', '2019-05-08 20:30:00', '502, 503 & 504 Krishna Tower Above ICICI Bank, Main Rd, Brajeshwari Extension, Pipliyahana, Indore, Madhya Pradesh 452016, India', 22.7051, 75.9091, 1, 2, '', '', '', 3, '1,2,3', 1, 1, '2019-05-08 15:43:31', '0000-00-00 00:00:00'),
(98, 'camera event', 22, 3, '2019-05-08 20:00:00', '2019-05-08 20:30:00', 'Indore, Madhya Pradesh, India', 22.7196, 75.8577, 1, 2, '', '', '', 23, '1,2,3', 1, 1, '2019-05-08 15:47:07', '0000-00-00 00:00:00'),
(99, 'camera event 2', 22, 1, '2019-05-08 20:00:00', '2019-05-08 20:30:00', 'Vijay Nagar Square, Ratna Lok Colony, Indore, Madhya Pradesh, India', 22.7508, 75.8957, 1, 2, '', '', '', 56, '1,2,3', 1, 1, '2019-05-08 15:50:26', '0000-00-00 00:00:00'),
(100, 'test event', 22, 0, '2019-05-08 20:00:00', '2019-05-08 20:30:00', '502, 503 & 504 Krishna Tower Above ICICI Bank, Main Rd, Brajeshwari Extension, Pipliyahana, Indore, Madhya Pradesh 452016, India', 22.7051, 75.9091, 1, 2, '', '', '', 20, '1,2,3', 1, 1, '2019-05-08 15:52:53', '0000-00-00 00:00:00'),
(101, 'ABCD', 11, 7, '2019-05-08 20:00:00', '2019-05-08 20:30:00', '502, 503 & 504 Krishna Tower Above ICICI Bank, Main Rd, Brajeshwari Extension, Pipliyahana, Indore, Madhya Pradesh 452016, India', 22.7051, 75.9091, 1, 2, '', '', '', 20, '1', 1, 1, '2019-05-08 15:59:06', '0000-00-00 00:00:00'),
(102, 'Test', 11, 3, '2019-05-08 20:00:00', '2019-05-08 20:30:00', 'Indore, Madhya Pradesh, India', 22.7196, 75.8577, 1, 2, '', '', '', 5, '1,2,3', 1, 1, '2019-05-08 16:08:59', '0000-00-00 00:00:00'),
(103, 'Test', 17, 1, '2019-05-08 20:00:00', '2019-05-08 20:30:00', 'Vijay Nagar Square, Ratna Lok Colony, Indore, Madhya Pradesh, India', 22.7508, 75.8957, 1, 2, '', '', '', 2, '1,2,3', 1, 1, '2019-05-08 16:16:15', '0000-00-00 00:00:00'),
(104, 'Test 1', 11, 1, '2019-05-08 20:00:00', '2019-05-08 20:30:00', 'Vijay Nagar Square, Ratna Lok Colony, Indore, Madhya Pradesh, India', 22.7508, 75.8957, 1, 2, '', '', '', 5, '1,2,3', 1, 1, '2019-05-08 16:17:47', '0000-00-00 00:00:00'),
(105, 'Test two', 11, 1, '2019-05-08 20:00:00', '2019-05-08 20:30:00', 'Vijay Nagar Square, Ratna Lok Colony, Indore, Madhya Pradesh, India', 22.7508, 75.8957, 1, 2, '', '', '', 5, '1,2,3', 1, 1, '2019-05-08 16:23:09', '0000-00-00 00:00:00'),
(106, 'Test three', 11, 2, '2019-05-08 20:00:00', '2019-05-08 20:30:00', 'Indore, Madhya Pradesh, India', 22.7196, 75.8577, 1, 2, '', '', '', 5, '1,2,3', 1, 1, '2019-05-08 16:27:07', '0000-00-00 00:00:00'),
(107, 'Test four', 11, 3, '2019-05-08 20:00:00', '2019-05-08 20:30:00', 'Indore, Madhya Pradesh, India', 22.7196, 75.8577, 1, 2, '', '', '', 5, '1,2,3', 1, 1, '2019-05-08 16:31:37', '0000-00-00 00:00:00'),
(108, 'Gulmohar', 13, 0, '2019-05-08 20:00:00', '2019-05-08 20:30:00', '502, 503 & 504 Krishna Tower Above ICICI Bank, Main Rd, Brajeshwari Extension, Pipliyahana, Indore, Madhya Pradesh 452016, India', 22.7051, 75.9091, 1, 2, '', '', '', 2, '1,2,3', 1, 1, '2019-05-08 16:32:50', '0000-00-00 00:00:00'),
(109, 'Badge test', 20, 1, '2019-05-08 20:00:00', '2019-05-08 20:30:00', 'Vijay Nagar Square, Ratna Lok Colony, Indore, Madhya Pradesh, India', 22.7508, 75.8957, 1, 2, '', '', '', 56, '1,2,3', 1, 1, '2019-05-08 16:39:23', '2019-05-08 19:01:10'),
(110, 'Test five', 11, 1, '2019-05-08 20:00:00', '2019-05-08 20:30:00', 'Vijay Nagar Square, Ratna Lok Colony, Indore, Madhya Pradesh, India', 22.7508, 75.8957, 1, 2, '', '', '', 5, '1,2,3', 1, 1, '2019-05-08 16:42:35', '0000-00-00 00:00:00'),
(111, 'Test six', 5, 1, '2019-05-08 20:00:00', '2019-05-08 20:30:00', 'Vijay Nagar Square, Ratna Lok Colony, Indore, Madhya Pradesh, India', 22.7508, 75.8957, 1, 2, '', '', '', 5, '1,2,3', 1, 1, '2019-05-08 16:47:38', '0000-00-00 00:00:00'),
(112, 'Macbook', 14, 7, '2019-05-08 20:00:00', '2019-05-08 20:30:00', '502, 503 & 504 Krishna Tower Above ICICI Bank, Main Rd, Brajeshwari Extension, Pipliyahana, Indore, Madhya Pradesh 452016, India', 22.7051, 75.9091, 1, 2, '', '', '', 10, '1', 1, 1, '2019-05-08 19:43:13', '0000-00-00 00:00:00'),
(113, 'Final testing ', 11, 0, '2019-05-08 20:00:00', '2019-05-08 20:30:00', '502, 503 & 504 Krishna Tower Above ICICI Bank, Main Rd, Brajeshwari Extension, Pipliyahana, Indore, Madhya Pradesh 452016, India', 22.7051, 75.9091, 1, 2, '', '', '', 5, '1,2,3', 1, 1, '2019-05-08 19:47:24', '0000-00-00 00:00:00'),
(114, 'Test Event', 11, 0, '2019-05-10 20:00:00', '2019-05-10 20:30:00', 'MINDIII Systems Pvt. Ltd., Main Rd, Brajeshwari Extension, Pipliyahana, Indore, Madhya Pradesh, India', 22.7051, 75.9091, 2, 1, '100', '$', 'USD', 5, '1,2,3', 1, 1, '2019-05-09 12:33:01', '0000-00-00 00:00:00'),
(115, 'Paid event', 12, 0, '2019-05-10 20:00:00', '2019-05-17 20:30:00', 'MINDIII Systems Pvt. Ltd., Main Rd, Brajeshwari Extension, Pipliyahana, Indore, Madhya Pradesh, India', 22.7051, 75.9091, 2, 1, '200', '$', 'USD', 5, '1,2,3', 1, 1, '2019-05-09 13:02:46', '0000-00-00 00:00:00'),
(116, 'Private', 12, 7, '2019-05-10 20:00:00', '2019-05-10 20:30:00', '502, 503 & 504 Krishna Tower Above ICICI Bank, Main Rd, Brajeshwari Extension, Pipliyahana, Indore, Madhya Pradesh 452016, India', 22.7051, 75.9091, 2, 2, '', '', '', 10, '1', 1, 1, '2019-05-09 13:11:36', '0000-00-00 00:00:00'),
(117, 'Paid user status', 14, 1, '2019-05-09 20:00:00', '2019-05-09 20:30:00', 'Vijay Nagar Square, Ratna Lok Colony, Indore, Madhya Pradesh, India', 22.7508, 75.8957, 1, 2, '', '', '', 10, '1', 1, 1, '2019-05-09 13:20:54', '0000-00-00 00:00:00'),
(118, 'MINDIII Lunch', 5, 8, '2019-05-09 20:00:00', '2019-05-09 20:30:00', '502, 503 & 504 Krishna Tower Above ICICI Bank, Main Rd, Brajeshwari Extension, Pipliyahana, Indore, Madhya Pradesh 452016, India', 22.7051, 75.9091, 1, 2, '', '', '', 5, '1,2,3', 1, 1, '2019-05-09 13:48:39', '0000-00-00 00:00:00'),
(119, 'holiday', 3, 2, '2019-05-09 20:00:00', '2019-05-09 20:30:00', 'Indore, Madhya Pradesh, India', 22.7196, 75.8577, 2, 2, '', '', '', 10, '2', 1, 1, '2019-05-09 14:19:29', '0000-00-00 00:00:00'),
(120, 'Jordan paid', 3, 2, '2019-05-09 20:00:00', '2019-05-17 20:30:00', 'Indore, Madhya Pradesh, India', 22.7196, 75.8577, 2, 1, '25', '$', 'USD', 23, '2', 1, 1, '2019-05-09 14:32:14', '0000-00-00 00:00:00'),
(121, 'New Test', 10, 2, '2019-05-29 20:00:00', '2019-05-29 20:30:00', 'Indore, Madhya Pradesh, India', 22.7196, 75.8577, 2, 2, '', '', '', 5, '1,2', 1, 1, '2019-05-09 14:54:26', '0000-00-00 00:00:00'),
(122, 'BMW', 8, 2, '2019-05-09 20:00:00', '2019-05-09 20:30:00', 'Indore, Madhya Pradesh, India', 22.7196, 75.8577, 2, 2, '', '', '', 23, '2,3', 1, 1, '2019-05-09 16:09:30', '2019-05-09 16:10:29'),
(123, 'Comp event', 3, 1, '2019-05-10 20:00:00', '2019-05-10 20:30:00', 'Vijay Nagar Square, Ratna Lok Colony, Indore, Madhya Pradesh, India', 22.7508, 75.8957, 1, 2, '', '', '', 45, '1,2,3', 1, 1, '2019-05-10 11:28:19', '0000-00-00 00:00:00'),
(124, 'one more', 10, 2, '2019-05-20 20:00:00', '2019-05-20 20:30:00', 'Indore, Madhya Pradesh, India', 22.7196, 75.8577, 1, 1, '50', '$', 'USD', 5, '1,2', 1, 1, '2019-05-10 15:51:40', '0000-00-00 00:00:00'),
(125, 'one more', 10, 2, '2019-05-20 20:00:00', '2019-05-20 20:30:00', 'Indore, Madhya Pradesh, India', 22.7196, 75.8577, 1, 1, '50', '$', 'USD', 5, '1,2', 1, 1, '2019-05-10 15:51:48', '0000-00-00 00:00:00'),
(126, 'dfsdsdfdsf', 19, 3, '2019-05-29 20:00:00', '2019-05-29 20:30:00', 'Indore, Madhya Pradesh, India', 22.7196, 75.8577, 1, 1, '56', '$', 'USD', 5, '1,2,3', 1, 1, '2019-05-15 18:53:10', '0000-00-00 00:00:00'),
(127, 'dfsdsdfdsf', 19, 3, '2019-05-29 20:00:00', '2019-05-29 20:30:00', 'Indore, Madhya Pradesh, India', 22.7196, 75.8577, 1, 1, '56', '$', 'USD', 5, '1,2,3', 1, 1, '2019-05-15 18:53:21', '0000-00-00 00:00:00'),
(128, 'dfsdsdfdsf', 19, 3, '2019-05-29 20:00:00', '2019-05-29 20:30:00', 'Indore, Madhya Pradesh, India', 22.7196, 75.8577, 1, 1, '56', '$', 'USD', 5, '1,2,3', 1, 1, '2019-05-15 18:53:26', '0000-00-00 00:00:00');

-- --------------------------------------------------------

--
-- Table structure for table `event_image`
--

CREATE TABLE `event_image` (
  `eventImgId` int(11) NOT NULL,
  `user_id` int(11) NOT NULL,
  `event_id` int(11) NOT NULL,
  `eventImage` varchar(255) NOT NULL
) ENGINE=InnoDB DEFAULT CHARSET=latin1;

--
-- Dumping data for table `event_image`
--

INSERT INTO `event_image` (`eventImgId`, `user_id`, `event_id`, `eventImage`) VALUES
(15, 3, 13, 'y98BceXRfJjaK0sL.jpeg'),
(16, 8, 14, 'QPjAr9Wbk3CTROqB.jpg'),
(17, 9, 15, 'qaKlJDjbAM0694YX.jpeg'),
(18, 7, 16, 'xQpyeg7w8MFt90Nr.png'),
(19, 3, 17, 'TdUFzaewgWNko7r6.jpeg'),
(20, 10, 18, 'AYKnVJ7gRN1wUEDP.jpg'),
(21, 6, 19, 'riamBEZT0Cp5LyJO.jpeg'),
(22, 10, 20, 'U1oiI8ZbxPGrvnJA.jpg'),
(23, 3, 21, 'lsO5XQJDSUngqYpc.jpeg'),
(24, 11, 22, 'LbhFk7fpG01uNw5x.jpeg'),
(25, 11, 22, 'hMagjX6GCfIKiqAS.jpeg'),
(26, 11, 22, 'h7V8yUI4j6fCbPgO.jpeg'),
(27, 11, 23, 'QKM756gt1kxADNCY.jpeg'),
(28, 11, 23, 'WGsY1fuyC32tPOeA.jpeg'),
(29, 11, 23, 'HW1scY2E9oDNkxyP.jpeg'),
(30, 4, 24, 'IdRE64jHXNlvk1Ye.jpeg'),
(31, 5, 25, 'L6GeURQDpOSnoTWa.jpeg'),
(32, 5, 25, 'pP2awNbIfLKYXRTl.jpeg'),
(33, 4, 26, 'eOmlPh2fdxwciIau.jpeg'),
(35, 5, 25, 'eWsYI8MqZkiwj4lA.jpeg'),
(36, 13, 27, 'hBKMVu3wq8Ezalvd.jpeg'),
(37, 11, 28, '21yOLtRcX3js7bqD.jpeg'),
(38, 11, 28, 'dSITbZWl7JVQevur.jpeg'),
(39, 5, 29, 'O8X9xBvHNZj21KWu.jpeg'),
(40, 5, 29, 'yD3PUcNamWBAouZn.jpeg'),
(41, 13, 30, '9DQgXa4TKwbWUH27.jpeg'),
(42, 11, 31, 'XdSMroHsJgyCN8K6.jpeg'),
(43, 11, 31, 'KDCsw1ndkh8TUrvg.jpeg'),
(44, 12, 32, 'N23BHkCDlTupXFGM.jpg'),
(45, 12, 32, 'H4LOYwZ1iejIEDBv.JPG'),
(46, 11, 33, 'ObQwgx4SDPzeouJf.jpeg'),
(47, 3, 34, 'QbT14cjN8VantXBU.jpeg'),
(48, 3, 34, 'EtpAjHZ9kiT6IzvF.jpeg'),
(49, 7, 35, 'ir19vyjGw3Zsq5NB.png'),
(50, 11, 36, 'B6iayC1qukO8pT7j.jpeg'),
(51, 6, 37, 'xvmLQiSKk9gn1Gf5.jpeg'),
(54, 3, 40, 'cQ7gomdaMOBivUGy.jpeg'),
(55, 10, 41, 'c4hDuTsFyKWlgVBG.jpg'),
(56, 3, 42, 'Z2jh3KTevmgUtOSr.jpeg'),
(57, 13, 43, 'oU5R1tOaJvbyDxln.jpeg'),
(58, 13, 43, 'mIE7j4As63ZoqRxp.jpeg'),
(59, 13, 44, 'lDe725wWKi0vzaQS.jpeg'),
(60, 13, 44, 'U6GQb0jZPtpBYndW.jpeg'),
(61, 3, 45, '8oZBqEXbLJy06Fzj.jpeg'),
(62, 10, 46, 'OzUZEKnialGv5yMS.jpg'),
(70, 10, 48, 'KMHqWuC6aU3lZceL.jpg'),
(74, 10, 49, 'T4MxuCFWRHEQ13m8.jpg'),
(85, 8, 47, 'UfK2seyJuPTZF1Vg.jpeg'),
(88, 8, 47, 'bX61LWR5civwGlMg.jpeg'),
(89, 8, 47, '3QbK4GykwEZdSDCO.jpeg'),
(90, 8, 47, 'nPezKH8gUFsNjOI3.jpeg'),
(91, 10, 51, 'WtS6cEMb1UsLy7gq.jpg'),
(92, 3, 52, 'vKkSh7FoiYVbDXc4.jpeg'),
(94, 16, 50, 'R3M0UDoia8uJNZEV.jpg'),
(95, 7, 53, 'KUx2szOZ9GVMqjdP.png'),
(98, 18, 55, 'XWicxlJ4p3ujLose.jpg'),
(99, 18, 55, 'HV42ZF9O5zN7DGLk.jpg'),
(100, 18, 55, '5nShxuwVLtCDob7s.jpg'),
(101, 13, 56, 'vaRKndWDbpYE9jLe.jpeg'),
(103, 16, 57, '9eY1MT2zSA3bBKlm.jpg'),
(104, 16, 58, 'qTR0pjvxYuVBm3Di.png'),
(105, 7, 59, 'AfWs4T5MGt0IglyJ.png'),
(106, 7, 60, 'KEaHFbJOXS7hlPdL.png'),
(107, 7, 61, 'gMfi1Oda3eIxj02D.png'),
(108, 7, 62, '16ujExsDp4YOrlLN.png'),
(109, 16, 63, 'FCHdRnaYNGDlJUOT.png'),
(110, 7, 64, 'azO8kY4ZuFwhpSmq.png'),
(111, 7, 65, 'W7VvLP9hl2QaKjFm.png'),
(115, 18, 66, 'hQGOiL6tCJsZU0o9.jpg'),
(116, 17, 67, 'Z6AV8QbydjetkRca.jpeg'),
(117, 5, 68, 'GucvXfDV6mMBEPUq.jpeg'),
(118, 5, 68, 'wbqahZMcHx74Oej1.jpeg'),
(119, 9, 69, 'Bm6dZAyYGTIW7Jhp.jpeg'),
(120, 9, 69, 'qz4CJ7xEinmTgw5I.jpeg'),
(121, 16, 70, 'AI5kJCyq0aXznQVP.jpg'),
(122, 15, 71, 'IBYRl2gwjTi8k3Z4.jpeg'),
(123, 11, 72, '9vKLzVRPiIrea0H4.jpeg'),
(125, 5, 73, 'hC4JvG8bKgpk1use.jpeg'),
(126, 5, 73, 'WtiE3xv0yhlLz4TD.jpeg'),
(127, 13, 74, 'NZVHunjc8exEAGJw.jpeg'),
(128, 11, 75, 'vlUxN8PD4nfJQOVd.jpeg'),
(129, 7, 76, '6GRNMKf4orshkDE8.png'),
(131, 7, 76, 'ckswa6ielX2EJ7xG.jpg'),
(132, 7, 77, 'u8yhJ7oA6x9bi4WO.png'),
(141, 17, 83, 'n3IVdxlLSre6ytwJ.jpeg'),
(142, 3, 84, '85zbF0EsUvmLoyQt.jpeg'),
(143, 3, 84, '8xli1FIkpbAuOMmU.jpeg'),
(144, 11, 85, '2rxhDn8gkfZCQUtc.jpeg'),
(145, 16, 86, 'ckGwZeUjfz4KsrQP.jpg'),
(146, 16, 86, '2Uz9q7VTWdaIPJ0N.jpg'),
(147, 23, 87, '0NnziAYwsjkvtKcl.png'),
(148, 22, 88, 'njLvyZbhKGYRcok0.jpeg'),
(149, 22, 89, 'SqoxIp39OLNJWQca.jpeg'),
(150, 22, 89, 'WF8mGZuM9qYRNrho.jpeg'),
(151, 22, 90, 'HvQFCWXr1Kpix0dh.jpeg'),
(152, 22, 90, 'iJH7Df5oxyLmzB1j.jpeg'),
(153, 22, 90, 'ZbivxKzpMrkuGJN9.jpeg'),
(154, 22, 91, 'Xt67rjis4mOx93DG.jpeg'),
(155, 22, 92, '0HCAXkvPjQpVTcOz.jpeg'),
(156, 22, 92, '9IQ2kz4Wo6trgVhf.jpeg'),
(157, 3, 93, 'KA50LT3DJrxiMqQc.jpeg'),
(158, 23, 94, 'U6tDRu2mbw01SVZB.png'),
(159, 11, 95, 'LWReo9cjGOu6ibU2.jpeg'),
(160, 11, 96, 'SGz8VhO4RvDA5Qpw.jpeg'),
(161, 11, 97, '9Y0cG5r3sLTnmW7v.jpeg'),
(162, 22, 98, '1dSFVHiQzfJtZG7h.jpeg'),
(163, 22, 98, 'cRZ5w2gbdOsP7X0i.jpeg'),
(164, 22, 99, 'kDGOjPKrbi1yEvZN.jpeg'),
(165, 22, 99, 'ufsZrxmzMwW2y1c9.jpeg'),
(166, 22, 100, 'LdTVpKvF2aYmCSIU.jpeg'),
(167, 22, 100, 'El7ZLwWb3zt8qhpT.jpeg'),
(168, 11, 101, 'eisXU3DMyCgWa2Px.jpeg'),
(169, 11, 101, 'k2Hcz5IWswQuhVBx.jpeg'),
(170, 11, 102, '6qiSGdT4Frp2HQ3z.jpeg'),
(171, 17, 103, 's9xR5nmF1J6eZG84.jpeg'),
(172, 17, 103, '8DzmeaBIbklXTsVM.jpeg'),
(173, 17, 103, 'DpUk9W4N6McQYzaC.jpeg'),
(174, 11, 104, 'rs7NIwgJV3uP2qxX.jpeg'),
(175, 11, 105, '4iIMhWmdHyCsDk6S.jpeg'),
(176, 11, 106, 'O6W7qIuiMslcxSCg.jpeg'),
(177, 11, 106, 'wFhX03gNrkYEa82C.jpeg'),
(178, 11, 107, 'I4u7tVL30vkEjGrh.jpeg'),
(179, 13, 108, 'KaGidImzJkRbCvcg.jpeg'),
(180, 13, 108, 'G6gJT4v2V3zcbXjn.jpeg'),
(181, 20, 109, 'M0yUvgxpjN4ACfqt.jpeg'),
(182, 11, 110, 'U1fLZD0T4NXV26hW.jpeg'),
(183, 5, 111, 'hwv0xZD5kl2PVdqR.jpeg'),
(184, 5, 111, 'Dc7tCJLFfr3IHRap.jpeg'),
(185, 20, 109, 'InXaOVMDxyGFRYtq.jpeg'),
(186, 14, 112, 'O2e1slI9DVnzAKpR.jpeg'),
(187, 14, 112, 'vagtQ3RCGWV6mBx2.jpeg'),
(188, 11, 113, 'RYemrDTIVpgdGwtv.jpeg'),
(189, 11, 113, 'YkqRr8fg9jFyMADv.jpeg'),
(190, 11, 113, 'MvAn4z8hX72EU6GN.jpeg'),
(191, 11, 114, 'sRuJeZHU7E0nGjh6.png'),
(192, 11, 114, 'jvXnZekJAQgmKlw6.jpg'),
(193, 11, 114, 'RvZpPrB63YjVlLeA.jpg'),
(194, 12, 115, 'Qj8GF2ukK43Z0Rv6.jpg'),
(195, 12, 116, 'GB0SzbIuhVTU29CW.png'),
(196, 14, 117, 'Z8FJY9XOLTaAjPwe.jpeg'),
(197, 5, 118, 'GHe6MZ9VbwK8ANiz.jpeg'),
(198, 3, 119, 'GxcKr30FlsRZPIh5.jpeg'),
(199, 3, 120, 'QV7HwtkymbN4sho9.jpeg'),
(200, 10, 121, 'wjpcPms4kDCuS08A.jpg'),
(201, 8, 122, '5BI964urTSMlHdFo.jpeg'),
(202, 3, 123, 'xsXYg9rLTpCjwPqV.jpeg'),
(203, 10, 124, 'm8ETDkpKRaM4YLnC.jpg'),
(204, 10, 125, '5wT7ajCMqbemgcoL.jpg'),
(205, 19, 126, '7lj6LozNIBCKwvhV.jpg'),
(206, 19, 127, '7Z6ChFz8kGjqtuNS.jpg'),
(207, 19, 128, 'jrKakW83wETMx4Gs.jpg');

-- --------------------------------------------------------

--
-- Table structure for table `event_member`
--

CREATE TABLE `event_member` (
  `eventMemId` int(11) NOT NULL,
  `event_id` int(11) NOT NULL,
  `memberId` int(11) NOT NULL,
  `memberType` tinyint(4) NOT NULL DEFAULT '0' COMMENT '1:Admin,0:Member',
  `memberStatus` tinyint(4) NOT NULL DEFAULT '0' COMMENT '0:New,1:JoinPayDone,2:JoinPayPending,3:RejectComMem',
  `status` tinyint(4) NOT NULL DEFAULT '1' COMMENT '1:Active,0:Inactive'
) ENGINE=InnoDB DEFAULT CHARSET=latin1;

--
-- Dumping data for table `event_member`
--

INSERT INTO `event_member` (`eventMemId`, `event_id`, `memberId`, `memberType`, `memberStatus`, `status`) VALUES
(84, 13, 4, 0, 1, 1),
(85, 13, 3, 1, 0, 1),
(86, 14, 7, 0, 1, 1),
(87, 14, 4, 0, 0, 1),
(88, 14, 5, 0, 0, 1),
(89, 14, 3, 0, 0, 1),
(90, 14, 6, 0, 0, 1),
(91, 14, 8, 1, 0, 1),
(92, 15, 5, 0, 0, 1),
(93, 15, 3, 0, 1, 1),
(94, 15, 8, 0, 0, 1),
(95, 15, 7, 0, 0, 1),
(96, 15, 9, 1, 0, 1),
(97, 16, 6, 0, 0, 1),
(98, 16, 3, 0, 1, 1),
(99, 16, 5, 0, 0, 1),
(100, 16, 9, 0, 1, 1),
(101, 16, 4, 0, 0, 1),
(102, 16, 8, 0, 0, 1),
(103, 16, 7, 1, 0, 1),
(104, 17, 6, 0, 1, 1),
(105, 17, 4, 0, 0, 1),
(106, 17, 7, 0, 0, 1),
(107, 17, 8, 0, 0, 1),
(108, 17, 3, 1, 0, 1),
(109, 18, 3, 0, 0, 1),
(110, 18, 10, 1, 0, 1),
(111, 18, 6, 0, 1, 1),
(112, 19, 3, 0, 0, 1),
(113, 19, 10, 0, 1, 1),
(114, 19, 6, 1, 0, 1),
(115, 20, 3, 0, 0, 1),
(116, 20, 6, 0, 0, 1),
(117, 20, 10, 1, 0, 1),
(118, 21, 10, 0, 1, 1),
(119, 21, 6, 0, 0, 1),
(120, 21, 3, 1, 0, 1),
(122, 22, 5, 0, 1, 1),
(123, 22, 9, 0, 1, 1),
(124, 22, 11, 1, 0, 1),
(125, 23, 6, 0, 1, 1),
(127, 23, 13, 0, 0, 1),
(128, 23, 11, 1, 0, 1),
(129, 24, 5, 0, 1, 1),
(130, 24, 4, 1, 0, 1),
(131, 25, 4, 0, 0, 1),
(132, 25, 5, 1, 0, 1),
(133, 26, 5, 0, 0, 1),
(134, 26, 4, 1, 0, 1),
(135, 27, 11, 0, 1, 1),
(136, 27, 5, 0, 1, 1),
(137, 27, 13, 1, 0, 1),
(138, 28, 13, 0, 1, 1),
(139, 28, 12, 0, 0, 1),
(140, 28, 5, 0, 1, 1),
(141, 28, 3, 0, 0, 1),
(142, 28, 11, 1, 0, 1),
(143, 29, 13, 0, 0, 1),
(144, 29, 11, 0, 0, 1),
(145, 29, 5, 1, 0, 1),
(146, 30, 11, 0, 1, 1),
(148, 30, 12, 0, 0, 1),
(149, 30, 13, 1, 0, 1),
(150, 31, 13, 0, 0, 1),
(151, 31, 5, 0, 0, 1),
(152, 31, 12, 0, 0, 1),
(153, 31, 11, 1, 0, 1),
(154, 32, 13, 0, 0, 1),
(155, 32, 11, 0, 1, 1),
(156, 32, 5, 0, 0, 1),
(157, 32, 9, 0, 1, 1),
(158, 32, 12, 1, 0, 1),
(159, 33, 13, 0, 1, 1),
(160, 33, 5, 0, 1, 1),
(161, 33, 11, 1, 0, 1),
(163, 34, 6, 0, 1, 1),
(164, 34, 10, 0, 0, 1),
(165, 34, 3, 1, 0, 1),
(166, 35, 6, 0, 1, 1),
(168, 35, 7, 1, 0, 1),
(169, 36, 13, 0, 1, 1),
(170, 36, 12, 0, 1, 1),
(171, 36, 5, 0, 1, 1),
(172, 36, 11, 1, 0, 1),
(173, 35, 8, 0, 0, 1),
(174, 37, 7, 0, 1, 1),
(175, 37, 3, 0, 0, 1),
(176, 37, 16, 0, 1, 1),
(177, 37, 6, 1, 0, 1),
(188, 35, 3, 0, 0, 1),
(189, 34, 7, 0, 0, 1),
(190, 40, 10, 0, 1, 1),
(191, 40, 6, 0, 0, 1),
(192, 40, 3, 1, 0, 1),
(193, 41, 3, 0, 1, 1),
(194, 41, 6, 0, 1, 1),
(195, 41, 10, 1, 0, 1),
(196, 42, 10, 0, 0, 1),
(197, 42, 6, 0, 0, 1),
(198, 42, 3, 1, 0, 1),
(199, 43, 14, 0, 0, 1),
(200, 43, 7, 0, 0, 1),
(201, 43, 11, 0, 1, 1),
(202, 43, 12, 0, 0, 1),
(203, 43, 5, 0, 1, 1),
(204, 43, 3, 0, 1, 1),
(205, 43, 13, 1, 0, 1),
(206, 44, 11, 0, 0, 1),
(207, 44, 12, 0, 0, 1),
(208, 44, 14, 0, 0, 1),
(209, 44, 5, 0, 0, 1),
(210, 44, 13, 1, 0, 1),
(211, 45, 10, 0, 1, 1),
(212, 45, 6, 0, 1, 1),
(213, 45, 3, 1, 0, 1),
(214, 46, 6, 0, 1, 1),
(215, 46, 3, 0, 0, 1),
(216, 46, 7, 0, 0, 1),
(217, 46, 10, 1, 0, 1),
(222, 47, 8, 1, 0, 1),
(228, 48, 3, 0, 0, 1),
(230, 48, 6, 0, 1, 1),
(231, 48, 10, 1, 0, 1),
(233, 49, 6, 0, 0, 1),
(234, 49, 10, 1, 0, 1),
(235, 47, 10, 0, 1, 1),
(236, 47, 16, 0, 2, 1),
(237, 47, 15, 0, 1, 1),
(238, 47, 18, 0, 2, 1),
(239, 49, 19, 0, 0, 1),
(240, 49, 8, 0, 0, 1),
(241, 49, 18, 0, 0, 1),
(242, 49, 16, 0, 0, 1),
(243, 49, 20, 0, 0, 1),
(244, 49, 3, 0, 0, 1),
(245, 50, 15, 0, 0, 1),
(246, 50, 18, 0, 0, 1),
(247, 50, 8, 0, 0, 1),
(248, 50, 16, 1, 0, 1),
(249, 49, 15, 0, 0, 1),
(250, 49, 4, 0, 0, 1),
(251, 49, 7, 0, 0, 1),
(252, 51, 7, 0, 0, 1),
(253, 51, 8, 0, 0, 1),
(254, 51, 4, 0, 0, 1),
(255, 51, 18, 0, 0, 1),
(256, 51, 15, 0, 0, 1),
(257, 51, 16, 0, 0, 1),
(258, 51, 19, 0, 0, 1),
(259, 51, 20, 0, 0, 1),
(260, 51, 3, 0, 1, 1),
(261, 51, 6, 0, 1, 1),
(262, 51, 10, 1, 0, 1),
(263, 52, 8, 0, 0, 1),
(264, 52, 4, 0, 0, 1),
(266, 52, 10, 0, 1, 1),
(267, 52, 15, 0, 0, 1),
(268, 52, 16, 0, 0, 1),
(269, 52, 19, 0, 0, 1),
(270, 52, 20, 0, 0, 1),
(272, 52, 17, 0, 1, 1),
(274, 52, 3, 1, 0, 1),
(275, 53, 20, 0, 0, 1),
(276, 53, 15, 0, 0, 1),
(277, 53, 8, 0, 0, 1),
(278, 53, 7, 1, 0, 1),
(286, 55, 18, 1, 0, 1),
(287, 56, 14, 0, 0, 1),
(289, 56, 12, 0, 0, 1),
(290, 56, 5, 0, 0, 1),
(291, 56, 13, 1, 0, 1),
(292, 57, 15, 0, 0, 1),
(294, 57, 4, 0, 0, 1),
(296, 57, 7, 0, 0, 1),
(297, 57, 16, 1, 0, 1),
(298, 58, 19, 0, 0, 1),
(299, 58, 20, 0, 0, 1),
(300, 58, 3, 0, 1, 1),
(301, 58, 6, 0, 1, 1),
(302, 58, 7, 0, 0, 1),
(303, 58, 15, 0, 0, 1),
(304, 58, 16, 1, 0, 1),
(305, 56, 11, 0, 1, 1),
(306, 59, 16, 0, 0, 1),
(307, 59, 15, 0, 0, 1),
(308, 59, 8, 0, 0, 1),
(309, 59, 7, 1, 0, 1),
(310, 60, 3, 0, 0, 1),
(311, 60, 16, 0, 0, 1),
(312, 60, 8, 0, 1, 1),
(313, 60, 7, 1, 0, 1),
(314, 61, 3, 0, 0, 1),
(315, 61, 16, 0, 0, 1),
(316, 61, 15, 0, 0, 1),
(317, 61, 8, 0, 0, 1),
(318, 61, 7, 1, 0, 1),
(319, 62, 3, 0, 0, 1),
(320, 62, 16, 0, 0, 1),
(321, 62, 15, 0, 0, 1),
(322, 62, 8, 0, 0, 1),
(323, 62, 7, 1, 0, 1),
(325, 63, 18, 0, 1, 1),
(326, 63, 4, 0, 0, 1),
(327, 63, 15, 0, 0, 1),
(328, 63, 16, 1, 0, 1),
(329, 64, 3, 0, 1, 1),
(330, 64, 16, 0, 1, 1),
(331, 64, 15, 0, 0, 1),
(333, 64, 7, 1, 0, 1),
(334, 65, 3, 0, 1, 1),
(335, 65, 16, 0, 0, 1),
(336, 65, 15, 0, 0, 1),
(337, 65, 8, 0, 1, 1),
(338, 65, 7, 1, 0, 1),
(339, 55, 3, 0, 1, 1),
(340, 55, 16, 0, 0, 1),
(341, 55, 15, 0, 0, 1),
(342, 55, 8, 0, 0, 1),
(343, 66, 7, 0, 1, 1),
(344, 66, 8, 0, 1, 1),
(345, 66, 15, 0, 0, 1),
(346, 66, 16, 0, 0, 1),
(347, 66, 18, 1, 0, 1),
(348, 63, 19, 0, 0, 1),
(349, 63, 10, 0, 1, 1),
(350, 63, 7, 0, 0, 1),
(351, 52, 7, 0, 0, 1),
(352, 67, 21, 0, 1, 1),
(353, 67, 17, 1, 0, 1),
(354, 68, 13, 0, 1, 1),
(355, 68, 11, 0, 0, 1),
(356, 68, 5, 1, 0, 1),
(357, 69, 11, 0, 1, 1),
(358, 69, 17, 0, 1, 1),
(359, 69, 12, 0, 0, 1),
(360, 69, 7, 0, 0, 1),
(361, 69, 13, 0, 1, 1),
(362, 69, 18, 0, 0, 1),
(363, 69, 10, 0, 0, 1),
(364, 69, 9, 1, 0, 1),
(365, 70, 7, 0, 0, 1),
(366, 70, 15, 0, 1, 1),
(367, 70, 3, 0, 1, 1),
(369, 70, 16, 1, 0, 1),
(371, 71, 16, 0, 0, 1),
(372, 71, 21, 0, 0, 1),
(373, 71, 18, 0, 0, 1),
(374, 71, 8, 0, 0, 1),
(375, 71, 7, 0, 1, 1),
(376, 71, 15, 1, 0, 1),
(377, 72, 14, 0, 0, 1),
(378, 72, 13, 0, 1, 1),
(379, 72, 12, 0, 0, 1),
(380, 72, 5, 0, 1, 1),
(381, 72, 11, 1, 0, 1),
(382, 73, 13, 0, 1, 1),
(383, 73, 7, 0, 0, 1),
(384, 73, 11, 0, 1, 1),
(385, 73, 12, 0, 0, 1),
(386, 73, 8, 0, 0, 1),
(387, 73, 18, 0, 0, 1),
(388, 73, 10, 0, 1, 1),
(389, 73, 15, 0, 0, 1),
(390, 73, 9, 0, 0, 1),
(391, 73, 16, 0, 0, 1),
(392, 73, 19, 0, 0, 1),
(393, 73, 20, 0, 0, 1),
(394, 73, 3, 0, 0, 1),
(395, 73, 6, 0, 0, 1),
(396, 73, 14, 0, 0, 1),
(397, 73, 5, 1, 0, 1),
(398, 74, 11, 0, 0, 1),
(399, 74, 12, 0, 0, 1),
(400, 74, 5, 0, 1, 1),
(401, 74, 13, 1, 0, 1),
(402, 75, 14, 0, 0, 1),
(403, 75, 13, 0, 0, 1),
(404, 75, 12, 0, 0, 1),
(405, 75, 5, 0, 0, 1),
(406, 75, 11, 1, 0, 1),
(407, 76, 6, 0, 0, 1),
(408, 76, 3, 0, 1, 1),
(409, 76, 20, 0, 0, 1),
(410, 76, 19, 0, 0, 1),
(411, 76, 16, 0, 0, 1),
(412, 76, 15, 0, 0, 1),
(413, 76, 8, 0, 0, 1),
(414, 76, 7, 1, 0, 1),
(415, 77, 6, 0, 0, 1),
(416, 77, 3, 0, 0, 1),
(417, 77, 19, 0, 0, 1),
(418, 77, 20, 0, 0, 1),
(419, 77, 16, 0, 0, 1),
(420, 77, 15, 0, 0, 1),
(421, 77, 4, 0, 0, 1),
(422, 77, 21, 0, 0, 1),
(423, 77, 8, 0, 0, 1),
(424, 77, 7, 1, 0, 1),
(443, 83, 3, 0, 0, 1),
(444, 83, 20, 0, 0, 1),
(445, 83, 19, 0, 0, 1),
(446, 83, 5, 0, 0, 1),
(447, 83, 16, 0, 0, 1),
(448, 83, 15, 0, 0, 1),
(449, 83, 10, 0, 1, 1),
(450, 83, 17, 1, 0, 1),
(451, 84, 19, 0, 0, 1),
(452, 84, 20, 0, 0, 1),
(453, 84, 6, 0, 1, 1),
(454, 84, 7, 0, 0, 1),
(455, 84, 3, 1, 0, 1),
(456, 85, 14, 0, 0, 1),
(457, 85, 17, 0, 0, 1),
(458, 85, 12, 0, 0, 1),
(459, 85, 8, 0, 0, 1),
(460, 85, 4, 0, 0, 1),
(461, 85, 21, 0, 0, 1),
(462, 85, 5, 0, 1, 1),
(463, 85, 11, 1, 0, 1),
(464, 86, 15, 0, 0, 1),
(465, 86, 8, 0, 0, 1),
(466, 86, 7, 0, 0, 1),
(467, 86, 4, 0, 0, 1),
(468, 86, 21, 0, 0, 1),
(469, 86, 18, 0, 0, 1),
(470, 86, 20, 0, 0, 1),
(471, 86, 19, 0, 0, 1),
(472, 86, 3, 0, 0, 1),
(473, 86, 6, 0, 0, 1),
(474, 86, 16, 1, 0, 1),
(482, 88, 22, 1, 0, 1),
(483, 89, 8, 0, 0, 1),
(484, 89, 23, 0, 0, 1),
(485, 89, 15, 0, 0, 1),
(486, 89, 22, 1, 0, 1),
(487, 90, 8, 0, 0, 1),
(488, 90, 23, 0, 1, 1),
(489, 90, 15, 0, 0, 1),
(490, 90, 22, 1, 0, 1),
(491, 91, 8, 0, 0, 1),
(492, 91, 10, 0, 0, 1),
(493, 91, 19, 0, 0, 1),
(494, 91, 20, 0, 0, 1),
(495, 91, 6, 0, 0, 1),
(496, 91, 3, 0, 0, 1),
(497, 91, 22, 1, 0, 1),
(498, 92, 8, 0, 0, 1),
(499, 92, 10, 0, 0, 1),
(500, 92, 19, 0, 0, 1),
(502, 92, 6, 0, 0, 1),
(503, 92, 3, 0, 0, 1),
(504, 92, 22, 1, 0, 1),
(505, 93, 7, 0, 0, 1),
(506, 93, 8, 0, 0, 1),
(507, 93, 10, 0, 1, 1),
(508, 93, 19, 0, 0, 1),
(509, 93, 6, 0, 0, 1),
(510, 93, 3, 1, 0, 1),
(511, 88, 16, 0, 0, 1),
(512, 94, 22, 0, 1, 1),
(514, 94, 23, 1, 0, 1),
(515, 94, 18, 0, 0, 1),
(516, 94, 21, 0, 0, 1),
(517, 94, 4, 0, 0, 1),
(518, 94, 7, 0, 0, 1),
(519, 95, 13, 0, 0, 1),
(520, 95, 14, 0, 0, 1),
(521, 95, 12, 0, 0, 1),
(522, 95, 9, 0, 0, 1),
(523, 95, 5, 0, 0, 1),
(524, 95, 11, 1, 0, 1),
(525, 96, 13, 0, 0, 1),
(526, 96, 12, 0, 0, 1),
(527, 96, 9, 0, 0, 1),
(528, 96, 5, 0, 0, 1),
(529, 96, 11, 1, 0, 1),
(530, 97, 13, 0, 0, 1),
(531, 97, 12, 0, 0, 1),
(532, 97, 9, 0, 0, 1),
(533, 97, 5, 0, 0, 1),
(534, 97, 11, 1, 0, 1),
(535, 98, 7, 0, 0, 1),
(536, 98, 3, 0, 0, 1),
(537, 98, 20, 0, 0, 1),
(538, 98, 22, 1, 0, 1),
(539, 99, 6, 0, 0, 1),
(540, 99, 3, 0, 0, 1),
(541, 99, 22, 1, 0, 1),
(542, 100, 13, 0, 0, 1),
(543, 100, 11, 0, 0, 1),
(544, 100, 9, 0, 0, 1),
(545, 100, 5, 0, 0, 1),
(546, 100, 22, 1, 0, 1),
(547, 101, 14, 0, 0, 1),
(548, 101, 13, 0, 0, 1),
(549, 101, 7, 0, 0, 1),
(550, 101, 11, 1, 0, 1),
(551, 102, 14, 0, 0, 1),
(552, 102, 13, 0, 0, 1),
(553, 102, 5, 0, 0, 1),
(554, 102, 19, 0, 0, 1),
(555, 102, 11, 1, 0, 1),
(556, 103, 14, 0, 0, 1),
(557, 103, 13, 0, 0, 1),
(558, 103, 7, 0, 0, 1),
(559, 103, 11, 0, 0, 1),
(560, 103, 12, 0, 0, 1),
(561, 103, 17, 1, 0, 1),
(562, 104, 5, 0, 0, 1),
(563, 104, 19, 0, 0, 1),
(564, 104, 20, 0, 0, 1),
(565, 104, 3, 0, 0, 1),
(566, 104, 11, 1, 0, 1),
(567, 105, 15, 0, 0, 1),
(568, 105, 5, 0, 0, 1),
(569, 105, 19, 0, 0, 1),
(570, 105, 20, 0, 0, 1),
(571, 105, 11, 1, 0, 1),
(572, 106, 14, 0, 1, 1),
(573, 106, 13, 0, 0, 1),
(574, 106, 12, 0, 0, 1),
(575, 106, 5, 0, 0, 1),
(576, 106, 11, 1, 0, 1),
(577, 107, 13, 0, 0, 1),
(578, 107, 12, 0, 0, 1),
(579, 107, 5, 0, 0, 1),
(580, 107, 11, 1, 0, 1),
(581, 108, 14, 0, 1, 1),
(582, 108, 11, 0, 0, 1),
(583, 108, 12, 0, 0, 1),
(584, 108, 9, 0, 0, 1),
(585, 108, 13, 1, 0, 1),
(586, 109, 3, 0, 1, 1),
(587, 109, 6, 0, 0, 1),
(588, 109, 19, 0, 1, 1),
(589, 109, 20, 1, 0, 1),
(590, 110, 13, 0, 0, 1),
(591, 110, 12, 0, 0, 1),
(592, 110, 5, 0, 0, 1),
(593, 110, 11, 1, 0, 1),
(594, 111, 13, 0, 0, 1),
(595, 111, 3, 0, 0, 1),
(596, 111, 5, 1, 0, 1),
(597, 112, 11, 0, 1, 1),
(598, 112, 12, 0, 0, 1),
(599, 112, 13, 0, 0, 1),
(600, 112, 14, 1, 0, 1),
(601, 113, 14, 0, 1, 1),
(602, 113, 13, 0, 0, 1),
(603, 113, 12, 0, 0, 1),
(604, 113, 9, 0, 0, 1),
(605, 113, 5, 0, 0, 1),
(606, 113, 11, 1, 0, 1),
(607, 114, 13, 0, 2, 1),
(608, 114, 14, 0, 1, 1),
(609, 114, 12, 0, 1, 1),
(610, 114, 9, 0, 2, 1),
(612, 114, 11, 1, 0, 1),
(613, 115, 14, 0, 1, 1),
(614, 115, 12, 1, 0, 1),
(615, 116, 14, 0, 0, 1),
(616, 116, 13, 0, 0, 1),
(617, 116, 7, 0, 1, 1),
(618, 116, 11, 0, 0, 1),
(619, 116, 8, 0, 0, 1),
(620, 116, 5, 0, 0, 1),
(621, 116, 12, 1, 0, 1),
(622, 117, 11, 0, 0, 1),
(623, 117, 14, 1, 0, 1),
(624, 118, 13, 0, 0, 1),
(625, 118, 11, 0, 0, 1),
(626, 118, 14, 0, 0, 1),
(627, 118, 3, 0, 0, 1),
(628, 118, 5, 1, 0, 1),
(629, 119, 25, 0, 0, 1),
(630, 119, 10, 0, 1, 1),
(631, 119, 3, 1, 0, 1),
(632, 120, 25, 0, 1, 1),
(633, 120, 10, 0, 1, 1),
(634, 120, 3, 1, 0, 1),
(635, 121, 25, 0, 1, 1),
(638, 121, 4, 0, 0, 1),
(639, 121, 21, 0, 0, 1),
(640, 121, 15, 0, 0, 1),
(641, 121, 10, 1, 0, 1),
(643, 122, 10, 0, 1, 1),
(644, 122, 8, 1, 0, 1),
(646, 123, 20, 0, 1, 1),
(647, 123, 19, 0, 1, 1),
(648, 123, 10, 0, 1, 1),
(649, 123, 3, 1, 0, 1),
(651, 124, 19, 0, 0, 1),
(652, 124, 6, 0, 2, 1),
(653, 124, 10, 1, 0, 1),
(654, 125, 20, 0, 0, 1),
(655, 125, 19, 0, 0, 1),
(656, 125, 6, 0, 2, 1),
(657, 125, 8, 0, 0, 1),
(658, 125, 10, 1, 0, 1),
(659, 126, 10, 0, 0, 1),
(660, 126, 20, 0, 0, 1),
(661, 126, 6, 0, 0, 1),
(662, 126, 19, 1, 0, 1),
(663, 127, 20, 0, 0, 1),
(664, 127, 6, 0, 0, 1),
(665, 127, 10, 0, 0, 1),
(666, 127, 19, 1, 0, 1),
(667, 128, 20, 0, 0, 1),
(668, 128, 6, 0, 0, 1),
(669, 128, 10, 0, 1, 1),
(670, 128, 19, 1, 0, 1);

-- --------------------------------------------------------

--
-- Table structure for table `favorites`
--

CREATE TABLE `favorites` (
  `favId` int(11) NOT NULL,
  `user_id` int(11) NOT NULL,
  `favUserId` int(11) NOT NULL,
  `crd` datetime NOT NULL
) ENGINE=InnoDB DEFAULT CHARSET=latin1;

--
-- Dumping data for table `favorites`
--

INSERT INTO `favorites` (`favId`, `user_id`, `favUserId`, `crd`) VALUES
(1, 8, 5, '2019-04-24 13:50:51'),
(4, 7, 3, '2019-04-24 10:02:07'),
(11, 10, 3, '2019-04-24 16:27:50'),
(17, 11, 5, '2019-04-26 17:02:32'),
(19, 4, 3, '2019-04-27 12:33:27'),
(20, 13, 12, '2019-04-29 13:26:15'),
(21, 13, 8, '2019-04-29 13:30:53'),
(22, 13, 7, '2019-04-29 13:31:11'),
(23, 13, 10, '2019-04-29 13:31:32'),
(24, 13, 5, '2019-04-29 13:31:51'),
(25, 16, 15, '2019-04-29 09:14:57'),
(32, 6, 7, '2019-04-29 18:04:11'),
(34, 13, 11, '2019-04-29 15:25:25'),
(35, 3, 15, '2019-04-30 05:01:36'),
(39, 18, 8, '2019-04-30 12:42:31'),
(40, 8, 7, '2019-04-30 14:09:42'),
(42, 18, 19, '2019-04-30 14:39:59'),
(43, 18, 3, '2019-04-30 14:40:19'),
(44, 18, 16, '2019-04-30 16:48:03'),
(45, 6, 3, '2019-04-30 11:21:31'),
(47, 8, 18, '2019-04-30 12:13:09'),
(48, 16, 18, '2019-04-30 17:59:30'),
(49, 3, 7, '2019-04-30 13:09:27'),
(50, 7, 8, '2019-05-01 07:10:23'),
(51, 16, 7, '2019-05-01 14:04:44'),
(52, 16, 6, '2019-05-01 14:06:39'),
(69, 3, 6, '2019-05-01 12:06:25'),
(70, 16, 3, '2019-05-01 17:49:26'),
(71, 16, 12, '2019-05-01 17:49:39'),
(72, 16, 17, '2019-05-01 17:49:48'),
(75, 8, 15, '2019-05-02 10:55:15'),
(79, 10, 6, '2019-05-02 18:22:26'),
(80, 16, 8, '2019-05-03 09:35:40'),
(81, 8, 16, '2019-05-03 09:36:04'),
(83, 23, 22, '2019-05-08 07:43:45'),
(84, 11, 9, '2019-05-08 14:21:22');

-- --------------------------------------------------------

--
-- Table structure for table `friends`
--

CREATE TABLE `friends` (
  `friendId` int(11) NOT NULL,
  `byId` int(11) NOT NULL,
  `forId` int(11) NOT NULL,
  `status` int(11) NOT NULL DEFAULT '1' COMMENT '1:Active,0:Inactive',
  `crd` datetime NOT NULL,
  `upd` datetime NOT NULL
) ENGINE=InnoDB DEFAULT CHARSET=latin1;

--
-- Dumping data for table `friends`
--

INSERT INTO `friends` (`friendId`, `byId`, `forId`, `status`, `crd`, `upd`) VALUES
(1, 6, 10, 1, '2019-04-24 16:42:32', '0000-00-00 00:00:00'),
(3, 12, 11, 1, '2019-04-26 16:17:35', '0000-00-00 00:00:00'),
(4, 11, 5, 1, '2019-04-26 17:03:28', '0000-00-00 00:00:00'),
(7, 3, 6, 1, '2019-04-29 10:32:28', '0000-00-00 00:00:00'),
(9, 7, 3, 1, '2019-04-29 12:19:31', '0000-00-00 00:00:00'),
(10, 11, 13, 1, '2019-04-29 15:18:44', '0000-00-00 00:00:00'),
(11, 8, 18, 1, '2019-04-30 10:44:11', '0000-00-00 00:00:00'),
(12, 7, 16, 1, '2019-05-01 06:41:00', '0000-00-00 00:00:00'),
(13, 8, 16, 1, '2019-05-01 06:41:02', '0000-00-00 00:00:00'),
(14, 8, 15, 1, '2019-05-01 08:43:41', '0000-00-00 00:00:00'),
(15, 15, 16, 1, '2019-05-01 08:47:21', '0000-00-00 00:00:00'),
(16, 16, 15, 1, '2019-05-01 17:45:13', '0000-00-00 00:00:00'),
(17, 10, 13, 1, '2019-05-06 12:37:41', '0000-00-00 00:00:00'),
(18, 22, 23, 1, '2019-05-08 09:04:55', '0000-00-00 00:00:00');

-- --------------------------------------------------------

--
-- Table structure for table `interests`
--

CREATE TABLE `interests` (
  `interestId` int(11) NOT NULL,
  `interest` varchar(255) NOT NULL,
  `type` tinyint(4) NOT NULL DEFAULT '0' COMMENT '0:Default,1:Custom',
  `status` tinyint(4) NOT NULL DEFAULT '1' COMMENT '1:Active,0:Inactive',
  `crd` datetime NOT NULL,
  `upd` datetime NOT NULL
) ENGINE=InnoDB DEFAULT CHARSET=latin1;

--
-- Dumping data for table `interests`
--

INSERT INTO `interests` (`interestId`, `interest`, `type`, `status`, `crd`, `upd`) VALUES
(1, 'Video Game ', 0, 1, '0000-00-00 00:00:00', '0000-00-00 00:00:00'),
(2, 'Badminton', 0, 1, '0000-00-00 00:00:00', '0000-00-00 00:00:00'),
(3, 'Cricket', 0, 1, '0000-00-00 00:00:00', '0000-00-00 00:00:00'),
(4, 'Hockey', 0, 1, '0000-00-00 00:00:00', '0000-00-00 00:00:00'),
(5, 'Table Tennis', 0, 1, '0000-00-00 00:00:00', '0000-00-00 00:00:00'),
(6, 'Football', 0, 1, '0000-00-00 00:00:00', '0000-00-00 00:00:00'),
(7, 'Carrom', 0, 1, '0000-00-00 00:00:00', '0000-00-00 00:00:00'),
(8, 'Basketball', 0, 1, '0000-00-00 00:00:00', '0000-00-00 00:00:00'),
(13, 'Chess', 0, 1, '2018-02-13 10:52:56', '2018-02-13 10:52:56'),
(14, 'Hide and seeck', 1, 1, '2018-02-13 10:54:08', '2018-02-13 10:54:08'),
(15, 'Kabaddy', 1, 1, '2018-02-27 05:11:47', '2018-02-27 05:11:47'),
(21, 'Music', 1, 1, '2018-03-03 13:42:32', '2018-03-03 13:42:32'),
(32, 'Dance', 0, 1, '0000-00-00 00:00:00', '0000-00-00 00:00:00'),
(35, 'Movie', 1, 1, '2018-03-22 08:47:40', '2018-03-22 08:47:40'),
(118, 'bollywood', 1, 1, '2018-06-05 16:55:21', '2018-06-05 16:55:21'),
(119, 'painting', 1, 1, '2018-06-05 16:55:21', '2018-06-05 16:55:21'),
(120, 'drawing', 1, 1, '2018-06-05 16:55:21', '2018-06-05 16:55:21'),
(121, 'coding', 1, 1, '2018-06-05 16:55:21', '2018-06-05 16:55:21'),
(123, 'designing', 1, 1, '2018-06-05 17:34:11', '2018-06-05 17:34:11'),
(124, 'testing', 1, 1, '2018-06-05 17:34:11', '2018-06-05 17:34:11'),
(125, 'snooker', 1, 1, '2018-06-06 05:36:06', '2018-06-06 05:36:06'),
(126, 'Handball ', 0, 1, '0000-00-00 00:00:00', '0000-00-00 00:00:00'),
(127, 'Sketching', 1, 1, '2018-06-19 16:46:16', '2018-06-19 16:46:16'),
(128, 'Painting', 1, 1, '2018-06-19 16:46:16', '2018-06-19 16:46:16'),
(129, 'Drawing', 1, 1, '2018-06-19 16:46:16', '2018-06-19 16:46:16'),
(135, 'development', 1, 1, '2018-09-03 15:30:06', '2018-09-03 15:30:06'),
(136, 'sketching', 1, 1, '2018-09-04 05:38:42', '2018-09-04 05:38:42'),
(171, 'Bidding', 1, 1, '2018-12-05 06:47:44', '2018-12-05 06:47:44'),
(172, 'basketball with cricket ball sometime tennis racket', 1, 1, '2018-12-10 13:06:03', '2018-12-10 13:06:03'),
(178, 'Playing Guitar', 1, 1, '2018-12-29 15:23:05', '2018-12-29 15:23:05'),
(179, 'Ashish', 1, 1, '2019-01-04 10:50:07', '2019-01-04 10:50:07'),
(180, 'jack', 1, 1, '2019-01-30 12:46:53', '2019-01-30 12:46:53'),
(181, 'zonal', 1, 1, '2019-01-30 12:46:53', '2019-01-30 12:46:53'),
(182, 'gnhgnghjfghjgh', 1, 1, '2019-01-30 12:46:53', '2019-01-30 12:46:53'),
(183, 'art & craft', 1, 1, '2019-03-09 12:05:54', '2019-03-09 12:05:54');

-- --------------------------------------------------------

--
-- Table structure for table `likes`
--

CREATE TABLE `likes` (
  `likeId` int(11) NOT NULL,
  `user_id` int(11) NOT NULL,
  `likeUserId` int(11) NOT NULL,
  `crd` datetime NOT NULL
) ENGINE=InnoDB DEFAULT CHARSET=latin1;

--
-- Dumping data for table `likes`
--

INSERT INTO `likes` (`likeId`, `user_id`, `likeUserId`, `crd`) VALUES
(2, 8, 5, '2019-04-24 13:50:44'),
(3, 6, 10, '2019-04-24 09:28:20'),
(5, 10, 3, '2019-04-24 15:01:02'),
(6, 7, 3, '2019-04-24 10:01:40'),
(12, 10, 7, '2019-04-24 16:26:10'),
(14, 6, 7, '2019-04-24 10:59:55'),
(16, 3, 6, '2019-04-24 13:19:00'),
(17, 12, 11, '2019-04-26 16:15:07'),
(18, 13, 12, '2019-04-29 13:26:11'),
(19, 13, 8, '2019-04-29 13:30:51'),
(20, 13, 7, '2019-04-29 13:31:13'),
(21, 13, 10, '2019-04-29 13:31:29'),
(22, 13, 5, '2019-04-29 13:31:53'),
(23, 15, 16, '2019-04-29 09:14:49'),
(26, 16, 15, '2019-04-29 10:46:06'),
(30, 13, 11, '2019-04-29 15:25:30'),
(31, 16, 18, '2019-04-30 07:03:44'),
(33, 18, 8, '2019-04-30 12:34:51'),
(35, 8, 7, '2019-04-30 14:09:34'),
(36, 18, 16, '2019-04-30 14:21:06'),
(37, 18, 19, '2019-04-30 14:39:57'),
(38, 18, 3, '2019-04-30 14:40:22'),
(39, 6, 3, '2019-04-30 11:21:22'),
(40, 3, 7, '2019-04-30 13:09:31'),
(43, 16, 7, '2019-04-30 13:23:08'),
(44, 7, 8, '2019-05-01 07:10:20'),
(45, 7, 16, '2019-05-01 07:33:07'),
(46, 16, 6, '2019-05-01 14:06:36'),
(47, 15, 8, '2019-05-01 08:41:07'),
(48, 8, 15, '2019-05-01 08:43:33'),
(54, 10, 6, '2019-05-02 18:22:20'),
(55, 16, 8, '2019-05-03 09:35:26'),
(56, 8, 16, '2019-05-03 09:36:00'),
(57, 3, 11, '2019-05-06 10:44:26'),
(58, 3, 13, '2019-05-06 10:58:31'),
(59, 23, 22, '2019-05-08 07:44:04');

-- --------------------------------------------------------

--
-- Table structure for table `notifications`
--

CREATE TABLE `notifications` (
  `notId` int(11) NOT NULL,
  `notificationBy` int(11) NOT NULL,
  `notificationFor` int(11) NOT NULL,
  `message` text NOT NULL,
  `notificationType` varchar(255) NOT NULL,
  `referenceId` int(11) NOT NULL,
  `isRead` tinyint(4) NOT NULL DEFAULT '0',
  `webShow` tinyint(4) NOT NULL DEFAULT '0',
  `status` tinyint(4) NOT NULL DEFAULT '1' COMMENT '1:Active,0:Inactive',
  `crd` datetime NOT NULL,
  `upd` datetime NOT NULL
) ENGINE=InnoDB DEFAULT CHARSET=latin1;

--
-- Dumping data for table `notifications`
--

INSERT INTO `notifications` (`notId`, `notificationBy`, `notificationFor`, `message`, `notificationType`, `referenceId`, `isRead`, `webShow`, `status`, `crd`, `upd`) VALUES
(2, 3, 4, '{\"title\":\"New Appointment\",\"body\":\"[UNAME] has created appointment with you.\",\"type\":\"create_appointment\",\"sound\":\"default\",\"referenceId\":1}', 'create_appointment', 0, 1, 0, 1, '2019-04-23 20:42:38', '0000-00-00 00:00:00'),
(3, 4, 3, '{\"title\":\"Confirmed Appointment\",\"body\":\"[UNAME] has confirmed your appointment.\",\"type\":\"confirmed_appointment\",\"sound\":\"default\",\"referenceId\":\"1\"}', 'confirmed_appointment', 0, 1, 0, 1, '2019-04-23 20:42:55', '0000-00-00 00:00:00'),
(4, 4, 3, '{\"title\":\"Finish Appointment\",\"body\":\"[UNAME] has finished appointment.\",\"type\":\"finish_appointment\",\"sound\":\"default\",\"referenceId\":\"1\"}', 'finish_appointment', 0, 1, 0, 1, '2019-04-23 20:43:23', '0000-00-00 00:00:00'),
(5, 4, 3, '{\"title\":\"Join Event\",\"body\":\"[UNAME] join your event: [ENAME].\",\"type\":\"join_event\",\"sound\":\"default\",\"referenceId\":\"13\",\"compId\":\"\",\"eventMemId\":\"84\",\"createrId\":\"3\"}', 'join_event', 13, 1, 0, 1, '2019-04-23 20:44:50', '0000-00-00 00:00:00'),
(6, 3, 6, '{\"title\":\"New Appointment\",\"body\":\"[UNAME] has created appointment with you.\",\"type\":\"create_appointment\",\"sound\":\"default\",\"referenceId\":2}', 'create_appointment', 0, 1, 1, 1, '2019-04-24 12:59:16', '0000-00-00 00:00:00'),
(7, 8, 7, '{\"title\":\"New Event\",\"body\":\"[UNAME] invited you to attend an event : [ENAME].\",\"type\":\"create_event\",\"sound\":\"default\",\"referenceId\":\"14\",\"compId\":\"\",\"eventMemId\":\"86\",\"createrId\":\"8\"}', 'create_event', 14, 1, 0, 1, '2019-04-24 13:06:43', '0000-00-00 00:00:00'),
(8, 8, 4, '{\"title\":\"New Event\",\"body\":\"[UNAME] invited you to attend an event : [ENAME].\",\"type\":\"create_event\",\"sound\":\"default\",\"referenceId\":\"14\",\"compId\":\"\",\"eventMemId\":\"87\",\"createrId\":\"8\"}', 'create_event', 14, 1, 0, 1, '2019-04-24 13:06:44', '0000-00-00 00:00:00'),
(9, 8, 5, '{\"title\":\"New Event\",\"body\":\"[UNAME] invited you to attend an event : [ENAME].\",\"type\":\"create_event\",\"sound\":\"default\",\"referenceId\":\"14\",\"compId\":\"\",\"eventMemId\":\"88\",\"createrId\":\"8\"}', 'create_event', 14, 1, 0, 1, '2019-04-24 13:06:44', '0000-00-00 00:00:00'),
(10, 8, 3, '{\"title\":\"New Event\",\"body\":\"[UNAME] invited you to attend an event : [ENAME].\",\"type\":\"create_event\",\"sound\":\"default\",\"referenceId\":\"14\",\"compId\":\"\",\"eventMemId\":\"89\",\"createrId\":\"8\"}', 'create_event', 14, 1, 0, 1, '2019-04-24 13:06:44', '0000-00-00 00:00:00'),
(11, 8, 6, '{\"title\":\"New Event\",\"body\":\"[UNAME] invited you to attend an event : [ENAME].\",\"type\":\"create_event\",\"sound\":\"default\",\"referenceId\":\"14\",\"compId\":\"\",\"eventMemId\":\"90\",\"createrId\":\"8\"}', 'create_event', 14, 1, 1, 1, '2019-04-24 13:06:44', '0000-00-00 00:00:00'),
(12, 7, 8, '{\"title\":\"Join Event\",\"body\":\"[UNAME] join your event: [ENAME].\",\"type\":\"join_event\",\"sound\":\"default\",\"referenceId\":\"14\",\"compId\":\"\",\"eventMemId\":\"86\",\"createrId\":\"8\"}', 'join_event', 14, 1, 1, 1, '2019-04-24 13:35:58', '0000-00-00 00:00:00'),
(13, 8, 5, '{\"title\":\"Like\",\"body\":\"[UNAME] likes your profile.\",\"type\":\"add_like\",\"sound\":\"default\",\"referenceId\":\"8\"}', 'add_like', 0, 1, 0, 1, '2019-04-24 13:50:45', '0000-00-00 00:00:00'),
(14, 8, 5, '{\"title\":\"Favorite\",\"body\":\"[UNAME]Favorite\",\"type\":\"add_favorite\",\"sound\":\"default\",\"referenceId\":\"8\"}', 'add_favorite', 0, 1, 0, 1, '2019-04-24 13:50:51', '0000-00-00 00:00:00'),
(15, 8, 5, '{\"title\":\"Friend Request\",\"body\":\"[UNAME] has sent you a friend request.\",\"type\":\"friend_request\",\"sound\":\"default\",\"referenceId\":\"8\"}', 'friend_request', 0, 1, 0, 1, '2019-04-24 13:51:08', '0000-00-00 00:00:00'),
(16, 7, 8, '{\"title\":\"New Appointment\",\"body\":\"[UNAME] has created appointment with you.\",\"type\":\"create_appointment\",\"sound\":\"default\",\"referenceId\":3}', 'create_appointment', 0, 1, 1, 1, '2019-04-24 14:36:47', '0000-00-00 00:00:00'),
(17, 7, 8, '{\"title\":\"New Appointment\",\"body\":\"[UNAME] has created appointment with you.\",\"type\":\"create_appointment\",\"sound\":\"default\",\"referenceId\":4}', 'create_appointment', 0, 1, 1, 1, '2019-04-24 14:37:15', '0000-00-00 00:00:00'),
(18, 6, 10, '{\"title\":\"Like\",\"body\":\"[UNAME] liked your profile.\",\"type\":\"add_like\",\"sound\":\"default\",\"referenceId\":\"6\"}', 'add_like', 0, 1, 1, 1, '2019-04-24 09:28:21', '0000-00-00 00:00:00'),
(21, 10, 6, '{\"title\":\"Friend Request\",\"body\":\"[UNAME] has sent you a friend request.\",\"type\":\"friend_request\",\"sound\":\"default\",\"referenceId\":\"10\"}', 'friend_request', 0, 1, 1, 1, '2019-04-24 14:59:31', '0000-00-00 00:00:00'),
(22, 10, 3, '{\"title\":\"Like\",\"body\":\"[UNAME] likes your profile.\",\"type\":\"add_like\",\"sound\":\"default\",\"referenceId\":\"10\"}', 'add_like', 0, 1, 0, 1, '2019-04-24 15:01:02', '0000-00-00 00:00:00'),
(24, 10, 3, '{\"title\":\"Friend Request\",\"body\":\"[UNAME] has sent you a friend request.\",\"type\":\"friend_request\",\"sound\":\"default\",\"referenceId\":\"10\"}', 'friend_request', 0, 1, 0, 1, '2019-04-24 15:01:17', '0000-00-00 00:00:00'),
(25, 7, 3, '{\"title\":\"Like\",\"body\":\"[UNAME] liked your profile.\",\"type\":\"add_like\",\"sound\":\"default\",\"referenceId\":\"7\"}', 'add_like', 0, 1, 0, 1, '2019-04-24 10:01:40', '0000-00-00 00:00:00'),
(26, 7, 3, '{\"title\":\"Favorite\",\"body\":\"[UNAME] added you as a favorite.\",\"type\":\"add_favorite\",\"sound\":\"default\",\"referenceId\":\"7\"}', 'add_favorite', 0, 1, 0, 1, '2019-04-24 10:02:07', '0000-00-00 00:00:00'),
(37, 10, 7, '{\"title\":\"Like\",\"body\":\"[UNAME] likes your profile.\",\"type\":\"add_like\",\"sound\":\"default\",\"referenceId\":\"10\"}', 'add_like', 0, 1, 0, 1, '2019-04-24 16:26:11', '0000-00-00 00:00:00'),
(38, 10, 7, '{\"title\":\"Favorite\",\"body\":\"[UNAME]Favorite\",\"type\":\"add_favorite\",\"sound\":\"default\",\"referenceId\":\"10\"}', 'add_favorite', 0, 1, 0, 1, '2019-04-24 16:26:32', '0000-00-00 00:00:00'),
(39, 10, 3, '{\"title\":\"Favorite\",\"body\":\"[UNAME]Favorite\",\"type\":\"add_favorite\",\"sound\":\"default\",\"referenceId\":\"10\"}', 'add_favorite', 0, 1, 0, 1, '2019-04-24 16:27:50', '0000-00-00 00:00:00'),
(43, 6, 7, '{\"title\":\"Like\",\"body\":\"[UNAME] liked your profile.\",\"type\":\"add_like\",\"sound\":\"default\",\"referenceId\":\"6\"}', 'add_like', 0, 1, 0, 1, '2019-04-24 10:59:55', '0000-00-00 00:00:00'),
(45, 6, 10, '{\"title\":\"Request Accepted\",\"body\":\"[UNAME] has accepted your friend request.\",\"type\":\"accept_request\",\"sound\":\"default\",\"referenceId\":\"6\"}', 'accept_request', 0, 1, 1, 1, '2019-04-24 16:42:32', '0000-00-00 00:00:00'),
(49, 6, 3, '{\"title\":\"Request Accepted\",\"body\":\"[UNAME] has accepted your friend request.\",\"type\":\"accept_request\",\"sound\":\"default\",\"referenceId\":\"6\"}', 'accept_request', 0, 1, 0, 1, '2019-04-24 12:32:23', '0000-00-00 00:00:00'),
(50, 3, 6, '{\"title\":\"New Appointment\",\"body\":\"[UNAME] has created appointment with you.\",\"type\":\"create_appointment\",\"sound\":\"default\",\"referenceId\":5}', 'create_appointment', 0, 1, 1, 1, '2019-04-24 18:13:20', '0000-00-00 00:00:00'),
(51, 3, 7, '{\"title\":\"Join Event\",\"body\":\"[UNAME] join your event: [ENAME].\",\"type\":\"join_event\",\"sound\":\"default\",\"referenceId\":\"16\",\"compId\":\"\",\"eventMemId\":\"98\",\"createrId\":\"7\"}', 'join_event', 16, 1, 0, 1, '2019-04-24 18:18:43', '0000-00-00 00:00:00'),
(52, 3, 9, '{\"title\":\"Join Event\",\"body\":\"[UNAME] join your event: [ENAME].\",\"type\":\"join_event\",\"sound\":\"default\",\"referenceId\":\"15\",\"compId\":\"\",\"eventMemId\":\"93\",\"createrId\":\"9\"}', 'join_event', 15, 1, 0, 1, '2019-04-24 18:21:13', '0000-00-00 00:00:00'),
(54, 6, 3, '{\"title\":\"Join Event\",\"body\":\"[UNAME] join your event: [ENAME].\",\"type\":\"join_event\",\"sound\":\"default\",\"referenceId\":\"17\",\"compId\":\"\",\"eventMemId\":\"104\",\"createrId\":\"3\"}', 'join_event', 17, 1, 0, 1, '2019-04-24 18:33:01', '0000-00-00 00:00:00'),
(55, 10, 3, '{\"title\":\"New Event\",\"body\":\"[UNAME] invited you to attend an event : [ENAME].\",\"type\":\"create_event\",\"sound\":\"default\",\"referenceId\":\"18\",\"compId\":\"\",\"eventMemId\":\"109\",\"createrId\":\"10\"}', 'create_event', 18, 1, 0, 1, '2019-04-24 18:45:44', '0000-00-00 00:00:00'),
(56, 3, 6, '{\"title\":\"Like\",\"body\":\"[UNAME] liked your profile.\",\"type\":\"add_like\",\"sound\":\"default\",\"referenceId\":\"3\"}', 'add_like', 0, 1, 1, 1, '2019-04-24 13:19:01', '0000-00-00 00:00:00'),
(57, 10, 3, '{\"title\":\"New Event\",\"body\":\"[UNAME] invited you to attend an event : [ENAME].\",\"type\":\"create_event\",\"sound\":\"default\",\"referenceId\":\"18\",\"compId\":\"\",\"eventMemId\":\"109\",\"createrId\":\"10\"}', 'create_event', 18, 1, 0, 1, '2019-04-24 18:50:15', '0000-00-00 00:00:00'),
(58, 10, 6, '{\"title\":\"New Event\",\"body\":\"[UNAME] invited you to attend an event : [ENAME].\",\"type\":\"create_event\",\"sound\":\"default\",\"referenceId\":\"18\",\"compId\":\"\",\"eventMemId\":\"111\",\"createrId\":\"10\"}', 'create_event', 18, 1, 1, 1, '2019-04-24 18:50:15', '0000-00-00 00:00:00'),
(59, 6, 10, '{\"title\":\"Join Event\",\"body\":\"[UNAME] join your event: [ENAME].\",\"type\":\"join_event\",\"sound\":\"default\",\"referenceId\":\"18\",\"compId\":\"\",\"eventMemId\":\"111\",\"createrId\":\"10\"}', 'join_event', 18, 1, 1, 1, '2019-04-24 18:51:04', '0000-00-00 00:00:00'),
(60, 10, 3, '{\"title\":\"New Event\",\"body\":\"[UNAME] invited you to attend an event : [ENAME].\",\"type\":\"create_event\",\"sound\":\"default\",\"referenceId\":\"20\",\"compId\":\"\",\"eventMemId\":\"115\",\"createrId\":\"10\"}', 'create_event', 20, 1, 0, 1, '2019-04-24 18:56:11', '0000-00-00 00:00:00'),
(61, 10, 6, '{\"title\":\"New Event\",\"body\":\"[UNAME] invited you to attend an event : [ENAME].\",\"type\":\"create_event\",\"sound\":\"default\",\"referenceId\":\"20\",\"compId\":\"\",\"eventMemId\":\"116\",\"createrId\":\"10\"}', 'create_event', 20, 1, 1, 1, '2019-04-24 18:56:12', '0000-00-00 00:00:00'),
(63, 10, 3, '{\"title\":\"Join Event\",\"body\":\"[UNAME] joined your event : [ENAME]\",\"type\":\"join_event\",\"sound\":\"default\",\"referenceId\":\"21\",\"compId\":\"\",\"eventMemId\":\"118\",\"createrId\":\"3\"}', 'join_event', 21, 1, 0, 1, '2019-04-25 12:18:44', '0000-00-00 00:00:00'),
(64, 10, 6, '{\"title\":\"Join Event\",\"body\":\"[UNAME] joined your event : [ENAME]\",\"type\":\"join_event\",\"sound\":\"default\",\"referenceId\":\"19\",\"compId\":\"\",\"eventMemId\":\"113\",\"createrId\":\"6\"}', 'join_event', 19, 1, 1, 1, '2019-04-25 12:18:48', '0000-00-00 00:00:00'),
(65, 9, 7, '{\"title\":\"Join Event\",\"body\":\"[UNAME] join your event: [ENAME].\",\"type\":\"join_event\",\"sound\":\"default\",\"referenceId\":\"16\",\"compId\":\"\",\"eventMemId\":\"100\",\"createrId\":\"7\"}', 'join_event', 16, 1, 0, 1, '2019-04-26 02:06:03', '0000-00-00 00:00:00'),
(66, 9, 7, '{\"title\":\"Appointment Review\",\"body\":\"[UNAME] has given you a review.\",\"type\":\"review_appointment\",\"sound\":\"default\",\"referenceId\":\"16\"}', 'review_appointment', 0, 1, 0, 1, '2019-04-26 02:06:43', '0000-00-00 00:00:00'),
(67, 12, 11, '{\"title\":\"Like\",\"body\":\"[UNAME] likes your profile.\",\"type\":\"add_like\",\"sound\":\"default\",\"referenceId\":\"12\"}', 'add_like', 0, 1, 1, 1, '2019-04-26 16:15:08', '0000-00-00 00:00:00'),
(68, 11, 12, '{\"title\":\"Friend Request\",\"body\":\"[UNAME] has sent you friend request.\",\"type\":\"friend_request\",\"sound\":\"default\",\"referenceId\":\"11\"}', 'friend_request', 0, 1, 1, 1, '2019-04-26 10:46:39', '0000-00-00 00:00:00'),
(69, 12, 11, '{\"title\":\"Request Accepted\",\"body\":\"[UNAME] has accepted your friend request.\",\"type\":\"accept_request\",\"sound\":\"default\",\"referenceId\":\"12\"}', 'accept_request', 0, 1, 1, 1, '2019-04-26 16:17:35', '0000-00-00 00:00:00'),
(70, 11, 5, '{\"title\":\"New Appointment\",\"body\":\"[UNAME] has created appointment with you.\",\"type\":\"create_appointment\",\"sound\":\"default\",\"referenceId\":6}', 'create_appointment', 0, 1, 0, 1, '2019-04-26 22:24:48', '0000-00-00 00:00:00'),
(71, 11, 5, '{\"title\":\"Friend Request\",\"body\":\"[UNAME] has sent you friend request.\",\"type\":\"friend_request\",\"sound\":\"default\",\"referenceId\":\"11\"}', 'friend_request', 0, 1, 0, 1, '2019-04-26 17:02:10', '0000-00-00 00:00:00'),
(72, 11, 5, '{\"title\":\"Favorite\",\"body\":\"[UNAME] added you as a favorite.\",\"type\":\"add_favorite\",\"sound\":\"default\",\"referenceId\":\"11\"}', 'add_favorite', 0, 1, 0, 1, '2019-04-26 17:02:32', '0000-00-00 00:00:00'),
(73, 5, 11, '{\"title\":\"Favorite\",\"body\":\"[UNAME] added you as a favorite.\",\"type\":\"add_favorite\",\"sound\":\"default\",\"referenceId\":\"5\"}', 'add_favorite', 0, 1, 1, 1, '2019-04-26 17:03:04', '0000-00-00 00:00:00'),
(74, 5, 11, '{\"title\":\"Friend Request\",\"body\":\"[UNAME] has sent you friend request.\",\"type\":\"friend_request\",\"sound\":\"default\",\"referenceId\":\"5\"}', 'friend_request', 0, 1, 1, 1, '2019-04-26 17:03:11', '0000-00-00 00:00:00'),
(75, 11, 5, '{\"title\":\"Request Accepted\",\"body\":\"[UNAME] has accepted your friend request.\",\"type\":\"accept_request\",\"sound\":\"default\",\"referenceId\":\"11\"}', 'accept_request', 0, 1, 0, 1, '2019-04-26 17:03:29', '0000-00-00 00:00:00'),
(76, 5, 11, '{\"title\":\"Join Event\",\"body\":\"[UNAME] join your event: [ENAME].\",\"type\":\"join_event\",\"sound\":\"default\",\"referenceId\":\"22\",\"compId\":\"\",\"eventMemId\":\"122\",\"createrId\":\"11\"}', 'join_event', 22, 1, 1, 1, '2019-04-26 22:41:53', '0000-00-00 00:00:00'),
(77, 5, 4, '{\"title\":\"Join Event\",\"body\":\"[UNAME] join your event: [ENAME].\",\"type\":\"join_event\",\"sound\":\"default\",\"referenceId\":\"24\",\"compId\":\"\",\"eventMemId\":\"129\",\"createrId\":\"4\"}', 'join_event', 24, 1, 0, 1, '2019-04-27 15:02:55', '0000-00-00 00:00:00'),
(79, 9, 11, '{\"title\":\"Join Event\",\"body\":\"[UNAME] join your event: [ENAME].\",\"type\":\"join_event\",\"sound\":\"default\",\"referenceId\":\"22\",\"compId\":\"\",\"eventMemId\":\"123\",\"createrId\":\"11\"}', 'join_event', 22, 1, 1, 1, '2019-04-27 17:37:00', '0000-00-00 00:00:00'),
(80, 4, 3, '{\"title\":\"Favorite\",\"body\":\"[UNAME] added you as a favorite.\",\"type\":\"add_favorite\",\"sound\":\"default\",\"referenceId\":\"4\"}', 'add_favorite', 0, 1, 0, 1, '2019-04-27 12:33:27', '0000-00-00 00:00:00'),
(81, 11, 13, '{\"title\":\"Join Event\",\"body\":\"[UNAME] join your event: [ENAME].\",\"type\":\"join_event\",\"sound\":\"default\",\"referenceId\":\"27\",\"compId\":\"\",\"eventMemId\":\"135\",\"createrId\":\"13\"}', 'join_event', 27, 1, 0, 1, '2019-04-27 18:08:05', '0000-00-00 00:00:00'),
(82, 13, 11, '{\"title\":\"Join Event\",\"body\":\"[UNAME] join your event: [ENAME].\",\"type\":\"join_event\",\"sound\":\"default\",\"referenceId\":\"28\",\"compId\":\"\",\"eventMemId\":\"138\",\"createrId\":\"11\"}', 'join_event', 28, 1, 1, 1, '2019-04-27 18:10:53', '0000-00-00 00:00:00'),
(83, 5, 11, '{\"title\":\"Join Event\",\"body\":\"[UNAME] join your event: [ENAME].\",\"type\":\"join_event\",\"sound\":\"default\",\"referenceId\":\"28\",\"compId\":\"\",\"eventMemId\":\"140\",\"createrId\":\"11\"}', 'join_event', 28, 1, 1, 1, '2019-04-27 18:10:58', '0000-00-00 00:00:00'),
(84, 11, 13, '{\"title\":\"Join Event\",\"body\":\"[UNAME] join your event: [ENAME].\",\"type\":\"join_event\",\"sound\":\"default\",\"referenceId\":\"30\",\"compId\":\"\",\"eventMemId\":\"146\",\"createrId\":\"13\"}', 'join_event', 30, 1, 0, 1, '2019-04-27 18:17:29', '0000-00-00 00:00:00'),
(86, 13, 5, '{\"title\":\"Friend Request\",\"body\":\"[UNAME] has sent you friend request.\",\"type\":\"friend_request\",\"sound\":\"default\",\"referenceId\":\"13\"}', 'friend_request', 0, 1, 0, 1, '2019-04-27 13:11:28', '0000-00-00 00:00:00'),
(87, 5, 13, '{\"title\":\"Request Accepted\",\"body\":\"[UNAME] has accepted your friend request.\",\"type\":\"accept_request\",\"sound\":\"default\",\"referenceId\":\"5\"}', 'accept_request', 0, 1, 0, 1, '2019-04-27 13:11:45', '0000-00-00 00:00:00'),
(88, 12, 9, '{\"title\":\"Companion Accept\",\"body\":\"[UNAME] accepted your event request.\",\"type\":\"companion_accept\",\"sound\":\"default\",\"referenceId\":\"22\",\"compId\":\"\",\"eventMemId\":\"123\",\"createrId\":\"11\"}', 'companion_accept', 22, 0, 0, 1, '2019-04-27 18:56:30', '0000-00-00 00:00:00'),
(89, 12, 13, '{\"title\":\"New Event\",\"body\":\"[UNAME] invited you to attend an event : [ENAME].\",\"type\":\"create_event\",\"sound\":\"default\",\"referenceId\":\"32\",\"compId\":\"\",\"eventMemId\":\"154\",\"createrId\":\"12\"}', 'create_event', 32, 1, 0, 1, '2019-04-27 18:58:27', '0000-00-00 00:00:00'),
(90, 12, 11, '{\"title\":\"New Event\",\"body\":\"[UNAME] invited you to attend an event : [ENAME].\",\"type\":\"create_event\",\"sound\":\"default\",\"referenceId\":\"32\",\"compId\":\"\",\"eventMemId\":\"155\",\"createrId\":\"12\"}', 'create_event', 32, 1, 1, 1, '2019-04-27 18:58:27', '0000-00-00 00:00:00'),
(91, 12, 5, '{\"title\":\"New Event\",\"body\":\"[UNAME] invited you to attend an event : [ENAME].\",\"type\":\"create_event\",\"sound\":\"default\",\"referenceId\":\"32\",\"compId\":\"\",\"eventMemId\":\"156\",\"createrId\":\"12\"}', 'create_event', 32, 1, 0, 1, '2019-04-27 18:58:27', '0000-00-00 00:00:00'),
(92, 12, 9, '{\"title\":\"New Event\",\"body\":\"[UNAME] invited you to attend an event : [ENAME].\",\"type\":\"create_event\",\"sound\":\"default\",\"referenceId\":\"32\",\"compId\":\"\",\"eventMemId\":\"157\",\"createrId\":\"12\"}', 'create_event', 32, 1, 0, 1, '2019-04-27 18:58:28', '0000-00-00 00:00:00'),
(93, 9, 12, '{\"title\":\"Join Event\",\"body\":\"[UNAME] join your event: [ENAME].\",\"type\":\"join_event\",\"sound\":\"default\",\"referenceId\":\"32\",\"compId\":\"\",\"eventMemId\":\"157\",\"createrId\":\"12\"}', 'join_event', 32, 1, 1, 1, '2019-04-27 18:58:44', '0000-00-00 00:00:00'),
(94, 11, 12, '{\"title\":\"Join Event\",\"body\":\"[UNAME] join your event: [ENAME].\",\"type\":\"join_event\",\"sound\":\"default\",\"referenceId\":\"32\",\"compId\":\"\",\"eventMemId\":\"155\",\"createrId\":\"12\"}', 'join_event', 32, 1, 1, 1, '2019-04-27 18:59:54', '0000-00-00 00:00:00'),
(95, 5, 11, '{\"title\":\"Join Event\",\"body\":\"[UNAME] join your event: [ENAME].\",\"type\":\"join_event\",\"sound\":\"default\",\"referenceId\":\"33\",\"compId\":\"\",\"eventMemId\":\"160\",\"createrId\":\"11\"}', 'join_event', 33, 1, 1, 1, '2019-04-28 10:40:55', '0000-00-00 00:00:00'),
(96, 13, 11, '{\"title\":\"Join Event\",\"body\":\"[UNAME] join your event: [ENAME].\",\"type\":\"join_event\",\"sound\":\"default\",\"referenceId\":\"33\",\"compId\":\"\",\"eventMemId\":\"159\",\"createrId\":\"11\"}', 'join_event', 33, 1, 1, 1, '2019-04-28 10:42:14', '0000-00-00 00:00:00'),
(97, 11, 13, '{\"title\":\"New Appointment\",\"body\":\"[UNAME] has created appointment with you.\",\"type\":\"create_appointment\",\"sound\":\"default\",\"referenceId\":7}', 'create_appointment', 0, 1, 0, 1, '2019-04-28 11:39:03', '0000-00-00 00:00:00'),
(98, 11, 5, '{\"title\":\"New Appointment\",\"body\":\"[UNAME] has created appointment with you.\",\"type\":\"create_appointment\",\"sound\":\"default\",\"referenceId\":8}', 'create_appointment', 0, 1, 0, 1, '2019-04-28 11:40:00', '0000-00-00 00:00:00'),
(99, 11, 8, '{\"title\":\"Friend Request\",\"body\":\"[UNAME] has sent you friend request.\",\"type\":\"friend_request\",\"sound\":\"default\",\"referenceId\":\"11\"}', 'friend_request', 0, 1, 1, 1, '2019-04-28 16:48:29', '0000-00-00 00:00:00'),
(100, 12, 11, '{\"title\":\"Join Event\",\"body\":\"[UNAME] joined your event : [ENAME]\",\"type\":\"join_event\",\"sound\":\"default\",\"referenceId\":\"36\",\"compId\":\"\",\"eventMemId\":\"170\",\"createrId\":\"11\"}', 'join_event', 36, 1, 1, 1, '2019-04-29 11:40:23', '0000-00-00 00:00:00'),
(101, 6, 3, '{\"title\":\"Join Event\",\"body\":\"[UNAME] join your event: [ENAME].\",\"type\":\"join_event\",\"sound\":\"default\",\"referenceId\":\"34\",\"compId\":\"\",\"eventMemId\":\"163\",\"createrId\":\"3\"}', 'join_event', 34, 1, 0, 1, '2019-04-29 12:56:04', '0000-00-00 00:00:00'),
(102, 13, 12, '{\"title\":\"Like\",\"body\":\"[UNAME] likes your profile.\",\"type\":\"add_like\",\"sound\":\"default\",\"referenceId\":\"13\"}', 'add_like', 0, 1, 0, 1, '2019-04-29 13:26:11', '0000-00-00 00:00:00'),
(103, 13, 12, '{\"title\":\"Favorite\",\"body\":\"[UNAME]Favorite\",\"type\":\"add_favorite\",\"sound\":\"default\",\"referenceId\":\"13\"}', 'add_favorite', 0, 1, 0, 1, '2019-04-29 13:26:15', '0000-00-00 00:00:00'),
(104, 13, 12, '{\"title\":\"New Appointment\",\"body\":\"[UNAME] has created appointment with you.\",\"type\":\"create_appointment\",\"sound\":\"default\",\"referenceId\":9}', 'create_appointment', 0, 1, 1, 1, '2019-04-29 13:26:37', '0000-00-00 00:00:00'),
(105, 13, 12, '{\"title\":\"Delete Appointment\",\"body\":\"[UNAME]Appointment deleted successfully\",\"type\":\"delete_appointment\",\"sound\":\"default\",\"referenceId\":\"9\"}', 'delete_appointment', 0, 1, 1, 1, '2019-04-29 13:26:54', '0000-00-00 00:00:00'),
(106, 13, 11, '{\"title\":\"New Appointment\",\"body\":\"[UNAME] has created appointment with you.\",\"type\":\"create_appointment\",\"sound\":\"default\",\"referenceId\":10}', 'create_appointment', 0, 1, 1, 1, '2019-04-29 13:28:13', '0000-00-00 00:00:00'),
(107, 13, 12, '{\"title\":\"New Appointment\",\"body\":\"[UNAME] has created appointment with you.\",\"type\":\"create_appointment\",\"sound\":\"default\",\"referenceId\":11}', 'create_appointment', 0, 1, 1, 1, '2019-04-29 13:29:06', '0000-00-00 00:00:00'),
(108, 13, 8, '{\"title\":\"Like\",\"body\":\"[UNAME] likes your profile.\",\"type\":\"add_like\",\"sound\":\"default\",\"referenceId\":\"13\"}', 'add_like', 0, 1, 1, 1, '2019-04-29 13:30:51', '0000-00-00 00:00:00'),
(109, 13, 8, '{\"title\":\"Favorite\",\"body\":\"[UNAME]Favorite\",\"type\":\"add_favorite\",\"sound\":\"default\",\"referenceId\":\"13\"}', 'add_favorite', 0, 1, 1, 1, '2019-04-29 13:30:54', '0000-00-00 00:00:00'),
(110, 13, 8, '{\"title\":\"Friend Request\",\"body\":\"[UNAME] has sent you a friend request.\",\"type\":\"friend_request\",\"sound\":\"default\",\"referenceId\":\"13\"}', 'friend_request', 0, 1, 1, 1, '2019-04-29 13:30:56', '0000-00-00 00:00:00'),
(111, 13, 7, '{\"title\":\"Favorite\",\"body\":\"[UNAME]Favorite\",\"type\":\"add_favorite\",\"sound\":\"default\",\"referenceId\":\"13\"}', 'add_favorite', 0, 1, 0, 1, '2019-04-29 13:31:11', '0000-00-00 00:00:00'),
(112, 13, 7, '{\"title\":\"Like\",\"body\":\"[UNAME] likes your profile.\",\"type\":\"add_like\",\"sound\":\"default\",\"referenceId\":\"13\"}', 'add_like', 0, 1, 0, 1, '2019-04-29 13:31:13', '0000-00-00 00:00:00'),
(113, 13, 7, '{\"title\":\"Friend Request\",\"body\":\"[UNAME] has sent you a friend request.\",\"type\":\"friend_request\",\"sound\":\"default\",\"referenceId\":\"13\"}', 'friend_request', 0, 1, 0, 1, '2019-04-29 13:31:16', '0000-00-00 00:00:00'),
(114, 13, 10, '{\"title\":\"Like\",\"body\":\"[UNAME] likes your profile.\",\"type\":\"add_like\",\"sound\":\"default\",\"referenceId\":\"13\"}', 'add_like', 0, 1, 1, 1, '2019-04-29 13:31:29', '0000-00-00 00:00:00'),
(115, 13, 10, '{\"title\":\"Favorite\",\"body\":\"[UNAME]Favorite\",\"type\":\"add_favorite\",\"sound\":\"default\",\"referenceId\":\"13\"}', 'add_favorite', 0, 1, 1, 1, '2019-04-29 13:31:32', '0000-00-00 00:00:00'),
(116, 13, 10, '{\"title\":\"Friend Request\",\"body\":\"[UNAME] has sent you a friend request.\",\"type\":\"friend_request\",\"sound\":\"default\",\"referenceId\":\"13\"}', 'friend_request', 0, 1, 1, 1, '2019-04-29 13:31:34', '0000-00-00 00:00:00'),
(117, 13, 5, '{\"title\":\"Favorite\",\"body\":\"[UNAME]Favorite\",\"type\":\"add_favorite\",\"sound\":\"default\",\"referenceId\":\"13\"}', 'add_favorite', 0, 1, 0, 1, '2019-04-29 13:31:51', '0000-00-00 00:00:00'),
(118, 13, 5, '{\"title\":\"Like\",\"body\":\"[UNAME] likes your profile.\",\"type\":\"add_like\",\"sound\":\"default\",\"referenceId\":\"13\"}', 'add_like', 0, 1, 0, 1, '2019-04-29 13:31:53', '0000-00-00 00:00:00'),
(119, 13, 11, '{\"title\":\"Appointment Reviews\",\"body\":\"[UNAME] has given you a review.\",\"type\":\"review_appointment\",\"sound\":\"default\",\"referenceId\":\"7\"}', 'review_appointment', 0, 1, 1, 1, '2019-04-29 13:33:51', '0000-00-00 00:00:00'),
(120, 11, 13, '{\"title\":\"Confirmed Appointment\",\"body\":\"[UNAME] has confirmed your appointment.\",\"type\":\"confirmed_appointment\",\"sound\":\"default\",\"referenceId\":\"10\"}', 'confirmed_appointment', 0, 1, 0, 1, '2019-04-29 13:40:04', '0000-00-00 00:00:00'),
(121, 13, 11, '{\"title\":\"Join Event\",\"body\":\"[UNAME] join your event: [ENAME].\",\"type\":\"join_event\",\"sound\":\"default\",\"referenceId\":\"36\",\"compId\":\"\",\"eventMemId\":\"169\",\"createrId\":\"11\"}', 'join_event', 36, 1, 1, 1, '2019-04-29 13:44:35', '0000-00-00 00:00:00'),
(122, 6, 3, '{\"title\":\"New Appointment\",\"body\":\"[UNAME] has created appointment with you.\",\"type\":\"create_appointment\",\"sound\":\"default\",\"referenceId\":12}', 'create_appointment', 0, 1, 0, 1, '2019-04-29 13:57:19', '0000-00-00 00:00:00'),
(123, 3, 6, '{\"title\":\"Confirmed Appointment\",\"body\":\"[UNAME] has confirmed your appointment.\",\"type\":\"confirmed_appointment\",\"sound\":\"default\",\"referenceId\":\"12\"}', 'confirmed_appointment', 0, 1, 1, 1, '2019-04-29 13:57:29', '0000-00-00 00:00:00'),
(124, 6, 3, '{\"title\":\"Finish Appointment\",\"body\":\"[UNAME] has finished appointment.\",\"type\":\"finish_appointment\",\"sound\":\"default\",\"referenceId\":\"12\"}', 'finish_appointment', 0, 1, 0, 1, '2019-04-29 13:57:41', '0000-00-00 00:00:00'),
(125, 3, 8, '{\"title\":\"New Appointment\",\"body\":\"[UNAME] has created appointment with you.\",\"type\":\"create_appointment\",\"sound\":\"default\",\"referenceId\":13}', 'create_appointment', 0, 1, 1, 1, '2019-04-29 13:59:02', '0000-00-00 00:00:00'),
(126, 8, 3, '{\"title\":\"Appointment confirmed\",\"body\":\"[UNAME] has confirmed your appointment.\",\"type\":\"confirmed_appointment\",\"sound\":\"default\",\"referenceId\":\"13\"}', 'confirmed_appointment', 0, 1, 0, 1, '2019-04-29 13:59:29', '0000-00-00 00:00:00'),
(127, 3, 8, '{\"title\":\"Finish Appointment\",\"body\":\"[UNAME] has finished appointment.\",\"type\":\"finish_appointment\",\"sound\":\"default\",\"referenceId\":\"13\"}', 'finish_appointment', 0, 1, 1, 1, '2019-04-29 13:59:42', '0000-00-00 00:00:00'),
(128, 8, 7, '{\"title\":\"Appointment Reviews\",\"body\":\"[UNAME] has given you a review.\",\"type\":\"review_appointment\",\"sound\":\"default\",\"referenceId\":\"3\"}', 'review_appointment', 0, 1, 0, 1, '2019-04-29 14:00:07', '0000-00-00 00:00:00'),
(129, 6, 7, '{\"title\":\"New Appointment\",\"body\":\"[UNAME] has created appointment with you.\",\"type\":\"create_appointment\",\"sound\":\"default\",\"referenceId\":14}', 'create_appointment', 0, 1, 0, 1, '2019-04-29 14:13:57', '0000-00-00 00:00:00'),
(130, 7, 6, '{\"title\":\"Counter\",\"body\":\"[UNAME]  has applied counter for appointment.\",\"type\":\"apply_counter\",\"sound\":\"default\",\"referenceId\":\"14\"}', 'apply_counter', 0, 1, 1, 1, '2019-04-29 14:15:29', '0000-00-00 00:00:00'),
(131, 6, 7, '{\"title\":\"Counter\",\"body\":\"[UNAME] has accepted counter for appointment.\",\"type\":\"update_counter\",\"sound\":\"default\",\"referenceId\":\"14\"}', 'update_counter', 0, 1, 0, 1, '2019-04-29 14:15:46', '0000-00-00 00:00:00'),
(132, 6, 7, '{\"title\":\"Appointment Payment\",\"body\":\"[UNAME] paid for your appointment.\",\"type\":\"appointment_payment\",\"sound\":\"default\",\"referenceId\":\"14\"}', 'appointment_payment', 0, 1, 0, 1, '2019-04-29 14:18:12', '0000-00-00 00:00:00'),
(133, 5, 11, '{\"title\":\"Appointment Review\",\"body\":\"[UNAME] has given you a review.\",\"type\":\"review_appointment\",\"sound\":\"default\",\"referenceId\":\"33\"}', 'review_appointment', 0, 1, 1, 1, '2019-04-29 14:20:03', '0000-00-00 00:00:00'),
(134, 13, 11, '{\"title\":\"Appointment Review\",\"body\":\"[UNAME] has given you a review.\",\"type\":\"review_appointment\",\"sound\":\"default\",\"referenceId\":\"33\"}', 'review_appointment', 0, 1, 1, 1, '2019-04-29 14:20:04', '0000-00-00 00:00:00'),
(135, 7, 6, '{\"title\":\"Cancel Appointment\",\"body\":\"[UNAME] has cancelled your appointment.\",\"type\":\"delete_appointment\",\"sound\":\"default\",\"referenceId\":\"14\"}', 'delete_appointment', 0, 1, 1, 1, '2019-04-29 14:21:21', '0000-00-00 00:00:00'),
(136, 7, 6, '{\"title\":\"New Appointment\",\"body\":\"[UNAME] has created appointment with you.\",\"type\":\"create_appointment\",\"sound\":\"default\",\"referenceId\":15}', 'create_appointment', 0, 1, 1, 1, '2019-04-29 14:22:28', '0000-00-00 00:00:00'),
(137, 5, 11, '{\"title\":\"Appointment Review\",\"body\":\"[UNAME] has given you a review.\",\"type\":\"review_appointment\",\"sound\":\"default\",\"referenceId\":\"28\"}', 'review_appointment', 0, 1, 1, 1, '2019-04-29 14:22:40', '0000-00-00 00:00:00'),
(138, 6, 7, '{\"title\":\"Counter\",\"body\":\"[UNAME]  has applied counter for appointment.\",\"type\":\"apply_counter\",\"sound\":\"default\",\"referenceId\":\"15\"}', 'apply_counter', 0, 1, 0, 1, '2019-04-29 14:22:43', '0000-00-00 00:00:00'),
(139, 7, 6, '{\"title\":\"Counter\",\"body\":\"[UNAME] has accepted counter for appointment.\",\"type\":\"update_counter\",\"sound\":\"default\",\"referenceId\":\"15\"}', 'update_counter', 0, 1, 1, 1, '2019-04-29 14:24:43', '0000-00-00 00:00:00'),
(140, 7, 6, '{\"title\":\"Appointment Payment\",\"body\":\"[UNAME] paid for your appointment.\",\"type\":\"appointment_payment\",\"sound\":\"default\",\"referenceId\":\"15\"}', 'appointment_payment', 0, 1, 1, 1, '2019-04-29 14:26:04', '0000-00-00 00:00:00'),
(141, 5, 11, '{\"title\":\"New Appointment\",\"body\":\"[UNAME] has created appointment with you.\",\"type\":\"create_appointment\",\"sound\":\"default\",\"referenceId\":16}', 'create_appointment', 0, 1, 1, 1, '2019-04-29 14:28:08', '0000-00-00 00:00:00'),
(142, 6, 7, '{\"title\":\"Join Event\",\"body\":\"[UNAME] join your event: [ENAME].\",\"type\":\"join_event\",\"sound\":\"default\",\"referenceId\":\"35\",\"compId\":\"\",\"eventMemId\":\"166\",\"createrId\":\"7\"}', 'join_event', 35, 1, 0, 1, '2019-04-29 14:29:06', '0000-00-00 00:00:00'),
(143, 11, 5, '{\"title\":\"Confirmed Appointment\",\"body\":\"[UNAME] has confirmed your appointment.\",\"type\":\"confirmed_appointment\",\"sound\":\"default\",\"referenceId\":\"16\"}', 'confirmed_appointment', 0, 1, 0, 1, '2019-04-29 14:29:08', '0000-00-00 00:00:00'),
(144, 5, 11, '{\"title\":\"Finish Appointment\",\"body\":\"[UNAME] has finished appointment.\",\"type\":\"finish_appointment\",\"sound\":\"default\",\"referenceId\":\"16\"}', 'finish_appointment', 0, 1, 1, 1, '2019-04-29 14:30:14', '0000-00-00 00:00:00'),
(145, 11, 5, '{\"title\":\"Appointment Review\",\"body\":\"[UNAME] has given you a review.\",\"type\":\"review_appointment\",\"sound\":\"default\",\"referenceId\":\"16\"}', 'review_appointment', 0, 1, 0, 1, '2019-04-29 14:30:50', '0000-00-00 00:00:00'),
(146, 5, 11, '{\"title\":\"Appointment Review\",\"body\":\"[UNAME] has given you a review.\",\"type\":\"review_appointment\",\"sound\":\"default\",\"referenceId\":\"16\"}', 'review_appointment', 0, 1, 1, 1, '2019-04-29 14:30:56', '0000-00-00 00:00:00'),
(147, 7, 6, '{\"title\":\"Join Event\",\"body\":\"[UNAME] join your event: [ENAME].\",\"type\":\"join_event\",\"sound\":\"default\",\"referenceId\":\"37\",\"compId\":\"\",\"eventMemId\":\"174\",\"createrId\":\"6\"}', 'join_event', 37, 1, 1, 1, '2019-04-29 14:33:45', '0000-00-00 00:00:00'),
(148, 6, 11, '{\"title\":\"Join Event\",\"body\":\"[UNAME] join your event: [ENAME].\",\"type\":\"join_event\",\"sound\":\"default\",\"referenceId\":\"23\",\"compId\":\"\",\"eventMemId\":\"125\",\"createrId\":\"11\"}', 'join_event', 23, 1, 1, 1, '2019-04-29 14:37:55', '0000-00-00 00:00:00'),
(149, 6, 11, '{\"title\":\"Appointment Review\",\"body\":\"[UNAME] has given you a review.\",\"type\":\"review_appointment\",\"sound\":\"default\",\"referenceId\":\"23\"}', 'review_appointment', 0, 1, 1, 1, '2019-04-29 14:38:56', '0000-00-00 00:00:00'),
(150, 5, 11, '{\"title\":\"Delete Appointment\",\"body\":\"[UNAME] has deleted your appointment.\",\"type\":\"delete_appointment\",\"sound\":\"default\",\"referenceId\":\"16\"}', 'delete_appointment', 0, 1, 1, 1, '2019-04-29 14:40:05', '0000-00-00 00:00:00'),
(151, 15, 16, '{\"title\":\"New Appointment\",\"body\":\"[UNAME] has created appointment with you.\",\"type\":\"create_appointment\",\"sound\":\"default\",\"referenceId\":17}', 'create_appointment', 0, 1, 1, 1, '2019-04-29 14:41:19', '0000-00-00 00:00:00'),
(152, 16, 15, '{\"title\":\"New Appointment\",\"body\":\"[UNAME] has created appointment with you.\",\"type\":\"create_appointment\",\"sound\":\"default\",\"referenceId\":18}', 'create_appointment', 0, 1, 0, 1, '2019-04-29 14:42:59', '0000-00-00 00:00:00'),
(153, 15, 16, '{\"title\":\"Like\",\"body\":\"[UNAME] liked your profile.\",\"type\":\"add_like\",\"sound\":\"default\",\"referenceId\":\"15\"}', 'add_like', 0, 1, 1, 1, '2019-04-29 09:14:49', '0000-00-00 00:00:00'),
(154, 16, 15, '{\"title\":\"Favorite\",\"body\":\"[UNAME] added you as a favorite.\",\"type\":\"add_favorite\",\"sound\":\"default\",\"referenceId\":\"16\"}', 'add_favorite', 0, 1, 0, 1, '2019-04-29 09:14:57', '0000-00-00 00:00:00'),
(156, 16, 15, '{\"title\":\"Friend Request\",\"body\":\"[UNAME] has sent you friend request.\",\"type\":\"friend_request\",\"sound\":\"default\",\"referenceId\":\"16\"}', 'friend_request', 0, 1, 0, 1, '2019-04-29 09:15:25', '0000-00-00 00:00:00'),
(157, 15, 16, '{\"title\":\"Friend Request\",\"body\":\"[UNAME] has sent you friend request.\",\"type\":\"friend_request\",\"sound\":\"default\",\"referenceId\":\"15\"}', 'friend_request', 0, 1, 1, 1, '2019-04-29 09:15:30', '0000-00-00 00:00:00'),
(158, 15, 16, '{\"title\":\"Confirmed Appointment\",\"body\":\"[UNAME] has confirmed your appointment.\",\"type\":\"confirmed_appointment\",\"sound\":\"default\",\"referenceId\":\"18\"}', 'confirmed_appointment', 0, 1, 1, 1, '2019-04-29 14:45:50', '0000-00-00 00:00:00'),
(159, 16, 6, '{\"title\":\"Join Event\",\"body\":\"[UNAME] join your event: [ENAME].\",\"type\":\"join_event\",\"sound\":\"default\",\"referenceId\":\"37\",\"compId\":\"\",\"eventMemId\":\"176\",\"createrId\":\"6\"}', 'join_event', 37, 1, 1, 1, '2019-04-29 14:46:00', '0000-00-00 00:00:00'),
(160, 15, 16, '{\"title\":\"Finish Appointment\",\"body\":\"[UNAME] has finished appointment.\",\"type\":\"finish_appointment\",\"sound\":\"default\",\"referenceId\":\"18\"}', 'finish_appointment', 0, 1, 1, 1, '2019-04-29 14:51:01', '0000-00-00 00:00:00'),
(161, 5, 11, '{\"title\":\"Join Event\",\"body\":\"[UNAME] join your event: [ENAME].\",\"type\":\"join_event\",\"sound\":\"default\",\"referenceId\":\"36\",\"compId\":\"\",\"eventMemId\":\"171\",\"createrId\":\"11\"}', 'join_event', 36, 1, 1, 1, '2019-04-29 14:51:09', '0000-00-00 00:00:00'),
(162, 16, 15, '{\"title\":\"Confirmed Appointment\",\"body\":\"[UNAME] has confirmed your appointment.\",\"type\":\"confirmed_appointment\",\"sound\":\"default\",\"referenceId\":\"17\"}', 'confirmed_appointment', 0, 1, 0, 1, '2019-04-29 14:51:15', '0000-00-00 00:00:00'),
(163, 15, 16, '{\"title\":\"Finish Appointment\",\"body\":\"[UNAME] has finished appointment.\",\"type\":\"finish_appointment\",\"sound\":\"default\",\"referenceId\":\"17\"}', 'finish_appointment', 0, 1, 1, 1, '2019-04-29 14:52:03', '0000-00-00 00:00:00'),
(164, 16, 15, '{\"title\":\"Appointment Review\",\"body\":\"[UNAME] has given you a review.\",\"type\":\"review_appointment\",\"sound\":\"default\",\"referenceId\":\"17\"}', 'review_appointment', 0, 1, 0, 1, '2019-04-29 14:52:22', '0000-00-00 00:00:00'),
(165, 15, 16, '{\"title\":\"Appointment Review\",\"body\":\"[UNAME] has given you a review.\",\"type\":\"review_appointment\",\"sound\":\"default\",\"referenceId\":\"17\"}', 'review_appointment', 0, 1, 1, 1, '2019-04-29 14:52:34', '0000-00-00 00:00:00'),
(167, 16, 8, '{\"title\":\"Friend Request\",\"body\":\"[UNAME] has sent you friend request.\",\"type\":\"friend_request\",\"sound\":\"default\",\"referenceId\":\"16\"}', 'friend_request', 0, 1, 1, 1, '2019-04-29 09:35:42', '0000-00-00 00:00:00'),
(168, 15, 7, '{\"title\":\"Friend Request\",\"body\":\"[UNAME] has sent you friend request.\",\"type\":\"friend_request\",\"sound\":\"default\",\"referenceId\":\"15\"}', 'friend_request', 0, 1, 0, 1, '2019-04-29 09:38:35', '0000-00-00 00:00:00'),
(170, 8, 7, '{\"title\":\"New Appointment\",\"body\":\"[UNAME] has created appointment with you.\",\"type\":\"create_appointment\",\"sound\":\"default\",\"referenceId\":19}', 'create_appointment', 0, 1, 0, 1, '2019-04-29 15:16:01', '0000-00-00 00:00:00'),
(171, 6, 7, '{\"title\":\"New Appointment\",\"body\":\"[UNAME] has created appointment with you.\",\"type\":\"create_appointment\",\"sound\":\"default\",\"referenceId\":20}', 'create_appointment', 0, 1, 0, 1, '2019-04-29 15:22:49', '0000-00-00 00:00:00'),
(172, 15, 7, '{\"title\":\"New Appointment\",\"body\":\"[UNAME] has created appointment with you.\",\"type\":\"create_appointment\",\"sound\":\"default\",\"referenceId\":21}', 'create_appointment', 0, 1, 0, 1, '2019-04-29 15:34:41', '0000-00-00 00:00:00'),
(173, 15, 7, '{\"title\":\"New Appointment\",\"body\":\"[UNAME] has created appointment with you.\",\"type\":\"create_appointment\",\"sound\":\"default\",\"referenceId\":22}', 'create_appointment', 0, 1, 0, 1, '2019-04-29 15:35:42', '0000-00-00 00:00:00'),
(174, 7, 15, '{\"title\":\"Confirmed Appointment\",\"body\":\"[UNAME] has confirmed your appointment.\",\"type\":\"confirmed_appointment\",\"sound\":\"default\",\"referenceId\":\"22\"}', 'confirmed_appointment', 0, 1, 0, 1, '2019-04-29 15:36:00', '0000-00-00 00:00:00'),
(175, 15, 7, '{\"title\":\"Appointment Payment\",\"body\":\"[UNAME] paid for your appointment.\",\"type\":\"appointment_payment\",\"sound\":\"default\",\"referenceId\":\"22\"}', 'appointment_payment', 0, 1, 1, 1, '2019-04-29 15:36:28', '0000-00-00 00:00:00'),
(176, 15, 7, '{\"title\":\"Finish Appointment\",\"body\":\"[UNAME] has finished appointment.\",\"type\":\"finish_appointment\",\"sound\":\"default\",\"referenceId\":\"22\"}', 'finish_appointment', 0, 1, 0, 1, '2019-04-29 15:37:37', '0000-00-00 00:00:00'),
(178, 8, 7, '{\"title\":\"New Appointment\",\"body\":\"[UNAME] has created appointment with you.\",\"type\":\"create_appointment\",\"sound\":\"default\",\"referenceId\":23}', 'create_appointment', 0, 1, 0, 1, '2019-04-29 15:46:01', '0000-00-00 00:00:00'),
(179, 7, 8, '{\"title\":\"Confirmed Appointment\",\"body\":\"[UNAME] has confirmed your appointment.\",\"type\":\"confirmed_appointment\",\"sound\":\"default\",\"referenceId\":\"23\"}', 'confirmed_appointment', 0, 1, 1, 1, '2019-04-29 15:46:22', '0000-00-00 00:00:00'),
(180, 3, 9, '{\"title\":\"Appointment Review\",\"body\":\"[UNAME] has given you a review.\",\"type\":\"review_appointment\",\"sound\":\"default\",\"referenceId\":\"15\"}', 'review_appointment', 0, 1, 0, 1, '2019-04-29 15:46:32', '0000-00-00 00:00:00'),
(187, 8, 7, '{\"title\":\"Friend Request\",\"body\":\"[UNAME] has sent you friend request.\",\"type\":\"friend_request\",\"sound\":\"default\",\"referenceId\":\"8\"}', 'friend_request', 0, 1, 0, 1, '2019-04-29 10:20:57', '0000-00-00 00:00:00'),
(189, 3, 6, '{\"title\":\"Friend Request\",\"body\":\"[UNAME] has sent you friend request.\",\"type\":\"friend_request\",\"sound\":\"default\",\"referenceId\":\"3\"}', 'friend_request', 0, 1, 1, 1, '2019-04-29 10:24:09', '0000-00-00 00:00:00'),
(193, 7, 8, '{\"title\":\"Join Event\",\"body\":\"[UNAME] join your event: [ENAME].\",\"type\":\"join_event\",\"sound\":\"default\",\"referenceId\":\"39\",\"compId\":\"\",\"eventMemId\":\"186\",\"createrId\":\"8\"}', 'join_event', 39, 1, 1, 1, '2019-04-29 15:56:54', '0000-00-00 00:00:00'),
(196, 6, 3, '{\"title\":\"Friend Request\",\"body\":\"[UNAME] has sent you friend request.\",\"type\":\"friend_request\",\"sound\":\"default\",\"referenceId\":\"6\"}', 'friend_request', 0, 1, 0, 1, '2019-04-29 10:32:23', '0000-00-00 00:00:00'),
(197, 3, 6, '{\"title\":\"Request Accepted\",\"body\":\"[UNAME] has accepted your friend request.\",\"type\":\"accept_request\",\"sound\":\"default\",\"referenceId\":\"3\"}', 'accept_request', 0, 1, 1, 1, '2019-04-29 10:32:28', '0000-00-00 00:00:00'),
(198, 16, 15, '{\"title\":\"Like\",\"body\":\"[UNAME] liked your profile.\",\"type\":\"add_like\",\"sound\":\"default\",\"referenceId\":\"16\"}', 'add_like', 0, 1, 0, 1, '2019-04-29 10:46:07', '0000-00-00 00:00:00'),
(199, 8, 7, '{\"title\":\"New Appointment\",\"body\":\"[UNAME] has created appointment with you.\",\"type\":\"create_appointment\",\"sound\":\"default\",\"referenceId\":24}', 'create_appointment', 0, 1, 0, 1, '2019-04-29 16:21:23', '0000-00-00 00:00:00'),
(200, 7, 8, '{\"title\":\"Counter\",\"body\":\"[UNAME] has applied counter on your appointment.\",\"type\":\"apply_counter\",\"sound\":\"default\",\"referenceId\":\"24\"}', 'apply_counter', 0, 1, 1, 1, '2019-04-29 16:21:41', '0000-00-00 00:00:00'),
(201, 8, 7, '{\"title\":\"Counter\",\"body\":\"[UNAME] has accepted your counter for appointment.\",\"type\":\"update_counter\",\"sound\":\"default\",\"referenceId\":\"24\"}', 'update_counter', 0, 1, 0, 1, '2019-04-29 16:21:48', '0000-00-00 00:00:00'),
(202, 8, 7, '{\"title\":\"Appointment Payment\",\"body\":\"[UNAME] paid for your appointment.\",\"type\":\"appointment_payment\",\"sound\":\"default\",\"referenceId\":\"24\"}', 'appointment_payment', 0, 1, 0, 1, '2019-04-29 16:23:02', '0000-00-00 00:00:00'),
(203, 8, 7, '{\"title\":\"Finish Appointment\",\"body\":\"[UNAME]Appointment finished successfully\",\"type\":\"finish_appointment\",\"sound\":\"default\",\"referenceId\":\"24\"}', 'finish_appointment', 0, 1, 0, 1, '2019-04-29 16:23:19', '0000-00-00 00:00:00'),
(204, 8, 7, '{\"title\":\"Appointment Reviews\",\"body\":\"[UNAME] has given you a review.\",\"type\":\"review_appointment\",\"sound\":\"default\",\"referenceId\":\"24\"}', 'review_appointment', 0, 1, 0, 1, '2019-04-29 16:23:37', '0000-00-00 00:00:00'),
(205, 8, 7, '{\"title\":\"New Appointment\",\"body\":\"[UNAME] has created appointment with you.\",\"type\":\"create_appointment\",\"sound\":\"default\",\"referenceId\":25}', 'create_appointment', 0, 1, 0, 1, '2019-04-29 16:24:41', '0000-00-00 00:00:00'),
(206, 7, 8, '{\"title\":\"Appointment confirmed\",\"body\":\"[UNAME] has confirmed your appointment.\",\"type\":\"confirmed_appointment\",\"sound\":\"default\",\"referenceId\":\"25\"}', 'confirmed_appointment', 0, 1, 1, 1, '2019-04-29 16:28:02', '0000-00-00 00:00:00'),
(207, 6, 3, '{\"title\":\"Recomendaciones de eventos\",\"body\":\"[UNAME] te ha dado una revisi\\u00f3n.\",\"type\":\"review_appointment\",\"sound\":\"default\",\"referenceId\":\"17\"}', 'review_appointment', 0, 1, 0, 1, '2019-04-29 16:28:34', '0000-00-00 00:00:00'),
(208, 6, 3, '{\"title\":\"Recomendaciones de citas\",\"body\":\"[UNAME] te ha dado una revisi\\u00f3n.\",\"type\":\"review_appointment\",\"sound\":\"default\",\"referenceId\":\"12\"}', 'review_appointment', 0, 1, 0, 1, '2019-04-29 16:29:31', '0000-00-00 00:00:00'),
(209, 3, 6, '{\"title\":\"Appointment Reviews\",\"body\":\"[UNAME] has given you a review.\",\"type\":\"review_appointment\",\"sound\":\"default\",\"referenceId\":\"12\"}', 'review_appointment', 0, 1, 1, 1, '2019-04-29 16:30:08', '0000-00-00 00:00:00'),
(215, 8, 7, '{\"title\":\"Appointment confirmed\",\"body\":\"[UNAME] has confirmed your appointment.\",\"type\":\"confirmed_appointment\",\"sound\":\"default\",\"referenceId\":\"4\"}', 'confirmed_appointment', 0, 1, 0, 1, '2019-04-29 16:37:55', '0000-00-00 00:00:00'),
(216, 8, 7, '{\"title\":\"Finish Appointment\",\"body\":\"[UNAME]Appointment finished successfully\",\"type\":\"finish_appointment\",\"sound\":\"default\",\"referenceId\":\"25\"}', 'finish_appointment', 0, 1, 1, 1, '2019-04-29 16:40:44', '0000-00-00 00:00:00'),
(217, 8, 7, '{\"title\":\"Appointment Reviews\",\"body\":\"[UNAME] has given you a review.\",\"type\":\"review_appointment\",\"sound\":\"default\",\"referenceId\":\"25\"}', 'review_appointment', 0, 1, 1, 1, '2019-04-29 16:42:28', '0000-00-00 00:00:00'),
(218, 8, 7, '{\"title\":\"New Appointment\",\"body\":\"[UNAME] has created appointment with you.\",\"type\":\"create_appointment\",\"sound\":\"default\",\"referenceId\":26}', 'create_appointment', 0, 1, 1, 1, '2019-04-29 16:43:55', '0000-00-00 00:00:00'),
(219, 7, 8, '{\"title\":\"Appointment confirmed\",\"body\":\"[UNAME] has confirmed your appointment.\",\"type\":\"confirmed_appointment\",\"sound\":\"default\",\"referenceId\":\"26\"}', 'confirmed_appointment', 0, 1, 1, 1, '2019-04-29 16:45:22', '0000-00-00 00:00:00'),
(220, 8, 7, '{\"title\":\"New Appointment\",\"body\":\"[UNAME] has created appointment with you.\",\"type\":\"create_appointment\",\"sound\":\"default\",\"referenceId\":27}', 'create_appointment', 0, 1, 0, 1, '2019-04-29 16:46:46', '0000-00-00 00:00:00'),
(221, 9, 6, '{\"title\":\"Finish Appointment\",\"body\":\"[UNAME]Appointment finished successfully\",\"type\":\"finish_appointment\",\"sound\":\"default\",\"referenceId\":\"15\"}', 'finish_appointment', 0, 1, 1, 1, '2019-04-29 16:47:32', '0000-00-00 00:00:00'),
(222, 7, 8, '{\"title\":\"Appointment confirmed\",\"body\":\"[UNAME] has confirmed your appointment.\",\"type\":\"confirmed_appointment\",\"sound\":\"default\",\"referenceId\":\"27\"}', 'confirmed_appointment', 0, 1, 1, 1, '2019-04-29 16:47:33', '0000-00-00 00:00:00'),
(223, 3, 10, '{\"title\":\"New Appointment\",\"body\":\"[UNAME] has created appointment with you.\",\"type\":\"create_appointment\",\"sound\":\"default\",\"referenceId\":28}', 'create_appointment', 0, 1, 1, 1, '2019-04-29 17:01:53', '0000-00-00 00:00:00'),
(224, 10, 3, '{\"title\":\"Appointment confirmed\",\"body\":\"[UNAME] has confirmed your appointment.\",\"type\":\"confirmed_appointment\",\"sound\":\"default\",\"referenceId\":\"28\"}', 'confirmed_appointment', 0, 1, 0, 1, '2019-04-29 17:02:28', '0000-00-00 00:00:00'),
(225, 10, 3, '{\"title\":\"Finished Appointment\",\"body\":\"[UNAME]Appointment finished successfully\",\"type\":\"finish_appointment\",\"sound\":\"default\",\"referenceId\":\"28\"}', 'finish_appointment', 0, 1, 0, 1, '2019-04-29 17:02:35', '0000-00-00 00:00:00'),
(226, 10, 3, '{\"title\":\"Appointment Reviews\",\"body\":\"[UNAME] has given you a review.\",\"type\":\"review_appointment\",\"sound\":\"default\",\"referenceId\":\"28\"}', 'review_appointment', 0, 0, 1, 1, '2019-04-29 17:02:45', '0000-00-00 00:00:00'),
(231, 7, 3, '{\"title\":\"Friend Request\",\"body\":\"[UNAME] has sent you friend request.\",\"type\":\"friend_request\",\"sound\":\"default\",\"referenceId\":\"7\"}', 'friend_request', 0, 1, 0, 1, '2019-04-29 12:18:17', '0000-00-00 00:00:00'),
(232, 3, 7, '{\"title\":\"Request Accepted\",\"body\":\"[UNAME] has accepted your friend request.\",\"type\":\"accept_request\",\"sound\":\"default\",\"referenceId\":\"3\"}', 'accept_request', 0, 1, 0, 1, '2019-04-29 12:18:22', '0000-00-00 00:00:00'),
(235, 3, 7, '{\"title\":\"Friend Request\",\"body\":\"[UNAME] has sent you friend request.\",\"type\":\"friend_request\",\"sound\":\"default\",\"referenceId\":\"3\"}', 'friend_request', 0, 1, 0, 1, '2019-04-29 12:19:23', '0000-00-00 00:00:00'),
(236, 7, 3, '{\"title\":\"Request Accepted\",\"body\":\"[UNAME] has accepted your friend request.\",\"type\":\"accept_request\",\"sound\":\"default\",\"referenceId\":\"7\"}', 'accept_request', 0, 1, 0, 1, '2019-04-29 12:19:31', '0000-00-00 00:00:00'),
(237, 7, 3, '{\"title\":\"New Appointment\",\"body\":\"[UNAME] has created appointment with you.\",\"type\":\"create_appointment\",\"sound\":\"default\",\"referenceId\":29}', 'create_appointment', 0, 1, 0, 1, '2019-04-29 17:51:18', '0000-00-00 00:00:00'),
(238, 3, 7, '{\"title\":\"Cita confirmada\",\"body\":\"[UNAME] ha confirmado su cita.\",\"type\":\"confirmed_appointment\",\"sound\":\"default\",\"referenceId\":\"29\"}', 'confirmed_appointment', 0, 1, 0, 1, '2019-04-29 17:51:35', '0000-00-00 00:00:00'),
(239, 3, 7, '{\"title\":\"Nueva cita\",\"body\":\"[UNAME] ha creado una cita contigo.\",\"type\":\"create_appointment\",\"sound\":\"default\",\"referenceId\":30}', 'create_appointment', 0, 1, 0, 1, '2019-04-29 17:52:07', '0000-00-00 00:00:00'),
(240, 8, 7, '{\"title\":\"New Appointment\",\"body\":\"[UNAME] has created appointment with you.\",\"type\":\"create_appointment\",\"sound\":\"default\",\"referenceId\":31}', 'create_appointment', 0, 1, 0, 1, '2019-04-29 17:54:38', '0000-00-00 00:00:00'),
(241, 3, 8, '{\"title\":\"Nueva cita\",\"body\":\"[UNAME] ha creado una cita contigo.\",\"type\":\"create_appointment\",\"sound\":\"default\",\"referenceId\":32}', 'create_appointment', 0, 1, 1, 1, '2019-04-29 17:55:09', '0000-00-00 00:00:00'),
(242, 8, 7, '{\"title\":\"New Appointment\",\"body\":\"[UNAME] has created appointment with you.\",\"type\":\"create_appointment\",\"sound\":\"default\",\"referenceId\":33}', 'create_appointment', 0, 1, 0, 1, '2019-04-29 17:56:12', '0000-00-00 00:00:00'),
(243, 3, 8, '{\"title\":\"Favorite\",\"body\":\"[UNAME] added you as a favorite.\",\"type\":\"add_favorite\",\"sound\":\"default\",\"referenceId\":\"3\"}', 'add_favorite', 0, 1, 1, 1, '2019-04-29 12:27:48', '0000-00-00 00:00:00'),
(245, 6, 7, '{\"title\":\"Favorite\",\"body\":\"[UNAME]Favorite\",\"type\":\"add_favorite\",\"sound\":\"default\",\"referenceId\":\"6\"}', 'add_favorite', 0, 1, 0, 1, '2019-04-29 18:04:11', '0000-00-00 00:00:00'),
(246, 6, 7, '{\"title\":\"New Appointment\",\"body\":\"[UNAME] has created appointment with you.\",\"type\":\"create_appointment\",\"sound\":\"default\",\"referenceId\":34}', 'create_appointment', 0, 1, 0, 1, '2019-04-29 18:04:30', '0000-00-00 00:00:00');
INSERT INTO `notifications` (`notId`, `notificationBy`, `notificationFor`, `message`, `notificationType`, `referenceId`, `isRead`, `webShow`, `status`, `crd`, `upd`) VALUES
(248, 10, 3, '{\"title\":\"New Appointment\",\"body\":\"[UNAME] has created appointment with you.\",\"type\":\"create_appointment\",\"sound\":\"default\",\"referenceId\":35}', 'create_appointment', 0, 1, 0, 1, '2019-04-29 18:36:32', '0000-00-00 00:00:00'),
(249, 3, 10, '{\"title\":\"Cita confirmada\",\"body\":\"[UNAME] ha confirmado su cita.\",\"type\":\"confirmed_appointment\",\"sound\":\"default\",\"referenceId\":\"35\"}', 'confirmed_appointment', 0, 1, 1, 1, '2019-04-29 19:13:14', '0000-00-00 00:00:00'),
(250, 10, 3, '{\"title\":\"Finished Appointment\",\"body\":\"[UNAME]Appointment finished successfully\",\"type\":\"finish_appointment\",\"sound\":\"default\",\"referenceId\":\"35\"}', 'finish_appointment', 0, 1, 0, 1, '2019-04-29 19:13:34', '0000-00-00 00:00:00'),
(251, 10, 3, '{\"title\":\"Join Event\",\"body\":\"[UNAME] joined your event : [ENAME]\",\"type\":\"join_event\",\"sound\":\"default\",\"referenceId\":\"40\",\"compId\":\"\",\"eventMemId\":\"190\",\"createrId\":\"3\"}', 'join_event', 40, 0, 1, 1, '2019-04-29 19:36:59', '0000-00-00 00:00:00'),
(252, 10, 3, '{\"title\":\"New Event\",\"body\":\"[UNAME] invited you to attend an event : [ENAME].\",\"type\":\"create_event\",\"sound\":\"default\",\"referenceId\":\"41\",\"compId\":\"\",\"eventMemId\":\"193\",\"createrId\":\"10\"}', 'create_event', 41, 1, 0, 1, '2019-04-29 19:37:50', '0000-00-00 00:00:00'),
(253, 10, 6, '{\"title\":\"New Event\",\"body\":\"[UNAME] invited you to attend an event : [ENAME].\",\"type\":\"create_event\",\"sound\":\"default\",\"referenceId\":\"41\",\"compId\":\"\",\"eventMemId\":\"194\",\"createrId\":\"10\"}', 'create_event', 41, 1, 1, 1, '2019-04-29 19:37:50', '0000-00-00 00:00:00'),
(254, 3, 10, '{\"title\":\"Unirse al evento\",\"body\":\"[UNAME] se uni\\u00f3 a tu evento : [ENAME].\",\"type\":\"join_event\",\"sound\":\"default\",\"referenceId\":\"41\",\"compId\":\"\",\"eventMemId\":\"193\",\"createrId\":\"10\"}', 'join_event', 41, 1, 1, 1, '2019-04-29 19:38:21', '0000-00-00 00:00:00'),
(255, 3, 10, '{\"title\":\"New Event\",\"body\":\"[UNAME] invited you to attend an event : [ENAME].\",\"type\":\"create_event\",\"sound\":\"default\",\"referenceId\":\"42\",\"compId\":\"\",\"eventMemId\":\"196\",\"createrId\":\"3\"}', 'create_event', 42, 1, 1, 1, '2019-04-29 19:56:57', '0000-00-00 00:00:00'),
(256, 3, 6, '{\"title\":\"New Event\",\"body\":\"[UNAME] invited you to attend an event : [ENAME].\",\"type\":\"create_event\",\"sound\":\"default\",\"referenceId\":\"42\",\"compId\":\"\",\"eventMemId\":\"197\",\"createrId\":\"3\"}', 'create_event', 42, 1, 1, 1, '2019-04-29 19:56:57', '0000-00-00 00:00:00'),
(257, 13, 11, '{\"title\":\"Friend Request\",\"body\":\"[UNAME] has sent you friend request.\",\"type\":\"friend_request\",\"sound\":\"default\",\"referenceId\":\"13\"}', 'friend_request', 0, 1, 1, 1, '2019-04-29 15:16:10', '0000-00-00 00:00:00'),
(258, 11, 13, '{\"title\":\"Request Accepted\",\"body\":\"[UNAME] has accepted your friend request.\",\"type\":\"accept_request\",\"sound\":\"default\",\"referenceId\":\"11\"}', 'accept_request', 0, 1, 1, 1, '2019-04-29 15:18:44', '0000-00-00 00:00:00'),
(259, 13, 11, '{\"title\":\"Delete Appointment\",\"body\":\"[UNAME]Appointment deleted successfully\",\"type\":\"delete_appointment\",\"sound\":\"default\",\"referenceId\":\"10\"}', 'delete_appointment', 0, 1, 1, 1, '2019-04-29 20:52:31', '0000-00-00 00:00:00'),
(260, 13, 11, '{\"title\":\"Favorite\",\"body\":\"[UNAME] added you as a favorite.\",\"type\":\"add_favorite\",\"sound\":\"default\",\"referenceId\":\"13\"}', 'add_favorite', 0, 1, 1, 1, '2019-04-29 15:25:26', '0000-00-00 00:00:00'),
(261, 13, 11, '{\"title\":\"Like\",\"body\":\"[UNAME] liked your profile.\",\"type\":\"add_like\",\"sound\":\"default\",\"referenceId\":\"13\"}', 'add_like', 0, 1, 1, 1, '2019-04-29 15:25:30', '0000-00-00 00:00:00'),
(262, 13, 12, '{\"title\":\"New Appointment\",\"body\":\"[UNAME] has created appointment with you.\",\"type\":\"create_appointment\",\"sound\":\"default\",\"referenceId\":36}', 'create_appointment', 0, 1, 1, 1, '2019-04-29 20:56:55', '0000-00-00 00:00:00'),
(263, 13, 12, '{\"title\":\"Delete Appointment\",\"body\":\"[UNAME]Appointment deleted successfully\",\"type\":\"delete_appointment\",\"sound\":\"default\",\"referenceId\":\"36\"}', 'delete_appointment', 0, 1, 0, 1, '2019-04-29 20:57:12', '0000-00-00 00:00:00'),
(264, 11, 5, '{\"title\":\"New Appointment\",\"body\":\"[UNAME] has created appointment with you.\",\"type\":\"create_appointment\",\"sound\":\"default\",\"referenceId\":37}', 'create_appointment', 0, 1, 0, 1, '2019-04-29 20:58:44', '0000-00-00 00:00:00'),
(265, 13, 14, '{\"title\":\"New Event\",\"body\":\"[UNAME] invited you to attend an event : [ENAME].\",\"type\":\"create_event\",\"sound\":\"default\",\"referenceId\":\"43\",\"compId\":\"\",\"eventMemId\":\"199\",\"createrId\":\"13\"}', 'create_event', 43, 1, 0, 1, '2019-04-29 20:58:46', '0000-00-00 00:00:00'),
(266, 13, 7, '{\"title\":\"New Event\",\"body\":\"[UNAME] invited you to attend an event : [ENAME].\",\"type\":\"create_event\",\"sound\":\"default\",\"referenceId\":\"43\",\"compId\":\"\",\"eventMemId\":\"200\",\"createrId\":\"13\"}', 'create_event', 43, 1, 0, 1, '2019-04-29 20:58:47', '0000-00-00 00:00:00'),
(267, 13, 11, '{\"title\":\"New Event\",\"body\":\"[UNAME] invited you to attend an event : [ENAME].\",\"type\":\"create_event\",\"sound\":\"default\",\"referenceId\":\"43\",\"compId\":\"\",\"eventMemId\":\"201\",\"createrId\":\"13\"}', 'create_event', 43, 1, 1, 1, '2019-04-29 20:58:47', '0000-00-00 00:00:00'),
(268, 13, 12, '{\"title\":\"New Event\",\"body\":\"[UNAME] invited you to attend an event : [ENAME].\",\"type\":\"create_event\",\"sound\":\"default\",\"referenceId\":\"43\",\"compId\":\"\",\"eventMemId\":\"202\",\"createrId\":\"13\"}', 'create_event', 43, 1, 1, 1, '2019-04-29 20:58:47', '0000-00-00 00:00:00'),
(269, 13, 5, '{\"title\":\"New Event\",\"body\":\"[UNAME] invited you to attend an event : [ENAME].\",\"type\":\"create_event\",\"sound\":\"default\",\"referenceId\":\"43\",\"compId\":\"\",\"eventMemId\":\"203\",\"createrId\":\"13\"}', 'create_event', 43, 1, 0, 1, '2019-04-29 20:58:47', '0000-00-00 00:00:00'),
(270, 13, 3, '{\"title\":\"New Event\",\"body\":\"[UNAME] invited you to attend an event : [ENAME].\",\"type\":\"create_event\",\"sound\":\"default\",\"referenceId\":\"43\",\"compId\":\"\",\"eventMemId\":\"204\",\"createrId\":\"13\"}', 'create_event', 43, 1, 0, 1, '2019-04-29 20:58:48', '0000-00-00 00:00:00'),
(271, 11, 13, '{\"title\":\"Join Event\",\"body\":\"[UNAME] joined your event : [ENAME].\",\"type\":\"join_event\",\"sound\":\"default\",\"referenceId\":\"43\",\"compId\":\"\",\"eventMemId\":\"201\",\"createrId\":\"13\"}', 'join_event', 43, 1, 1, 1, '2019-04-29 20:58:58', '0000-00-00 00:00:00'),
(272, 13, 14, '{\"title\":\"New Event\",\"body\":\"[UNAME] invited you to attend an event : [ENAME].\",\"type\":\"create_event\",\"sound\":\"default\",\"referenceId\":\"43\",\"compId\":\"\",\"eventMemId\":\"199\",\"createrId\":\"13\"}', 'create_event', 43, 1, 0, 1, '2019-04-29 21:00:51', '0000-00-00 00:00:00'),
(273, 13, 7, '{\"title\":\"New Event\",\"body\":\"[UNAME] invited you to attend an event : [ENAME].\",\"type\":\"create_event\",\"sound\":\"default\",\"referenceId\":\"43\",\"compId\":\"\",\"eventMemId\":\"200\",\"createrId\":\"13\"}', 'create_event', 43, 1, 0, 1, '2019-04-29 21:00:51', '0000-00-00 00:00:00'),
(274, 13, 11, '{\"title\":\"New Event\",\"body\":\"[UNAME] invited you to attend an event : [ENAME].\",\"type\":\"create_event\",\"sound\":\"default\",\"referenceId\":\"43\",\"compId\":\"\",\"eventMemId\":\"201\",\"createrId\":\"13\"}', 'create_event', 43, 1, 1, 1, '2019-04-29 21:00:51', '0000-00-00 00:00:00'),
(275, 13, 12, '{\"title\":\"New Event\",\"body\":\"[UNAME] invited you to attend an event : [ENAME].\",\"type\":\"create_event\",\"sound\":\"default\",\"referenceId\":\"43\",\"compId\":\"\",\"eventMemId\":\"202\",\"createrId\":\"13\"}', 'create_event', 43, 1, 1, 1, '2019-04-29 21:00:51', '0000-00-00 00:00:00'),
(276, 13, 5, '{\"title\":\"New Event\",\"body\":\"[UNAME] invited you to attend an event : [ENAME].\",\"type\":\"create_event\",\"sound\":\"default\",\"referenceId\":\"43\",\"compId\":\"\",\"eventMemId\":\"203\",\"createrId\":\"13\"}', 'create_event', 43, 1, 0, 1, '2019-04-29 21:00:52', '0000-00-00 00:00:00'),
(277, 13, 3, '{\"title\":\"New Event\",\"body\":\"[UNAME] invited you to attend an event : [ENAME].\",\"type\":\"create_event\",\"sound\":\"default\",\"referenceId\":\"43\",\"compId\":\"\",\"eventMemId\":\"204\",\"createrId\":\"13\"}', 'create_event', 43, 1, 0, 1, '2019-04-29 21:00:52', '0000-00-00 00:00:00'),
(278, 13, 12, '{\"title\":\"New Appointment\",\"body\":\"[UNAME] has created appointment with you.\",\"type\":\"create_appointment\",\"sound\":\"default\",\"referenceId\":38}', 'create_appointment', 0, 1, 1, 1, '2019-04-29 21:02:54', '0000-00-00 00:00:00'),
(279, 12, 13, '{\"title\":\"Appointment confirmed\",\"body\":\"[UNAME] has confirmed your appointment.\",\"type\":\"confirmed_appointment\",\"sound\":\"default\",\"referenceId\":\"38\"}', 'confirmed_appointment', 0, 1, 1, 1, '2019-04-29 21:03:51', '0000-00-00 00:00:00'),
(280, 12, 13, '{\"title\":\"Appointment confirmed\",\"body\":\"[UNAME] has confirmed your appointment.\",\"type\":\"confirmed_appointment\",\"sound\":\"default\",\"referenceId\":\"11\"}', 'confirmed_appointment', 0, 1, 1, 1, '2019-04-29 21:03:56', '0000-00-00 00:00:00'),
(281, 13, 12, '{\"title\":\"Finish Appointment\",\"body\":\"[UNAME]Appointment finished successfully\",\"type\":\"finish_appointment\",\"sound\":\"default\",\"referenceId\":\"11\"}', 'finish_appointment', 0, 1, 1, 1, '2019-04-29 21:04:49', '0000-00-00 00:00:00'),
(282, 13, 12, '{\"title\":\"Appointment Reviews\",\"body\":\"[UNAME] has given you a review.\",\"type\":\"review_appointment\",\"sound\":\"default\",\"referenceId\":\"11\"}', 'review_appointment', 0, 1, 1, 1, '2019-04-29 21:05:06', '0000-00-00 00:00:00'),
(283, 12, 13, '{\"title\":\"Appointment Reviews\",\"body\":\"[UNAME] has given you a review.\",\"type\":\"review_appointment\",\"sound\":\"default\",\"referenceId\":\"11\"}', 'review_appointment', 0, 0, 1, 1, '2019-04-29 21:05:33', '0000-00-00 00:00:00'),
(284, 12, 11, '{\"title\":\"New Appointment\",\"body\":\"[UNAME] has created appointment with you.\",\"type\":\"create_appointment\",\"sound\":\"default\",\"referenceId\":39}', 'create_appointment', 0, 1, 1, 1, '2019-04-29 21:06:25', '0000-00-00 00:00:00'),
(285, 11, 12, '{\"title\":\"Appointment confirmed\",\"body\":\"[UNAME] has confirmed your appointment.\",\"type\":\"confirmed_appointment\",\"sound\":\"default\",\"referenceId\":\"39\"}', 'confirmed_appointment', 0, 1, 1, 1, '2019-04-29 21:06:57', '0000-00-00 00:00:00'),
(286, 12, 11, '{\"title\":\"Finished Appointment\",\"body\":\"[UNAME]Appointment finished successfully\",\"type\":\"finish_appointment\",\"sound\":\"default\",\"referenceId\":\"39\"}', 'finish_appointment', 0, 1, 1, 1, '2019-04-29 21:07:10', '0000-00-00 00:00:00'),
(287, 12, 11, '{\"title\":\"Appointment Reviews\",\"body\":\"[UNAME] has given you a review.\",\"type\":\"review_appointment\",\"sound\":\"default\",\"referenceId\":\"39\"}', 'review_appointment', 0, 0, 1, 1, '2019-04-29 21:07:47', '0000-00-00 00:00:00'),
(288, 11, 12, '{\"title\":\"Appointment Reviews\",\"body\":\"[UNAME] has given you a review.\",\"type\":\"review_appointment\",\"sound\":\"default\",\"referenceId\":\"39\"}', 'review_appointment', 0, 1, 1, 1, '2019-04-29 21:08:07', '0000-00-00 00:00:00'),
(289, 3, 15, '{\"title\":\"Favorite\",\"body\":\"[UNAME] added you as a favorite.\",\"type\":\"add_favorite\",\"sound\":\"default\",\"referenceId\":\"3\"}', 'add_favorite', 0, 1, 0, 1, '2019-04-30 05:01:36', '0000-00-00 00:00:00'),
(290, 3, 13, '{\"title\":\"Unirse al evento\",\"body\":\"[UNAME] se uni\\u00f3 a tu evento : [ENAME].\",\"type\":\"join_event\",\"sound\":\"default\",\"referenceId\":\"43\",\"compId\":\"\",\"eventMemId\":\"204\",\"createrId\":\"13\"}', 'join_event', 43, 1, 0, 1, '2019-04-30 10:33:50', '0000-00-00 00:00:00'),
(291, 18, 8, '{\"title\":\"Solicitud de amistad\",\"body\":\"[UNAME] has sent you a friend request.\",\"type\":\"friend_request\",\"sound\":\"default\",\"referenceId\":\"18\"}', 'friend_request', 0, 1, 1, 1, '2019-04-30 10:36:58', '0000-00-00 00:00:00'),
(292, 8, 18, '{\"title\":\"Request Accepted\",\"body\":\"[UNAME] has accepted your friend request.\",\"type\":\"accept_request\",\"sound\":\"default\",\"referenceId\":\"8\"}', 'accept_request', 0, 1, 1, 1, '2019-04-30 10:44:11', '0000-00-00 00:00:00'),
(293, 3, 10, '{\"title\":\"New Event\",\"body\":\"[UNAME] invited you to attend an event : [ENAME].\",\"type\":\"create_event\",\"sound\":\"default\",\"referenceId\":\"45\",\"compId\":\"\",\"eventMemId\":\"211\",\"createrId\":\"3\"}', 'create_event', 45, 1, 1, 1, '2019-04-30 10:58:19', '0000-00-00 00:00:00'),
(294, 3, 6, '{\"title\":\"New Event\",\"body\":\"[UNAME] invited you to attend an event : [ENAME].\",\"type\":\"create_event\",\"sound\":\"default\",\"referenceId\":\"45\",\"compId\":\"\",\"eventMemId\":\"212\",\"createrId\":\"3\"}', 'create_event', 45, 1, 1, 1, '2019-04-30 10:58:19', '0000-00-00 00:00:00'),
(295, 3, 10, '{\"title\":\"New Event\",\"body\":\"[UNAME] invited you to attend an event : [ENAME].\",\"type\":\"create_event\",\"sound\":\"default\",\"referenceId\":\"45\",\"compId\":\"\",\"eventMemId\":\"211\",\"createrId\":\"3\"}', 'create_event', 45, 1, 1, 1, '2019-04-30 11:15:57', '0000-00-00 00:00:00'),
(296, 3, 6, '{\"title\":\"New Event\",\"body\":\"[UNAME] invited you to attend an event : [ENAME].\",\"type\":\"create_event\",\"sound\":\"default\",\"referenceId\":\"45\",\"compId\":\"\",\"eventMemId\":\"212\",\"createrId\":\"3\"}', 'create_event', 45, 1, 1, 1, '2019-04-30 11:15:57', '0000-00-00 00:00:00'),
(297, 10, 3, '{\"title\":\"New Event\",\"body\":\"[UNAME] invited you to attend an event : [ENAME].\",\"type\":\"create_event\",\"sound\":\"default\",\"referenceId\":\"41\",\"compId\":\"\",\"eventMemId\":\"193\",\"createrId\":\"10\"}', 'create_event', 41, 1, 0, 1, '2019-04-30 11:16:37', '0000-00-00 00:00:00'),
(298, 10, 6, '{\"title\":\"New Event\",\"body\":\"[UNAME] invited you to attend an event : [ENAME].\",\"type\":\"create_event\",\"sound\":\"default\",\"referenceId\":\"41\",\"compId\":\"\",\"eventMemId\":\"194\",\"createrId\":\"10\"}', 'create_event', 41, 1, 1, 1, '2019-04-30 11:16:37', '0000-00-00 00:00:00'),
(299, 10, 6, '{\"title\":\"New Event\",\"body\":\"[UNAME] invited you to attend an event : [ENAME].\",\"type\":\"create_event\",\"sound\":\"default\",\"referenceId\":\"46\",\"compId\":\"\",\"eventMemId\":\"214\",\"createrId\":\"10\"}', 'create_event', 46, 1, 1, 1, '2019-04-30 11:18:41', '0000-00-00 00:00:00'),
(300, 10, 3, '{\"title\":\"New Event\",\"body\":\"[UNAME] invited you to attend an event : [ENAME].\",\"type\":\"create_event\",\"sound\":\"default\",\"referenceId\":\"46\",\"compId\":\"\",\"eventMemId\":\"215\",\"createrId\":\"10\"}', 'create_event', 46, 1, 0, 1, '2019-04-30 11:18:41', '0000-00-00 00:00:00'),
(301, 10, 7, '{\"title\":\"New Event\",\"body\":\"[UNAME] invited you to attend an event : [ENAME].\",\"type\":\"create_event\",\"sound\":\"default\",\"referenceId\":\"46\",\"compId\":\"\",\"eventMemId\":\"216\",\"createrId\":\"10\"}', 'create_event', 46, 1, 0, 1, '2019-04-30 11:18:41', '0000-00-00 00:00:00'),
(302, 10, 6, '{\"title\":\"New Event\",\"body\":\"[UNAME] invited you to attend an event : [ENAME].\",\"type\":\"create_event\",\"sound\":\"default\",\"referenceId\":\"46\",\"compId\":\"\",\"eventMemId\":\"214\",\"createrId\":\"10\"}', 'create_event', 46, 1, 1, 1, '2019-04-30 11:19:21', '0000-00-00 00:00:00'),
(303, 10, 3, '{\"title\":\"New Event\",\"body\":\"[UNAME] invited you to attend an event : [ENAME].\",\"type\":\"create_event\",\"sound\":\"default\",\"referenceId\":\"46\",\"compId\":\"\",\"eventMemId\":\"215\",\"createrId\":\"10\"}', 'create_event', 46, 1, 0, 1, '2019-04-30 11:19:21', '0000-00-00 00:00:00'),
(304, 10, 7, '{\"title\":\"New Event\",\"body\":\"[UNAME] invited you to attend an event : [ENAME].\",\"type\":\"create_event\",\"sound\":\"default\",\"referenceId\":\"46\",\"compId\":\"\",\"eventMemId\":\"216\",\"createrId\":\"10\"}', 'create_event', 46, 1, 0, 1, '2019-04-30 11:19:21', '0000-00-00 00:00:00'),
(305, 3, 10, '{\"title\":\"New Appointment\",\"body\":\"[UNAME] has created appointment with you.\",\"type\":\"create_appointment\",\"sound\":\"default\",\"referenceId\":40}', 'create_appointment', 0, 1, 1, 1, '2019-04-30 11:20:38', '0000-00-00 00:00:00'),
(306, 10, 3, '{\"title\":\"Appointment confirmed\",\"body\":\"[UNAME] has confirmed your appointment.\",\"type\":\"confirmed_appointment\",\"sound\":\"default\",\"referenceId\":\"40\"}', 'confirmed_appointment', 0, 1, 0, 1, '2019-04-30 11:21:17', '0000-00-00 00:00:00'),
(307, 10, 3, '{\"title\":\"Finished Appointment\",\"body\":\"[UNAME]Appointment finished successfully\",\"type\":\"finish_appointment\",\"sound\":\"default\",\"referenceId\":\"40\"}', 'finish_appointment', 0, 1, 0, 1, '2019-04-30 11:22:10', '0000-00-00 00:00:00'),
(308, 10, 3, '{\"title\":\"Appointment Reviews\",\"body\":\"[UNAME] has given you a review.\",\"type\":\"review_appointment\",\"sound\":\"default\",\"referenceId\":\"40\"}', 'review_appointment', 0, 0, 1, 1, '2019-04-30 11:22:47', '0000-00-00 00:00:00'),
(309, 10, 3, '{\"title\":\"Join Event\",\"body\":\"[UNAME] joined your event : [ENAME]\",\"type\":\"join_event\",\"sound\":\"default\",\"referenceId\":\"45\",\"compId\":\"\",\"eventMemId\":\"211\",\"createrId\":\"3\"}', 'join_event', 45, 1, 0, 1, '2019-04-30 11:23:05', '0000-00-00 00:00:00'),
(310, 8, 7, '{\"title\":\"Cancel Appointment\",\"body\":\"[UNAME] has cancelled appointment.\",\"type\":\"cancel_appointment\",\"sound\":\"default\",\"referenceId\":\"4\"}', 'cancel_appointment', 0, 1, 0, 1, '2019-04-30 11:26:17', '0000-00-00 00:00:00'),
(311, 8, 15, '{\"title\":\"New Event\",\"body\":\"[UNAME] invited you to attend an event : [ENAME].\",\"type\":\"create_event\",\"sound\":\"default\",\"referenceId\":\"47\",\"compId\":\"\",\"eventMemId\":\"218\",\"createrId\":\"8\"}', 'create_event', 47, 1, 0, 1, '2019-04-30 11:45:34', '0000-00-00 00:00:00'),
(312, 8, 18, '{\"title\":\"New Event\",\"body\":\"[UNAME] invited you to attend an event : [ENAME].\",\"type\":\"create_event\",\"sound\":\"default\",\"referenceId\":\"47\",\"compId\":\"\",\"eventMemId\":\"219\",\"createrId\":\"8\"}', 'create_event', 47, 1, 1, 1, '2019-04-30 11:45:34', '0000-00-00 00:00:00'),
(313, 8, 7, '{\"title\":\"New Event\",\"body\":\"[UNAME] invited you to attend an event : [ENAME].\",\"type\":\"create_event\",\"sound\":\"default\",\"referenceId\":\"47\",\"compId\":\"\",\"eventMemId\":\"220\",\"createrId\":\"8\"}', 'create_event', 47, 1, 0, 1, '2019-04-30 11:45:34', '0000-00-00 00:00:00'),
(314, 8, 16, '{\"title\":\"New Event\",\"body\":\"[UNAME] invited you to attend an event : [ENAME].\",\"type\":\"create_event\",\"sound\":\"default\",\"referenceId\":\"47\",\"compId\":\"\",\"eventMemId\":\"221\",\"createrId\":\"8\"}', 'create_event', 47, 1, 1, 1, '2019-04-30 11:45:35', '0000-00-00 00:00:00'),
(315, 8, 15, '{\"title\":\"New Event\",\"body\":\"[UNAME] invited you to attend an event : [ENAME].\",\"type\":\"create_event\",\"sound\":\"default\",\"referenceId\":\"47\",\"compId\":\"\",\"eventMemId\":\"218\",\"createrId\":\"8\"}', 'create_event', 47, 1, 0, 1, '2019-04-30 11:52:49', '0000-00-00 00:00:00'),
(316, 8, 18, '{\"title\":\"New Event\",\"body\":\"[UNAME] invited you to attend an event : [ENAME].\",\"type\":\"create_event\",\"sound\":\"default\",\"referenceId\":\"47\",\"compId\":\"\",\"eventMemId\":\"219\",\"createrId\":\"8\"}', 'create_event', 47, 1, 1, 1, '2019-04-30 11:52:49', '0000-00-00 00:00:00'),
(317, 8, 7, '{\"title\":\"New Event\",\"body\":\"[UNAME] invited you to attend an event : [ENAME].\",\"type\":\"create_event\",\"sound\":\"default\",\"referenceId\":\"47\",\"compId\":\"\",\"eventMemId\":\"220\",\"createrId\":\"8\"}', 'create_event', 47, 1, 0, 1, '2019-04-30 11:52:49', '0000-00-00 00:00:00'),
(318, 8, 16, '{\"title\":\"New Event\",\"body\":\"[UNAME] invited you to attend an event : [ENAME].\",\"type\":\"create_event\",\"sound\":\"default\",\"referenceId\":\"47\",\"compId\":\"\",\"eventMemId\":\"221\",\"createrId\":\"8\"}', 'create_event', 47, 1, 1, 1, '2019-04-30 11:52:49', '0000-00-00 00:00:00'),
(319, 8, 15, '{\"title\":\"New Event\",\"body\":\"[UNAME] invited you to attend an event : [ENAME].\",\"type\":\"create_event\",\"sound\":\"default\",\"referenceId\":\"47\",\"compId\":\"\",\"eventMemId\":\"218\",\"createrId\":\"8\"}', 'create_event', 47, 1, 0, 1, '2019-04-30 11:56:39', '0000-00-00 00:00:00'),
(320, 8, 18, '{\"title\":\"New Event\",\"body\":\"[UNAME] invited you to attend an event : [ENAME].\",\"type\":\"create_event\",\"sound\":\"default\",\"referenceId\":\"47\",\"compId\":\"\",\"eventMemId\":\"219\",\"createrId\":\"8\"}', 'create_event', 47, 1, 1, 1, '2019-04-30 11:56:39', '0000-00-00 00:00:00'),
(321, 8, 7, '{\"title\":\"New Event\",\"body\":\"[UNAME] invited you to attend an event : [ENAME].\",\"type\":\"create_event\",\"sound\":\"default\",\"referenceId\":\"47\",\"compId\":\"\",\"eventMemId\":\"220\",\"createrId\":\"8\"}', 'create_event', 47, 1, 0, 1, '2019-04-30 11:56:39', '0000-00-00 00:00:00'),
(322, 8, 16, '{\"title\":\"New Event\",\"body\":\"[UNAME] invited you to attend an event : [ENAME].\",\"type\":\"create_event\",\"sound\":\"default\",\"referenceId\":\"47\",\"compId\":\"\",\"eventMemId\":\"221\",\"createrId\":\"8\"}', 'create_event', 47, 1, 1, 1, '2019-04-30 11:56:39', '0000-00-00 00:00:00'),
(323, 8, 15, '{\"title\":\"New Event\",\"body\":\"[UNAME] invited you to attend an event : [ENAME].\",\"type\":\"create_event\",\"sound\":\"default\",\"referenceId\":\"47\",\"compId\":\"\",\"eventMemId\":\"218\",\"createrId\":\"8\"}', 'create_event', 47, 1, 0, 1, '2019-04-30 11:57:00', '0000-00-00 00:00:00'),
(324, 8, 18, '{\"title\":\"New Event\",\"body\":\"[UNAME] invited you to attend an event : [ENAME].\",\"type\":\"create_event\",\"sound\":\"default\",\"referenceId\":\"47\",\"compId\":\"\",\"eventMemId\":\"219\",\"createrId\":\"8\"}', 'create_event', 47, 1, 1, 1, '2019-04-30 11:57:01', '0000-00-00 00:00:00'),
(325, 8, 7, '{\"title\":\"New Event\",\"body\":\"[UNAME] invited you to attend an event : [ENAME].\",\"type\":\"create_event\",\"sound\":\"default\",\"referenceId\":\"47\",\"compId\":\"\",\"eventMemId\":\"220\",\"createrId\":\"8\"}', 'create_event', 47, 1, 0, 1, '2019-04-30 11:57:01', '0000-00-00 00:00:00'),
(326, 8, 16, '{\"title\":\"New Event\",\"body\":\"[UNAME] invited you to attend an event : [ENAME].\",\"type\":\"create_event\",\"sound\":\"default\",\"referenceId\":\"47\",\"compId\":\"\",\"eventMemId\":\"221\",\"createrId\":\"8\"}', 'create_event', 47, 1, 1, 1, '2019-04-30 11:57:01', '0000-00-00 00:00:00'),
(327, 8, 15, '{\"title\":\"New Event\",\"body\":\"[UNAME] invited you to attend an event : [ENAME].\",\"type\":\"create_event\",\"sound\":\"default\",\"referenceId\":\"47\",\"compId\":\"\",\"eventMemId\":\"218\",\"createrId\":\"8\"}', 'create_event', 47, 1, 0, 1, '2019-04-30 11:58:21', '0000-00-00 00:00:00'),
(328, 8, 18, '{\"title\":\"New Event\",\"body\":\"[UNAME] invited you to attend an event : [ENAME].\",\"type\":\"create_event\",\"sound\":\"default\",\"referenceId\":\"47\",\"compId\":\"\",\"eventMemId\":\"219\",\"createrId\":\"8\"}', 'create_event', 47, 1, 1, 1, '2019-04-30 11:58:21', '0000-00-00 00:00:00'),
(329, 8, 7, '{\"title\":\"New Event\",\"body\":\"[UNAME] invited you to attend an event : [ENAME].\",\"type\":\"create_event\",\"sound\":\"default\",\"referenceId\":\"47\",\"compId\":\"\",\"eventMemId\":\"220\",\"createrId\":\"8\"}', 'create_event', 47, 1, 0, 1, '2019-04-30 11:58:22', '0000-00-00 00:00:00'),
(330, 8, 16, '{\"title\":\"New Event\",\"body\":\"[UNAME] invited you to attend an event : [ENAME].\",\"type\":\"create_event\",\"sound\":\"default\",\"referenceId\":\"47\",\"compId\":\"\",\"eventMemId\":\"221\",\"createrId\":\"8\"}', 'create_event', 47, 1, 1, 1, '2019-04-30 11:58:22', '0000-00-00 00:00:00'),
(331, 10, 3, '{\"title\":\"New Event\",\"body\":\"[UNAME] invited you to attend an event : [ENAME].\",\"type\":\"create_event\",\"sound\":\"default\",\"referenceId\":\"49\",\"compId\":\"\",\"eventMemId\":\"232\",\"createrId\":\"10\"}', 'create_event', 49, 1, 0, 1, '2019-04-30 11:58:48', '0000-00-00 00:00:00'),
(332, 10, 6, '{\"title\":\"New Event\",\"body\":\"[UNAME] invited you to attend an event : [ENAME].\",\"type\":\"create_event\",\"sound\":\"default\",\"referenceId\":\"49\",\"compId\":\"\",\"eventMemId\":\"233\",\"createrId\":\"10\"}', 'create_event', 49, 1, 1, 1, '2019-04-30 11:58:48', '0000-00-00 00:00:00'),
(333, 8, 15, '{\"title\":\"New Event\",\"body\":\"[UNAME] invited you to attend an event : [ENAME].\",\"type\":\"create_event\",\"sound\":\"default\",\"referenceId\":\"47\",\"compId\":\"\",\"eventMemId\":\"218\",\"createrId\":\"8\"}', 'create_event', 47, 1, 0, 1, '2019-04-30 11:59:20', '0000-00-00 00:00:00'),
(334, 8, 18, '{\"title\":\"New Event\",\"body\":\"[UNAME] invited you to attend an event : [ENAME].\",\"type\":\"create_event\",\"sound\":\"default\",\"referenceId\":\"47\",\"compId\":\"\",\"eventMemId\":\"219\",\"createrId\":\"8\"}', 'create_event', 47, 1, 1, 1, '2019-04-30 11:59:20', '0000-00-00 00:00:00'),
(335, 8, 7, '{\"title\":\"New Event\",\"body\":\"[UNAME] invited you to attend an event : [ENAME].\",\"type\":\"create_event\",\"sound\":\"default\",\"referenceId\":\"47\",\"compId\":\"\",\"eventMemId\":\"220\",\"createrId\":\"8\"}', 'create_event', 47, 1, 0, 1, '2019-04-30 11:59:20', '0000-00-00 00:00:00'),
(336, 8, 16, '{\"title\":\"New Event\",\"body\":\"[UNAME] invited you to attend an event : [ENAME].\",\"type\":\"create_event\",\"sound\":\"default\",\"referenceId\":\"47\",\"compId\":\"\",\"eventMemId\":\"221\",\"createrId\":\"8\"}', 'create_event', 47, 1, 1, 1, '2019-04-30 11:59:20', '0000-00-00 00:00:00'),
(337, 8, 10, '{\"title\":\"New Event\",\"body\":\"[UNAME] invited you to attend an event : [ENAME].\",\"type\":\"create_event\",\"sound\":\"default\",\"referenceId\":\"47\",\"compId\":\"\",\"eventMemId\":\"235\",\"createrId\":\"8\"}', 'create_event', 47, 1, 1, 1, '2019-04-30 11:59:55', '0000-00-00 00:00:00'),
(338, 8, 10, '{\"title\":\"New Event\",\"body\":\"[UNAME] invited you to attend an event : [ENAME].\",\"type\":\"create_event\",\"sound\":\"default\",\"referenceId\":\"47\",\"compId\":\"\",\"eventMemId\":\"235\",\"createrId\":\"8\"}', 'create_event', 47, 1, 1, 1, '2019-04-30 12:02:18', '0000-00-00 00:00:00'),
(339, 8, 16, '{\"title\":\"New Event\",\"body\":\"[UNAME] invited you to attend an event : [ENAME].\",\"type\":\"create_event\",\"sound\":\"default\",\"referenceId\":\"47\",\"compId\":\"\",\"eventMemId\":\"236\",\"createrId\":\"8\"}', 'create_event', 47, 1, 1, 1, '2019-04-30 12:02:18', '0000-00-00 00:00:00'),
(340, 8, 15, '{\"title\":\"New Event\",\"body\":\"[UNAME] invited you to attend an event : [ENAME].\",\"type\":\"create_event\",\"sound\":\"default\",\"referenceId\":\"47\",\"compId\":\"\",\"eventMemId\":\"237\",\"createrId\":\"8\"}', 'create_event', 47, 1, 0, 1, '2019-04-30 12:02:18', '0000-00-00 00:00:00'),
(341, 8, 18, '{\"title\":\"New Event\",\"body\":\"[UNAME] invited you to attend an event : [ENAME].\",\"type\":\"create_event\",\"sound\":\"default\",\"referenceId\":\"47\",\"compId\":\"\",\"eventMemId\":\"238\",\"createrId\":\"8\"}', 'create_event', 47, 1, 1, 1, '2019-04-30 12:02:19', '0000-00-00 00:00:00'),
(342, 10, 3, '{\"title\":\"New Event\",\"body\":\"[UNAME] invited you to attend an event : [ENAME].\",\"type\":\"create_event\",\"sound\":\"default\",\"referenceId\":\"49\",\"compId\":\"\",\"eventMemId\":\"232\",\"createrId\":\"10\"}', 'create_event', 49, 1, 0, 1, '2019-04-30 12:02:51', '0000-00-00 00:00:00'),
(343, 10, 6, '{\"title\":\"New Event\",\"body\":\"[UNAME] invited you to attend an event : [ENAME].\",\"type\":\"create_event\",\"sound\":\"default\",\"referenceId\":\"49\",\"compId\":\"\",\"eventMemId\":\"233\",\"createrId\":\"10\"}', 'create_event', 49, 1, 1, 1, '2019-04-30 12:02:51', '0000-00-00 00:00:00'),
(344, 10, 19, '{\"title\":\"New Event\",\"body\":\"[UNAME] invited you to attend an event : [ENAME].\",\"type\":\"create_event\",\"sound\":\"default\",\"referenceId\":\"49\",\"compId\":\"\",\"eventMemId\":\"239\",\"createrId\":\"10\"}', 'create_event', 49, 1, 0, 1, '2019-04-30 12:02:51', '0000-00-00 00:00:00'),
(345, 10, 3, '{\"title\":\"New Event\",\"body\":\"[UNAME] invited you to attend an event : [ENAME].\",\"type\":\"create_event\",\"sound\":\"default\",\"referenceId\":\"49\",\"compId\":\"\",\"eventMemId\":\"232\",\"createrId\":\"10\"}', 'create_event', 49, 1, 0, 1, '2019-04-30 12:03:39', '0000-00-00 00:00:00'),
(346, 10, 6, '{\"title\":\"New Event\",\"body\":\"[UNAME] invited you to attend an event : [ENAME].\",\"type\":\"create_event\",\"sound\":\"default\",\"referenceId\":\"49\",\"compId\":\"\",\"eventMemId\":\"233\",\"createrId\":\"10\"}', 'create_event', 49, 1, 1, 1, '2019-04-30 12:03:39', '0000-00-00 00:00:00'),
(347, 10, 19, '{\"title\":\"New Event\",\"body\":\"[UNAME] invited you to attend an event : [ENAME].\",\"type\":\"create_event\",\"sound\":\"default\",\"referenceId\":\"49\",\"compId\":\"\",\"eventMemId\":\"239\",\"createrId\":\"10\"}', 'create_event', 49, 1, 0, 1, '2019-04-30 12:03:39', '0000-00-00 00:00:00'),
(348, 10, 8, '{\"title\":\"New Event\",\"body\":\"[UNAME] invited you to attend an event : [ENAME].\",\"type\":\"create_event\",\"sound\":\"default\",\"referenceId\":\"49\",\"compId\":\"\",\"eventMemId\":\"240\",\"createrId\":\"10\"}', 'create_event', 49, 1, 1, 1, '2019-04-30 12:03:40', '0000-00-00 00:00:00'),
(349, 10, 3, '{\"title\":\"New Event\",\"body\":\"[UNAME] invited you to attend an event : [ENAME].\",\"type\":\"create_event\",\"sound\":\"default\",\"referenceId\":\"49\",\"compId\":\"\",\"eventMemId\":\"232\",\"createrId\":\"10\"}', 'create_event', 49, 1, 0, 1, '2019-04-30 12:04:15', '0000-00-00 00:00:00'),
(350, 10, 6, '{\"title\":\"New Event\",\"body\":\"[UNAME] invited you to attend an event : [ENAME].\",\"type\":\"create_event\",\"sound\":\"default\",\"referenceId\":\"49\",\"compId\":\"\",\"eventMemId\":\"233\",\"createrId\":\"10\"}', 'create_event', 49, 1, 1, 1, '2019-04-30 12:04:15', '0000-00-00 00:00:00'),
(351, 10, 19, '{\"title\":\"New Event\",\"body\":\"[UNAME] invited you to attend an event : [ENAME].\",\"type\":\"create_event\",\"sound\":\"default\",\"referenceId\":\"49\",\"compId\":\"\",\"eventMemId\":\"239\",\"createrId\":\"10\"}', 'create_event', 49, 1, 0, 1, '2019-04-30 12:04:15', '0000-00-00 00:00:00'),
(352, 10, 8, '{\"title\":\"New Event\",\"body\":\"[UNAME] invited you to attend an event : [ENAME].\",\"type\":\"create_event\",\"sound\":\"default\",\"referenceId\":\"49\",\"compId\":\"\",\"eventMemId\":\"240\",\"createrId\":\"10\"}', 'create_event', 49, 1, 1, 1, '2019-04-30 12:04:15', '0000-00-00 00:00:00'),
(353, 10, 18, '{\"title\":\"New Event\",\"body\":\"[UNAME] invited you to attend an event : [ENAME].\",\"type\":\"create_event\",\"sound\":\"default\",\"referenceId\":\"49\",\"compId\":\"\",\"eventMemId\":\"241\",\"createrId\":\"10\"}', 'create_event', 49, 1, 1, 1, '2019-04-30 12:04:15', '0000-00-00 00:00:00'),
(354, 10, 3, '{\"title\":\"New Event\",\"body\":\"[UNAME] invited you to attend an event : [ENAME].\",\"type\":\"create_event\",\"sound\":\"default\",\"referenceId\":\"49\",\"compId\":\"\",\"eventMemId\":\"232\",\"createrId\":\"10\"}', 'create_event', 49, 1, 0, 1, '2019-04-30 12:04:36', '0000-00-00 00:00:00'),
(355, 10, 6, '{\"title\":\"New Event\",\"body\":\"[UNAME] invited you to attend an event : [ENAME].\",\"type\":\"create_event\",\"sound\":\"default\",\"referenceId\":\"49\",\"compId\":\"\",\"eventMemId\":\"233\",\"createrId\":\"10\"}', 'create_event', 49, 1, 1, 1, '2019-04-30 12:04:36', '0000-00-00 00:00:00'),
(356, 10, 19, '{\"title\":\"New Event\",\"body\":\"[UNAME] invited you to attend an event : [ENAME].\",\"type\":\"create_event\",\"sound\":\"default\",\"referenceId\":\"49\",\"compId\":\"\",\"eventMemId\":\"239\",\"createrId\":\"10\"}', 'create_event', 49, 1, 0, 1, '2019-04-30 12:04:36', '0000-00-00 00:00:00'),
(357, 10, 8, '{\"title\":\"New Event\",\"body\":\"[UNAME] invited you to attend an event : [ENAME].\",\"type\":\"create_event\",\"sound\":\"default\",\"referenceId\":\"49\",\"compId\":\"\",\"eventMemId\":\"240\",\"createrId\":\"10\"}', 'create_event', 49, 1, 1, 1, '2019-04-30 12:04:36', '0000-00-00 00:00:00'),
(358, 10, 18, '{\"title\":\"New Event\",\"body\":\"[UNAME] invited you to attend an event : [ENAME].\",\"type\":\"create_event\",\"sound\":\"default\",\"referenceId\":\"49\",\"compId\":\"\",\"eventMemId\":\"241\",\"createrId\":\"10\"}', 'create_event', 49, 1, 1, 1, '2019-04-30 12:04:36', '0000-00-00 00:00:00'),
(359, 10, 16, '{\"title\":\"New Event\",\"body\":\"[UNAME] invited you to attend an event : [ENAME].\",\"type\":\"create_event\",\"sound\":\"default\",\"referenceId\":\"49\",\"compId\":\"\",\"eventMemId\":\"242\",\"createrId\":\"10\"}', 'create_event', 49, 1, 1, 1, '2019-04-30 12:04:37', '0000-00-00 00:00:00'),
(360, 10, 6, '{\"title\":\"New Event\",\"body\":\"[UNAME] invited you to attend an event : [ENAME].\",\"type\":\"create_event\",\"sound\":\"default\",\"referenceId\":\"49\",\"compId\":\"\",\"eventMemId\":\"233\",\"createrId\":\"10\"}', 'create_event', 49, 1, 1, 1, '2019-04-30 12:05:31', '0000-00-00 00:00:00'),
(361, 10, 19, '{\"title\":\"New Event\",\"body\":\"[UNAME] invited you to attend an event : [ENAME].\",\"type\":\"create_event\",\"sound\":\"default\",\"referenceId\":\"49\",\"compId\":\"\",\"eventMemId\":\"239\",\"createrId\":\"10\"}', 'create_event', 49, 1, 0, 1, '2019-04-30 12:05:32', '0000-00-00 00:00:00'),
(362, 10, 8, '{\"title\":\"New Event\",\"body\":\"[UNAME] invited you to attend an event : [ENAME].\",\"type\":\"create_event\",\"sound\":\"default\",\"referenceId\":\"49\",\"compId\":\"\",\"eventMemId\":\"240\",\"createrId\":\"10\"}', 'create_event', 49, 1, 1, 1, '2019-04-30 12:05:32', '0000-00-00 00:00:00'),
(363, 10, 18, '{\"title\":\"New Event\",\"body\":\"[UNAME] invited you to attend an event : [ENAME].\",\"type\":\"create_event\",\"sound\":\"default\",\"referenceId\":\"49\",\"compId\":\"\",\"eventMemId\":\"241\",\"createrId\":\"10\"}', 'create_event', 49, 1, 1, 1, '2019-04-30 12:05:32', '0000-00-00 00:00:00'),
(364, 10, 16, '{\"title\":\"New Event\",\"body\":\"[UNAME] invited you to attend an event : [ENAME].\",\"type\":\"create_event\",\"sound\":\"default\",\"referenceId\":\"49\",\"compId\":\"\",\"eventMemId\":\"242\",\"createrId\":\"10\"}', 'create_event', 49, 1, 1, 1, '2019-04-30 12:05:32', '0000-00-00 00:00:00'),
(365, 10, 6, '{\"title\":\"New Event\",\"body\":\"[UNAME] invited you to attend an event : [ENAME].\",\"type\":\"create_event\",\"sound\":\"default\",\"referenceId\":\"49\",\"compId\":\"\",\"eventMemId\":\"233\",\"createrId\":\"10\"}', 'create_event', 49, 1, 1, 1, '2019-04-30 12:06:43', '0000-00-00 00:00:00'),
(366, 10, 19, '{\"title\":\"New Event\",\"body\":\"[UNAME] invited you to attend an event : [ENAME].\",\"type\":\"create_event\",\"sound\":\"default\",\"referenceId\":\"49\",\"compId\":\"\",\"eventMemId\":\"239\",\"createrId\":\"10\"}', 'create_event', 49, 1, 0, 1, '2019-04-30 12:06:43', '0000-00-00 00:00:00'),
(367, 10, 8, '{\"title\":\"New Event\",\"body\":\"[UNAME] invited you to attend an event : [ENAME].\",\"type\":\"create_event\",\"sound\":\"default\",\"referenceId\":\"49\",\"compId\":\"\",\"eventMemId\":\"240\",\"createrId\":\"10\"}', 'create_event', 49, 1, 1, 1, '2019-04-30 12:06:43', '0000-00-00 00:00:00'),
(368, 10, 18, '{\"title\":\"New Event\",\"body\":\"[UNAME] invited you to attend an event : [ENAME].\",\"type\":\"create_event\",\"sound\":\"default\",\"referenceId\":\"49\",\"compId\":\"\",\"eventMemId\":\"241\",\"createrId\":\"10\"}', 'create_event', 49, 1, 1, 1, '2019-04-30 12:06:43', '0000-00-00 00:00:00'),
(369, 10, 16, '{\"title\":\"New Event\",\"body\":\"[UNAME] invited you to attend an event : [ENAME].\",\"type\":\"create_event\",\"sound\":\"default\",\"referenceId\":\"49\",\"compId\":\"\",\"eventMemId\":\"242\",\"createrId\":\"10\"}', 'create_event', 49, 1, 1, 1, '2019-04-30 12:06:44', '0000-00-00 00:00:00'),
(370, 10, 6, '{\"title\":\"New Event\",\"body\":\"[UNAME] invited you to attend an event : [ENAME].\",\"type\":\"create_event\",\"sound\":\"default\",\"referenceId\":\"49\",\"compId\":\"\",\"eventMemId\":\"233\",\"createrId\":\"10\"}', 'create_event', 49, 1, 1, 1, '2019-04-30 12:07:11', '0000-00-00 00:00:00'),
(371, 10, 19, '{\"title\":\"New Event\",\"body\":\"[UNAME] invited you to attend an event : [ENAME].\",\"type\":\"create_event\",\"sound\":\"default\",\"referenceId\":\"49\",\"compId\":\"\",\"eventMemId\":\"239\",\"createrId\":\"10\"}', 'create_event', 49, 1, 0, 1, '2019-04-30 12:07:11', '0000-00-00 00:00:00'),
(372, 10, 8, '{\"title\":\"New Event\",\"body\":\"[UNAME] invited you to attend an event : [ENAME].\",\"type\":\"create_event\",\"sound\":\"default\",\"referenceId\":\"49\",\"compId\":\"\",\"eventMemId\":\"240\",\"createrId\":\"10\"}', 'create_event', 49, 1, 1, 1, '2019-04-30 12:07:12', '0000-00-00 00:00:00'),
(373, 10, 18, '{\"title\":\"New Event\",\"body\":\"[UNAME] invited you to attend an event : [ENAME].\",\"type\":\"create_event\",\"sound\":\"default\",\"referenceId\":\"49\",\"compId\":\"\",\"eventMemId\":\"241\",\"createrId\":\"10\"}', 'create_event', 49, 1, 1, 1, '2019-04-30 12:07:12', '0000-00-00 00:00:00'),
(374, 10, 16, '{\"title\":\"New Event\",\"body\":\"[UNAME] invited you to attend an event : [ENAME].\",\"type\":\"create_event\",\"sound\":\"default\",\"referenceId\":\"49\",\"compId\":\"\",\"eventMemId\":\"242\",\"createrId\":\"10\"}', 'create_event', 49, 1, 1, 1, '2019-04-30 12:07:12', '0000-00-00 00:00:00'),
(375, 10, 20, '{\"title\":\"New Event\",\"body\":\"[UNAME] invited you to attend an event : [ENAME].\",\"type\":\"create_event\",\"sound\":\"default\",\"referenceId\":\"49\",\"compId\":\"\",\"eventMemId\":\"243\",\"createrId\":\"10\"}', 'create_event', 49, 1, 0, 1, '2019-04-30 12:07:12', '0000-00-00 00:00:00'),
(376, 10, 3, '{\"title\":\"New Event\",\"body\":\"[UNAME] invited you to attend an event : [ENAME].\",\"type\":\"create_event\",\"sound\":\"default\",\"referenceId\":\"49\",\"compId\":\"\",\"eventMemId\":\"244\",\"createrId\":\"10\"}', 'create_event', 49, 1, 0, 1, '2019-04-30 12:07:12', '0000-00-00 00:00:00'),
(377, 10, 6, '{\"title\":\"New Event\",\"body\":\"[UNAME] invited you to attend an event : [ENAME].\",\"type\":\"create_event\",\"sound\":\"default\",\"referenceId\":\"49\",\"compId\":\"\",\"eventMemId\":\"233\",\"createrId\":\"10\"}', 'create_event', 49, 1, 1, 1, '2019-04-30 12:08:05', '0000-00-00 00:00:00'),
(378, 10, 19, '{\"title\":\"New Event\",\"body\":\"[UNAME] invited you to attend an event : [ENAME].\",\"type\":\"create_event\",\"sound\":\"default\",\"referenceId\":\"49\",\"compId\":\"\",\"eventMemId\":\"239\",\"createrId\":\"10\"}', 'create_event', 49, 1, 0, 1, '2019-04-30 12:08:05', '0000-00-00 00:00:00'),
(379, 10, 8, '{\"title\":\"New Event\",\"body\":\"[UNAME] invited you to attend an event : [ENAME].\",\"type\":\"create_event\",\"sound\":\"default\",\"referenceId\":\"49\",\"compId\":\"\",\"eventMemId\":\"240\",\"createrId\":\"10\"}', 'create_event', 49, 1, 1, 1, '2019-04-30 12:08:05', '0000-00-00 00:00:00'),
(380, 10, 18, '{\"title\":\"New Event\",\"body\":\"[UNAME] invited you to attend an event : [ENAME].\",\"type\":\"create_event\",\"sound\":\"default\",\"referenceId\":\"49\",\"compId\":\"\",\"eventMemId\":\"241\",\"createrId\":\"10\"}', 'create_event', 49, 1, 1, 1, '2019-04-30 12:08:05', '0000-00-00 00:00:00'),
(381, 10, 16, '{\"title\":\"New Event\",\"body\":\"[UNAME] invited you to attend an event : [ENAME].\",\"type\":\"create_event\",\"sound\":\"default\",\"referenceId\":\"49\",\"compId\":\"\",\"eventMemId\":\"242\",\"createrId\":\"10\"}', 'create_event', 49, 1, 1, 1, '2019-04-30 12:08:05', '0000-00-00 00:00:00'),
(382, 10, 20, '{\"title\":\"New Event\",\"body\":\"[UNAME] invited you to attend an event : [ENAME].\",\"type\":\"create_event\",\"sound\":\"default\",\"referenceId\":\"49\",\"compId\":\"\",\"eventMemId\":\"243\",\"createrId\":\"10\"}', 'create_event', 49, 1, 0, 1, '2019-04-30 12:08:06', '0000-00-00 00:00:00'),
(383, 10, 3, '{\"title\":\"New Event\",\"body\":\"[UNAME] invited you to attend an event : [ENAME].\",\"type\":\"create_event\",\"sound\":\"default\",\"referenceId\":\"49\",\"compId\":\"\",\"eventMemId\":\"244\",\"createrId\":\"10\"}', 'create_event', 49, 1, 0, 1, '2019-04-30 12:08:06', '0000-00-00 00:00:00'),
(384, 8, 10, '{\"title\":\"New Event\",\"body\":\"[UNAME] invited you to attend an event : [ENAME].\",\"type\":\"create_event\",\"sound\":\"default\",\"referenceId\":\"47\",\"compId\":\"\",\"eventMemId\":\"235\",\"createrId\":\"8\"}', 'create_event', 47, 1, 1, 1, '2019-04-30 12:09:34', '0000-00-00 00:00:00'),
(385, 8, 16, '{\"title\":\"New Event\",\"body\":\"[UNAME] invited you to attend an event : [ENAME].\",\"type\":\"create_event\",\"sound\":\"default\",\"referenceId\":\"47\",\"compId\":\"\",\"eventMemId\":\"236\",\"createrId\":\"8\"}', 'create_event', 47, 1, 1, 1, '2019-04-30 12:09:34', '0000-00-00 00:00:00'),
(386, 8, 15, '{\"title\":\"New Event\",\"body\":\"[UNAME] invited you to attend an event : [ENAME].\",\"type\":\"create_event\",\"sound\":\"default\",\"referenceId\":\"47\",\"compId\":\"\",\"eventMemId\":\"237\",\"createrId\":\"8\"}', 'create_event', 47, 1, 0, 1, '2019-04-30 12:09:34', '0000-00-00 00:00:00'),
(387, 8, 18, '{\"title\":\"New Event\",\"body\":\"[UNAME] invited you to attend an event : [ENAME].\",\"type\":\"create_event\",\"sound\":\"default\",\"referenceId\":\"47\",\"compId\":\"\",\"eventMemId\":\"238\",\"createrId\":\"8\"}', 'create_event', 47, 1, 1, 1, '2019-04-30 12:09:34', '0000-00-00 00:00:00'),
(388, 8, 10, '{\"title\":\"New Event\",\"body\":\"[UNAME] invited you to attend an event : [ENAME].\",\"type\":\"create_event\",\"sound\":\"default\",\"referenceId\":\"47\",\"compId\":\"\",\"eventMemId\":\"235\",\"createrId\":\"8\"}', 'create_event', 47, 1, 1, 1, '2019-04-30 12:10:14', '0000-00-00 00:00:00'),
(389, 8, 16, '{\"title\":\"New Event\",\"body\":\"[UNAME] invited you to attend an event : [ENAME].\",\"type\":\"create_event\",\"sound\":\"default\",\"referenceId\":\"47\",\"compId\":\"\",\"eventMemId\":\"236\",\"createrId\":\"8\"}', 'create_event', 47, 1, 1, 1, '2019-04-30 12:10:14', '0000-00-00 00:00:00'),
(390, 8, 15, '{\"title\":\"New Event\",\"body\":\"[UNAME] invited you to attend an event : [ENAME].\",\"type\":\"create_event\",\"sound\":\"default\",\"referenceId\":\"47\",\"compId\":\"\",\"eventMemId\":\"237\",\"createrId\":\"8\"}', 'create_event', 47, 1, 0, 1, '2019-04-30 12:10:14', '0000-00-00 00:00:00'),
(391, 8, 18, '{\"title\":\"New Event\",\"body\":\"[UNAME] invited you to attend an event : [ENAME].\",\"type\":\"create_event\",\"sound\":\"default\",\"referenceId\":\"47\",\"compId\":\"\",\"eventMemId\":\"238\",\"createrId\":\"8\"}', 'create_event', 47, 1, 1, 1, '2019-04-30 12:10:14', '0000-00-00 00:00:00'),
(392, 16, 15, '{\"title\":\"New Event\",\"body\":\"[UNAME] invited you to attend an event : [ENAME].\",\"type\":\"create_event\",\"sound\":\"default\",\"referenceId\":\"50\",\"compId\":\"\",\"eventMemId\":\"245\",\"createrId\":\"16\"}', 'create_event', 50, 1, 0, 1, '2019-04-30 12:19:07', '0000-00-00 00:00:00'),
(393, 16, 18, '{\"title\":\"New Event\",\"body\":\"[UNAME] invited you to attend an event : [ENAME].\",\"type\":\"create_event\",\"sound\":\"default\",\"referenceId\":\"50\",\"compId\":\"\",\"eventMemId\":\"246\",\"createrId\":\"16\"}', 'create_event', 50, 1, 1, 1, '2019-04-30 12:19:07', '0000-00-00 00:00:00'),
(394, 16, 8, '{\"title\":\"New Event\",\"body\":\"[UNAME] invited you to attend an event : [ENAME].\",\"type\":\"create_event\",\"sound\":\"default\",\"referenceId\":\"50\",\"compId\":\"\",\"eventMemId\":\"247\",\"createrId\":\"16\"}', 'create_event', 50, 1, 1, 1, '2019-04-30 12:19:07', '0000-00-00 00:00:00'),
(395, 16, 15, '{\"title\":\"New Event\",\"body\":\"[UNAME] invited you to attend an event : [ENAME].\",\"type\":\"create_event\",\"sound\":\"default\",\"referenceId\":\"50\",\"compId\":\"\",\"eventMemId\":\"245\",\"createrId\":\"16\"}', 'create_event', 50, 1, 0, 1, '2019-04-30 12:22:13', '0000-00-00 00:00:00'),
(396, 16, 18, '{\"title\":\"New Event\",\"body\":\"[UNAME] invited you to attend an event : [ENAME].\",\"type\":\"create_event\",\"sound\":\"default\",\"referenceId\":\"50\",\"compId\":\"\",\"eventMemId\":\"246\",\"createrId\":\"16\"}', 'create_event', 50, 1, 1, 1, '2019-04-30 12:22:13', '0000-00-00 00:00:00'),
(397, 16, 8, '{\"title\":\"New Event\",\"body\":\"[UNAME] invited you to attend an event : [ENAME].\",\"type\":\"create_event\",\"sound\":\"default\",\"referenceId\":\"50\",\"compId\":\"\",\"eventMemId\":\"247\",\"createrId\":\"16\"}', 'create_event', 50, 1, 1, 1, '2019-04-30 12:22:13', '0000-00-00 00:00:00'),
(398, 8, 10, '{\"title\":\"New Event\",\"body\":\"[UNAME] invited you to attend an event : [ENAME].\",\"type\":\"create_event\",\"sound\":\"default\",\"referenceId\":\"47\",\"compId\":\"\",\"eventMemId\":\"235\",\"createrId\":\"8\"}', 'create_event', 47, 1, 1, 1, '2019-04-30 12:22:25', '0000-00-00 00:00:00'),
(399, 8, 16, '{\"title\":\"New Event\",\"body\":\"[UNAME] invited you to attend an event : [ENAME].\",\"type\":\"create_event\",\"sound\":\"default\",\"referenceId\":\"47\",\"compId\":\"\",\"eventMemId\":\"236\",\"createrId\":\"8\"}', 'create_event', 47, 1, 1, 1, '2019-04-30 12:22:25', '0000-00-00 00:00:00'),
(400, 8, 15, '{\"title\":\"New Event\",\"body\":\"[UNAME] invited you to attend an event : [ENAME].\",\"type\":\"create_event\",\"sound\":\"default\",\"referenceId\":\"47\",\"compId\":\"\",\"eventMemId\":\"237\",\"createrId\":\"8\"}', 'create_event', 47, 1, 0, 1, '2019-04-30 12:22:25', '0000-00-00 00:00:00'),
(401, 8, 18, '{\"title\":\"New Event\",\"body\":\"[UNAME] invited you to attend an event : [ENAME].\",\"type\":\"create_event\",\"sound\":\"default\",\"referenceId\":\"47\",\"compId\":\"\",\"eventMemId\":\"238\",\"createrId\":\"8\"}', 'create_event', 47, 1, 1, 1, '2019-04-30 12:22:25', '0000-00-00 00:00:00'),
(402, 16, 15, '{\"title\":\"New Event\",\"body\":\"[UNAME] invited you to attend an event : [ENAME].\",\"type\":\"create_event\",\"sound\":\"default\",\"referenceId\":\"50\",\"compId\":\"\",\"eventMemId\":\"245\",\"createrId\":\"16\"}', 'create_event', 50, 1, 0, 1, '2019-04-30 12:28:49', '0000-00-00 00:00:00'),
(403, 16, 18, '{\"title\":\"New Event\",\"body\":\"[UNAME] invited you to attend an event : [ENAME].\",\"type\":\"create_event\",\"sound\":\"default\",\"referenceId\":\"50\",\"compId\":\"\",\"eventMemId\":\"246\",\"createrId\":\"16\"}', 'create_event', 50, 1, 1, 1, '2019-04-30 12:28:49', '0000-00-00 00:00:00'),
(404, 16, 8, '{\"title\":\"New Event\",\"body\":\"[UNAME] invited you to attend an event : [ENAME].\",\"type\":\"create_event\",\"sound\":\"default\",\"referenceId\":\"50\",\"compId\":\"\",\"eventMemId\":\"247\",\"createrId\":\"16\"}', 'create_event', 50, 1, 1, 1, '2019-04-30 12:28:50', '0000-00-00 00:00:00'),
(405, 8, 10, '{\"title\":\"New Event\",\"body\":\"[UNAME] invited you to attend an event : [ENAME].\",\"type\":\"create_event\",\"sound\":\"default\",\"referenceId\":\"47\",\"compId\":\"\",\"eventMemId\":\"235\",\"createrId\":\"8\"}', 'create_event', 47, 1, 1, 1, '2019-04-30 12:29:42', '0000-00-00 00:00:00'),
(406, 8, 16, '{\"title\":\"New Event\",\"body\":\"[UNAME] invited you to attend an event : [ENAME].\",\"type\":\"create_event\",\"sound\":\"default\",\"referenceId\":\"47\",\"compId\":\"\",\"eventMemId\":\"236\",\"createrId\":\"8\"}', 'create_event', 47, 1, 1, 1, '2019-04-30 12:29:42', '0000-00-00 00:00:00'),
(407, 8, 15, '{\"title\":\"New Event\",\"body\":\"[UNAME] invited you to attend an event : [ENAME].\",\"type\":\"create_event\",\"sound\":\"default\",\"referenceId\":\"47\",\"compId\":\"\",\"eventMemId\":\"237\",\"createrId\":\"8\"}', 'create_event', 47, 1, 0, 1, '2019-04-30 12:29:42', '0000-00-00 00:00:00'),
(408, 8, 18, '{\"title\":\"New Event\",\"body\":\"[UNAME] invited you to attend an event : [ENAME].\",\"type\":\"create_event\",\"sound\":\"default\",\"referenceId\":\"47\",\"compId\":\"\",\"eventMemId\":\"238\",\"createrId\":\"8\"}', 'create_event', 47, 1, 1, 1, '2019-04-30 12:29:42', '0000-00-00 00:00:00'),
(409, 8, 10, '{\"title\":\"New Event\",\"body\":\"[UNAME] invited you to attend an event : [ENAME].\",\"type\":\"create_event\",\"sound\":\"default\",\"referenceId\":\"47\",\"compId\":\"\",\"eventMemId\":\"235\",\"createrId\":\"8\"}', 'create_event', 47, 1, 1, 1, '2019-04-30 12:30:25', '0000-00-00 00:00:00'),
(410, 8, 16, '{\"title\":\"New Event\",\"body\":\"[UNAME] invited you to attend an event : [ENAME].\",\"type\":\"create_event\",\"sound\":\"default\",\"referenceId\":\"47\",\"compId\":\"\",\"eventMemId\":\"236\",\"createrId\":\"8\"}', 'create_event', 47, 1, 1, 1, '2019-04-30 12:30:25', '0000-00-00 00:00:00'),
(411, 8, 15, '{\"title\":\"New Event\",\"body\":\"[UNAME] invited you to attend an event : [ENAME].\",\"type\":\"create_event\",\"sound\":\"default\",\"referenceId\":\"47\",\"compId\":\"\",\"eventMemId\":\"237\",\"createrId\":\"8\"}', 'create_event', 47, 1, 0, 1, '2019-04-30 12:30:25', '0000-00-00 00:00:00'),
(412, 8, 18, '{\"title\":\"New Event\",\"body\":\"[UNAME] invited you to attend an event : [ENAME].\",\"type\":\"create_event\",\"sound\":\"default\",\"referenceId\":\"47\",\"compId\":\"\",\"eventMemId\":\"238\",\"createrId\":\"8\"}', 'create_event', 47, 1, 1, 1, '2019-04-30 12:30:25', '0000-00-00 00:00:00'),
(414, 16, 18, '{\"title\":\"Like\",\"body\":\"[UNAME] liked your profile.\",\"type\":\"add_like\",\"sound\":\"default\",\"referenceId\":\"16\"}', 'add_like', 0, 1, 1, 1, '2019-04-30 07:03:44', '0000-00-00 00:00:00');
INSERT INTO `notifications` (`notId`, `notificationBy`, `notificationFor`, `message`, `notificationType`, `referenceId`, `isRead`, `webShow`, `status`, `crd`, `upd`) VALUES
(417, 10, 6, '{\"title\":\"New Event\",\"body\":\"[UNAME] invited you to attend an event : [ENAME].\",\"type\":\"create_event\",\"sound\":\"default\",\"referenceId\":\"49\",\"compId\":\"\",\"eventMemId\":\"233\",\"createrId\":\"10\"}', 'create_event', 49, 1, 1, 1, '2019-04-30 12:34:22', '0000-00-00 00:00:00'),
(418, 10, 19, '{\"title\":\"New Event\",\"body\":\"[UNAME] invited you to attend an event : [ENAME].\",\"type\":\"create_event\",\"sound\":\"default\",\"referenceId\":\"49\",\"compId\":\"\",\"eventMemId\":\"239\",\"createrId\":\"10\"}', 'create_event', 49, 1, 0, 1, '2019-04-30 12:34:22', '0000-00-00 00:00:00'),
(419, 10, 8, '{\"title\":\"New Event\",\"body\":\"[UNAME] invited you to attend an event : [ENAME].\",\"type\":\"create_event\",\"sound\":\"default\",\"referenceId\":\"49\",\"compId\":\"\",\"eventMemId\":\"240\",\"createrId\":\"10\"}', 'create_event', 49, 1, 1, 1, '2019-04-30 12:34:22', '0000-00-00 00:00:00'),
(420, 10, 18, '{\"title\":\"New Event\",\"body\":\"[UNAME] invited you to attend an event : [ENAME].\",\"type\":\"create_event\",\"sound\":\"default\",\"referenceId\":\"49\",\"compId\":\"\",\"eventMemId\":\"241\",\"createrId\":\"10\"}', 'create_event', 49, 1, 1, 1, '2019-04-30 12:34:22', '0000-00-00 00:00:00'),
(421, 10, 16, '{\"title\":\"New Event\",\"body\":\"[UNAME] invited you to attend an event : [ENAME].\",\"type\":\"create_event\",\"sound\":\"default\",\"referenceId\":\"49\",\"compId\":\"\",\"eventMemId\":\"242\",\"createrId\":\"10\"}', 'create_event', 49, 1, 1, 1, '2019-04-30 12:34:22', '0000-00-00 00:00:00'),
(422, 10, 20, '{\"title\":\"New Event\",\"body\":\"[UNAME] invited you to attend an event : [ENAME].\",\"type\":\"create_event\",\"sound\":\"default\",\"referenceId\":\"49\",\"compId\":\"\",\"eventMemId\":\"243\",\"createrId\":\"10\"}', 'create_event', 49, 1, 0, 1, '2019-04-30 12:34:23', '0000-00-00 00:00:00'),
(423, 10, 3, '{\"title\":\"New Event\",\"body\":\"[UNAME] invited you to attend an event : [ENAME].\",\"type\":\"create_event\",\"sound\":\"default\",\"referenceId\":\"49\",\"compId\":\"\",\"eventMemId\":\"244\",\"createrId\":\"10\"}', 'create_event', 49, 1, 0, 1, '2019-04-30 12:34:23', '0000-00-00 00:00:00'),
(424, 10, 15, '{\"title\":\"New Event\",\"body\":\"[UNAME] invited you to attend an event : [ENAME].\",\"type\":\"create_event\",\"sound\":\"default\",\"referenceId\":\"49\",\"compId\":\"\",\"eventMemId\":\"249\",\"createrId\":\"10\"}', 'create_event', 49, 1, 0, 1, '2019-04-30 12:34:23', '0000-00-00 00:00:00'),
(425, 18, 8, '{\"title\":\"Like\",\"body\":\"[UNAME] likes your profile.\",\"type\":\"add_like\",\"sound\":\"default\",\"referenceId\":\"18\"}', 'add_like', 0, 1, 1, 1, '2019-04-30 12:34:52', '0000-00-00 00:00:00'),
(426, 10, 6, '{\"title\":\"New Event\",\"body\":\"[UNAME] invited you to attend an event : [ENAME].\",\"type\":\"create_event\",\"sound\":\"default\",\"referenceId\":\"49\",\"compId\":\"\",\"eventMemId\":\"233\",\"createrId\":\"10\"}', 'create_event', 49, 1, 1, 1, '2019-04-30 12:34:52', '0000-00-00 00:00:00'),
(427, 10, 19, '{\"title\":\"New Event\",\"body\":\"[UNAME] invited you to attend an event : [ENAME].\",\"type\":\"create_event\",\"sound\":\"default\",\"referenceId\":\"49\",\"compId\":\"\",\"eventMemId\":\"239\",\"createrId\":\"10\"}', 'create_event', 49, 1, 0, 1, '2019-04-30 12:34:52', '0000-00-00 00:00:00'),
(428, 10, 8, '{\"title\":\"New Event\",\"body\":\"[UNAME] invited you to attend an event : [ENAME].\",\"type\":\"create_event\",\"sound\":\"default\",\"referenceId\":\"49\",\"compId\":\"\",\"eventMemId\":\"240\",\"createrId\":\"10\"}', 'create_event', 49, 1, 1, 1, '2019-04-30 12:34:52', '0000-00-00 00:00:00'),
(429, 10, 18, '{\"title\":\"New Event\",\"body\":\"[UNAME] invited you to attend an event : [ENAME].\",\"type\":\"create_event\",\"sound\":\"default\",\"referenceId\":\"49\",\"compId\":\"\",\"eventMemId\":\"241\",\"createrId\":\"10\"}', 'create_event', 49, 1, 1, 1, '2019-04-30 12:34:52', '0000-00-00 00:00:00'),
(430, 10, 16, '{\"title\":\"New Event\",\"body\":\"[UNAME] invited you to attend an event : [ENAME].\",\"type\":\"create_event\",\"sound\":\"default\",\"referenceId\":\"49\",\"compId\":\"\",\"eventMemId\":\"242\",\"createrId\":\"10\"}', 'create_event', 49, 1, 1, 1, '2019-04-30 12:34:53', '0000-00-00 00:00:00'),
(431, 10, 20, '{\"title\":\"New Event\",\"body\":\"[UNAME] invited you to attend an event : [ENAME].\",\"type\":\"create_event\",\"sound\":\"default\",\"referenceId\":\"49\",\"compId\":\"\",\"eventMemId\":\"243\",\"createrId\":\"10\"}', 'create_event', 49, 1, 0, 1, '2019-04-30 12:34:53', '0000-00-00 00:00:00'),
(432, 10, 3, '{\"title\":\"New Event\",\"body\":\"[UNAME] invited you to attend an event : [ENAME].\",\"type\":\"create_event\",\"sound\":\"default\",\"referenceId\":\"49\",\"compId\":\"\",\"eventMemId\":\"244\",\"createrId\":\"10\"}', 'create_event', 49, 1, 0, 1, '2019-04-30 12:34:53', '0000-00-00 00:00:00'),
(433, 10, 15, '{\"title\":\"New Event\",\"body\":\"[UNAME] invited you to attend an event : [ENAME].\",\"type\":\"create_event\",\"sound\":\"default\",\"referenceId\":\"49\",\"compId\":\"\",\"eventMemId\":\"249\",\"createrId\":\"10\"}', 'create_event', 49, 1, 0, 1, '2019-04-30 12:34:53', '0000-00-00 00:00:00'),
(434, 10, 4, '{\"title\":\"New Event\",\"body\":\"[UNAME] invited you to attend an event : [ENAME].\",\"type\":\"create_event\",\"sound\":\"default\",\"referenceId\":\"49\",\"compId\":\"\",\"eventMemId\":\"250\",\"createrId\":\"10\"}', 'create_event', 49, 0, 0, 1, '2019-04-30 12:34:53', '0000-00-00 00:00:00'),
(435, 10, 7, '{\"title\":\"New Event\",\"body\":\"[UNAME] invited you to attend an event : [ENAME].\",\"type\":\"create_event\",\"sound\":\"default\",\"referenceId\":\"49\",\"compId\":\"\",\"eventMemId\":\"251\",\"createrId\":\"10\"}', 'create_event', 49, 1, 0, 1, '2019-04-30 12:34:53', '0000-00-00 00:00:00'),
(437, 10, 7, '{\"title\":\"New Event\",\"body\":\"[UNAME] invited you to attend an event : [ENAME].\",\"type\":\"create_event\",\"sound\":\"default\",\"referenceId\":\"51\",\"compId\":\"\",\"eventMemId\":\"252\",\"createrId\":\"10\"}', 'create_event', 51, 1, 0, 1, '2019-04-30 12:36:19', '0000-00-00 00:00:00'),
(438, 10, 8, '{\"title\":\"New Event\",\"body\":\"[UNAME] invited you to attend an event : [ENAME].\",\"type\":\"create_event\",\"sound\":\"default\",\"referenceId\":\"51\",\"compId\":\"\",\"eventMemId\":\"253\",\"createrId\":\"10\"}', 'create_event', 51, 1, 1, 1, '2019-04-30 12:36:19', '0000-00-00 00:00:00'),
(439, 10, 4, '{\"title\":\"New Event\",\"body\":\"[UNAME] invited you to attend an event : [ENAME].\",\"type\":\"create_event\",\"sound\":\"default\",\"referenceId\":\"51\",\"compId\":\"\",\"eventMemId\":\"254\",\"createrId\":\"10\"}', 'create_event', 51, 0, 0, 1, '2019-04-30 12:36:19', '0000-00-00 00:00:00'),
(440, 10, 18, '{\"title\":\"New Event\",\"body\":\"[UNAME] invited you to attend an event : [ENAME].\",\"type\":\"create_event\",\"sound\":\"default\",\"referenceId\":\"51\",\"compId\":\"\",\"eventMemId\":\"255\",\"createrId\":\"10\"}', 'create_event', 51, 1, 1, 1, '2019-04-30 12:36:19', '0000-00-00 00:00:00'),
(441, 10, 15, '{\"title\":\"New Event\",\"body\":\"[UNAME] invited you to attend an event : [ENAME].\",\"type\":\"create_event\",\"sound\":\"default\",\"referenceId\":\"51\",\"compId\":\"\",\"eventMemId\":\"256\",\"createrId\":\"10\"}', 'create_event', 51, 1, 0, 1, '2019-04-30 12:36:19', '0000-00-00 00:00:00'),
(442, 10, 16, '{\"title\":\"New Event\",\"body\":\"[UNAME] invited you to attend an event : [ENAME].\",\"type\":\"create_event\",\"sound\":\"default\",\"referenceId\":\"51\",\"compId\":\"\",\"eventMemId\":\"257\",\"createrId\":\"10\"}', 'create_event', 51, 1, 1, 1, '2019-04-30 12:36:20', '0000-00-00 00:00:00'),
(443, 10, 19, '{\"title\":\"New Event\",\"body\":\"[UNAME] invited you to attend an event : [ENAME].\",\"type\":\"create_event\",\"sound\":\"default\",\"referenceId\":\"51\",\"compId\":\"\",\"eventMemId\":\"258\",\"createrId\":\"10\"}', 'create_event', 51, 1, 0, 1, '2019-04-30 12:36:20', '0000-00-00 00:00:00'),
(444, 10, 20, '{\"title\":\"New Event\",\"body\":\"[UNAME] invited you to attend an event : [ENAME].\",\"type\":\"create_event\",\"sound\":\"default\",\"referenceId\":\"51\",\"compId\":\"\",\"eventMemId\":\"259\",\"createrId\":\"10\"}', 'create_event', 51, 1, 0, 1, '2019-04-30 12:36:20', '0000-00-00 00:00:00'),
(445, 10, 3, '{\"title\":\"New Event\",\"body\":\"[UNAME] invited you to attend an event : [ENAME].\",\"type\":\"create_event\",\"sound\":\"default\",\"referenceId\":\"51\",\"compId\":\"\",\"eventMemId\":\"260\",\"createrId\":\"10\"}', 'create_event', 51, 1, 0, 1, '2019-04-30 12:36:20', '0000-00-00 00:00:00'),
(446, 10, 6, '{\"title\":\"New Event\",\"body\":\"[UNAME] invited you to attend an event : [ENAME].\",\"type\":\"create_event\",\"sound\":\"default\",\"referenceId\":\"51\",\"compId\":\"\",\"eventMemId\":\"261\",\"createrId\":\"10\"}', 'create_event', 51, 1, 1, 1, '2019-04-30 12:36:20', '0000-00-00 00:00:00'),
(447, 10, 8, '{\"title\":\"Join Event\",\"body\":\"[UNAME] joined your event : [ENAME]\",\"type\":\"join_event\",\"sound\":\"default\",\"referenceId\":\"47\",\"compId\":\"\",\"eventMemId\":\"235\",\"createrId\":\"8\"}', 'join_event', 47, 1, 1, 1, '2019-04-30 12:38:04', '0000-00-00 00:00:00'),
(448, 7, 8, '{\"title\":\"Nueva cita\",\"body\":\"[UNAME] ha creado una cita contigo.\",\"type\":\"create_appointment\",\"sound\":\"default\",\"referenceId\":41}', 'create_appointment', 0, 1, 1, 1, '2019-04-30 12:38:05', '0000-00-00 00:00:00'),
(449, 10, 8, '{\"title\":\"Event Payment\",\"body\":\"[UNAME] has paid for your event : [ENAME].\",\"type\":\"event_payment\",\"sound\":\"default\",\"referenceId\":\"47\",\"compId\":\"\",\"eventMemId\":\"235\",\"createrId\":\"8\"}', 'event_payment', 47, 1, 1, 1, '2019-04-30 12:38:24', '0000-00-00 00:00:00'),
(450, 3, 8, '{\"title\":\"New Event\",\"body\":\"[UNAME] invited you to attend an event : [ENAME].\",\"type\":\"create_event\",\"sound\":\"default\",\"referenceId\":\"52\",\"compId\":\"\",\"eventMemId\":\"263\",\"createrId\":\"3\"}', 'create_event', 52, 1, 1, 1, '2019-04-30 12:41:19', '0000-00-00 00:00:00'),
(451, 3, 4, '{\"title\":\"New Event\",\"body\":\"[UNAME] invited you to attend an event : [ENAME].\",\"type\":\"create_event\",\"sound\":\"default\",\"referenceId\":\"52\",\"compId\":\"\",\"eventMemId\":\"264\",\"createrId\":\"3\"}', 'create_event', 52, 1, 0, 1, '2019-04-30 12:41:19', '0000-00-00 00:00:00'),
(452, 3, 18, '{\"title\":\"New Event\",\"body\":\"[UNAME] invited you to attend an event : [ENAME].\",\"type\":\"create_event\",\"sound\":\"default\",\"referenceId\":\"52\",\"compId\":\"\",\"eventMemId\":\"265\",\"createrId\":\"3\"}', 'create_event', 52, 1, 1, 1, '2019-04-30 12:41:19', '0000-00-00 00:00:00'),
(453, 3, 10, '{\"title\":\"New Event\",\"body\":\"[UNAME] invited you to attend an event : [ENAME].\",\"type\":\"create_event\",\"sound\":\"default\",\"referenceId\":\"52\",\"compId\":\"\",\"eventMemId\":\"266\",\"createrId\":\"3\"}', 'create_event', 52, 1, 1, 1, '2019-04-30 12:41:19', '0000-00-00 00:00:00'),
(454, 3, 15, '{\"title\":\"New Event\",\"body\":\"[UNAME] invited you to attend an event : [ENAME].\",\"type\":\"create_event\",\"sound\":\"default\",\"referenceId\":\"52\",\"compId\":\"\",\"eventMemId\":\"267\",\"createrId\":\"3\"}', 'create_event', 52, 1, 0, 1, '2019-04-30 12:41:19', '0000-00-00 00:00:00'),
(455, 3, 16, '{\"title\":\"New Event\",\"body\":\"[UNAME] invited you to attend an event : [ENAME].\",\"type\":\"create_event\",\"sound\":\"default\",\"referenceId\":\"52\",\"compId\":\"\",\"eventMemId\":\"268\",\"createrId\":\"3\"}', 'create_event', 52, 1, 1, 1, '2019-04-30 12:41:19', '0000-00-00 00:00:00'),
(456, 3, 19, '{\"title\":\"New Event\",\"body\":\"[UNAME] invited you to attend an event : [ENAME].\",\"type\":\"create_event\",\"sound\":\"default\",\"referenceId\":\"52\",\"compId\":\"\",\"eventMemId\":\"269\",\"createrId\":\"3\"}', 'create_event', 52, 1, 0, 1, '2019-04-30 12:41:20', '0000-00-00 00:00:00'),
(457, 3, 20, '{\"title\":\"New Event\",\"body\":\"[UNAME] invited you to attend an event : [ENAME].\",\"type\":\"create_event\",\"sound\":\"default\",\"referenceId\":\"52\",\"compId\":\"\",\"eventMemId\":\"270\",\"createrId\":\"3\"}', 'create_event', 52, 1, 0, 1, '2019-04-30 12:41:20', '0000-00-00 00:00:00'),
(458, 3, 6, '{\"title\":\"New Event\",\"body\":\"[UNAME] invited you to attend an event : [ENAME].\",\"type\":\"create_event\",\"sound\":\"default\",\"referenceId\":\"52\",\"compId\":\"\",\"eventMemId\":\"271\",\"createrId\":\"3\"}', 'create_event', 52, 1, 1, 1, '2019-04-30 12:41:20', '0000-00-00 00:00:00'),
(459, 3, 17, '{\"title\":\"New Event\",\"body\":\"[UNAME] invited you to attend an event : [ENAME].\",\"type\":\"create_event\",\"sound\":\"default\",\"referenceId\":\"52\",\"compId\":\"\",\"eventMemId\":\"272\",\"createrId\":\"3\"}', 'create_event', 52, 1, 0, 1, '2019-04-30 12:41:20', '0000-00-00 00:00:00'),
(460, 3, 7, '{\"title\":\"New Event\",\"body\":\"[UNAME] invited you to attend an event : [ENAME].\",\"type\":\"create_event\",\"sound\":\"default\",\"referenceId\":\"52\",\"compId\":\"\",\"eventMemId\":\"273\",\"createrId\":\"3\"}', 'create_event', 52, 1, 0, 1, '2019-04-30 12:41:20', '0000-00-00 00:00:00'),
(461, 10, 3, '{\"title\":\"Join Event\",\"body\":\"[UNAME] joined your event : [ENAME]\",\"type\":\"join_event\",\"sound\":\"default\",\"referenceId\":\"52\",\"compId\":\"\",\"eventMemId\":\"266\",\"createrId\":\"3\"}', 'join_event', 52, 1, 0, 1, '2019-04-30 12:42:02', '0000-00-00 00:00:00'),
(462, 18, 8, '{\"title\":\"Favorite\",\"body\":\"[UNAME]Favorite\",\"type\":\"add_favorite\",\"sound\":\"default\",\"referenceId\":\"18\"}', 'add_favorite', 0, 1, 1, 1, '2019-04-30 12:42:31', '0000-00-00 00:00:00'),
(463, 10, 6, '{\"title\":\"Share Event\",\"body\":\"[UNAME] has shared an event : [ENAME]\",\"type\":\"share_event\",\"sound\":\"default\",\"referenceId\":\"52\",\"compId\":\"15\",\"eventMemId\":\"\",\"createrId\":\"10\"}', 'share_event', 52, 1, 1, 1, '2019-04-30 12:42:37', '0000-00-00 00:00:00'),
(464, 10, 20, '{\"title\":\"Share Event\",\"body\":\"[UNAME] has shared an event : [ENAME]\",\"type\":\"share_event\",\"sound\":\"default\",\"referenceId\":\"52\",\"compId\":\"16\",\"eventMemId\":\"\",\"createrId\":\"10\"}', 'share_event', 52, 0, 0, 1, '2019-04-30 12:42:37', '0000-00-00 00:00:00'),
(465, 10, 19, '{\"title\":\"Share Event\",\"body\":\"[UNAME] has shared an event : [ENAME]\",\"type\":\"share_event\",\"sound\":\"default\",\"referenceId\":\"52\",\"compId\":\"17\",\"eventMemId\":\"\",\"createrId\":\"10\"}', 'share_event', 52, 0, 1, 1, '2019-04-30 12:42:37', '0000-00-00 00:00:00'),
(466, 6, 10, '{\"title\":\"Companion Accept\",\"body\":\"[UNAME] accepted your event request.\",\"type\":\"companion_accept\",\"sound\":\"default\",\"referenceId\":\"52\",\"compId\":\"\",\"eventMemId\":\"266\",\"createrId\":\"3\"}', 'companion_accept', 52, 1, 1, 1, '2019-04-30 12:43:41', '0000-00-00 00:00:00'),
(467, 6, 10, '{\"title\":\"Join Event\",\"body\":\"[UNAME] joined your event : [ENAME].\",\"type\":\"join_event\",\"sound\":\"default\",\"referenceId\":\"51\",\"compId\":\"\",\"eventMemId\":\"261\",\"createrId\":\"10\"}', 'join_event', 51, 1, 1, 1, '2019-04-30 12:46:52', '0000-00-00 00:00:00'),
(468, 6, 10, '{\"title\":\"Join Event\",\"body\":\"[UNAME] joined your event : [ENAME].\",\"type\":\"join_event\",\"sound\":\"default\",\"referenceId\":\"48\",\"compId\":\"\",\"eventMemId\":\"230\",\"createrId\":\"10\"}', 'join_event', 48, 1, 1, 1, '2019-04-30 12:47:06', '0000-00-00 00:00:00'),
(469, 6, 10, '{\"title\":\"Companion Accept\",\"body\":\"[UNAME] accepted your event request.\",\"type\":\"companion_accept\",\"sound\":\"default\",\"referenceId\":\"47\",\"compId\":\"\",\"eventMemId\":\"235\",\"createrId\":\"8\"}', 'companion_accept', 47, 1, 1, 1, '2019-04-30 12:47:10', '0000-00-00 00:00:00'),
(470, 6, 10, '{\"title\":\"Join Event\",\"body\":\"[UNAME] joined your event : [ENAME].\",\"type\":\"join_event\",\"sound\":\"default\",\"referenceId\":\"46\",\"compId\":\"\",\"eventMemId\":\"214\",\"createrId\":\"10\"}', 'join_event', 46, 1, 1, 1, '2019-04-30 12:47:18', '0000-00-00 00:00:00'),
(471, 6, 3, '{\"title\":\"Join Event\",\"body\":\"[UNAME] joined your event : [ENAME].\",\"type\":\"join_event\",\"sound\":\"default\",\"referenceId\":\"45\",\"compId\":\"\",\"eventMemId\":\"212\",\"createrId\":\"3\"}', 'join_event', 45, 1, 0, 1, '2019-04-30 12:47:28', '0000-00-00 00:00:00'),
(472, 6, 10, '{\"title\":\"Join Event\",\"body\":\"[UNAME] joined your event : [ENAME].\",\"type\":\"join_event\",\"sound\":\"default\",\"referenceId\":\"41\",\"compId\":\"\",\"eventMemId\":\"194\",\"createrId\":\"10\"}', 'join_event', 41, 1, 1, 1, '2019-04-30 12:47:47', '0000-00-00 00:00:00'),
(473, 16, 15, '{\"title\":\"New Event\",\"body\":\"[UNAME] invited you to attend an event : [ENAME].\",\"type\":\"create_event\",\"sound\":\"default\",\"referenceId\":\"50\",\"compId\":\"\",\"eventMemId\":\"245\",\"createrId\":\"16\"}', 'create_event', 50, 1, 0, 1, '2019-04-30 12:57:33', '0000-00-00 00:00:00'),
(474, 16, 18, '{\"title\":\"New Event\",\"body\":\"[UNAME] invited you to attend an event : [ENAME].\",\"type\":\"create_event\",\"sound\":\"default\",\"referenceId\":\"50\",\"compId\":\"\",\"eventMemId\":\"246\",\"createrId\":\"16\"}', 'create_event', 50, 1, 1, 1, '2019-04-30 12:57:33', '0000-00-00 00:00:00'),
(475, 16, 8, '{\"title\":\"New Event\",\"body\":\"[UNAME] invited you to attend an event : [ENAME].\",\"type\":\"create_event\",\"sound\":\"default\",\"referenceId\":\"50\",\"compId\":\"\",\"eventMemId\":\"247\",\"createrId\":\"16\"}', 'create_event', 50, 1, 1, 1, '2019-04-30 12:57:33', '0000-00-00 00:00:00'),
(476, 16, 15, '{\"title\":\"New Event\",\"body\":\"[UNAME] invited you to attend an event : [ENAME].\",\"type\":\"create_event\",\"sound\":\"default\",\"referenceId\":\"50\",\"compId\":\"\",\"eventMemId\":\"245\",\"createrId\":\"16\"}', 'create_event', 50, 1, 0, 1, '2019-04-30 12:58:21', '0000-00-00 00:00:00'),
(477, 16, 18, '{\"title\":\"New Event\",\"body\":\"[UNAME] invited you to attend an event : [ENAME].\",\"type\":\"create_event\",\"sound\":\"default\",\"referenceId\":\"50\",\"compId\":\"\",\"eventMemId\":\"246\",\"createrId\":\"16\"}', 'create_event', 50, 1, 1, 1, '2019-04-30 12:58:21', '0000-00-00 00:00:00'),
(478, 16, 8, '{\"title\":\"New Event\",\"body\":\"[UNAME] invited you to attend an event : [ENAME].\",\"type\":\"create_event\",\"sound\":\"default\",\"referenceId\":\"50\",\"compId\":\"\",\"eventMemId\":\"247\",\"createrId\":\"16\"}', 'create_event', 50, 1, 1, 1, '2019-04-30 12:58:22', '0000-00-00 00:00:00'),
(479, 8, 10, '{\"title\":\"New Event\",\"body\":\"[UNAME] invited you to attend an event : [ENAME].\",\"type\":\"create_event\",\"sound\":\"default\",\"referenceId\":\"47\",\"compId\":\"\",\"eventMemId\":\"235\",\"createrId\":\"8\"}', 'create_event', 47, 1, 1, 1, '2019-04-30 12:58:58', '0000-00-00 00:00:00'),
(480, 8, 16, '{\"title\":\"New Event\",\"body\":\"[UNAME] invited you to attend an event : [ENAME].\",\"type\":\"create_event\",\"sound\":\"default\",\"referenceId\":\"47\",\"compId\":\"\",\"eventMemId\":\"236\",\"createrId\":\"8\"}', 'create_event', 47, 1, 1, 1, '2019-04-30 12:58:58', '0000-00-00 00:00:00'),
(481, 8, 15, '{\"title\":\"New Event\",\"body\":\"[UNAME] invited you to attend an event : [ENAME].\",\"type\":\"create_event\",\"sound\":\"default\",\"referenceId\":\"47\",\"compId\":\"\",\"eventMemId\":\"237\",\"createrId\":\"8\"}', 'create_event', 47, 1, 0, 1, '2019-04-30 12:58:58', '0000-00-00 00:00:00'),
(482, 8, 18, '{\"title\":\"New Event\",\"body\":\"[UNAME] invited you to attend an event : [ENAME].\",\"type\":\"create_event\",\"sound\":\"default\",\"referenceId\":\"47\",\"compId\":\"\",\"eventMemId\":\"238\",\"createrId\":\"8\"}', 'create_event', 47, 1, 1, 1, '2019-04-30 12:58:58', '0000-00-00 00:00:00'),
(483, 8, 10, '{\"title\":\"New Event\",\"body\":\"[UNAME] invited you to attend an event : [ENAME].\",\"type\":\"create_event\",\"sound\":\"default\",\"referenceId\":\"47\",\"compId\":\"\",\"eventMemId\":\"235\",\"createrId\":\"8\"}', 'create_event', 47, 1, 1, 1, '2019-04-30 13:00:18', '0000-00-00 00:00:00'),
(484, 8, 16, '{\"title\":\"New Event\",\"body\":\"[UNAME] invited you to attend an event : [ENAME].\",\"type\":\"create_event\",\"sound\":\"default\",\"referenceId\":\"47\",\"compId\":\"\",\"eventMemId\":\"236\",\"createrId\":\"8\"}', 'create_event', 47, 1, 1, 1, '2019-04-30 13:00:18', '0000-00-00 00:00:00'),
(485, 8, 15, '{\"title\":\"New Event\",\"body\":\"[UNAME] invited you to attend an event : [ENAME].\",\"type\":\"create_event\",\"sound\":\"default\",\"referenceId\":\"47\",\"compId\":\"\",\"eventMemId\":\"237\",\"createrId\":\"8\"}', 'create_event', 47, 1, 0, 1, '2019-04-30 13:00:18', '0000-00-00 00:00:00'),
(486, 8, 18, '{\"title\":\"New Event\",\"body\":\"[UNAME] invited you to attend an event : [ENAME].\",\"type\":\"create_event\",\"sound\":\"default\",\"referenceId\":\"47\",\"compId\":\"\",\"eventMemId\":\"238\",\"createrId\":\"8\"}', 'create_event', 47, 1, 1, 1, '2019-04-30 13:00:18', '0000-00-00 00:00:00'),
(487, 7, 20, '{\"title\":\"New Event\",\"body\":\"[UNAME] invited you to attend an event : [ENAME].\",\"type\":\"create_event\",\"sound\":\"default\",\"referenceId\":\"53\",\"compId\":\"\",\"eventMemId\":\"275\",\"createrId\":\"7\"}', 'create_event', 53, 1, 0, 1, '2019-04-30 13:57:40', '0000-00-00 00:00:00'),
(488, 7, 15, '{\"title\":\"New Event\",\"body\":\"[UNAME] invited you to attend an event : [ENAME].\",\"type\":\"create_event\",\"sound\":\"default\",\"referenceId\":\"53\",\"compId\":\"\",\"eventMemId\":\"276\",\"createrId\":\"7\"}', 'create_event', 53, 1, 0, 1, '2019-04-30 13:57:40', '0000-00-00 00:00:00'),
(489, 7, 8, '{\"title\":\"New Event\",\"body\":\"[UNAME] invited you to attend an event : [ENAME].\",\"type\":\"create_event\",\"sound\":\"default\",\"referenceId\":\"53\",\"compId\":\"\",\"eventMemId\":\"277\",\"createrId\":\"7\"}', 'create_event', 53, 1, 1, 1, '2019-04-30 13:57:40', '0000-00-00 00:00:00'),
(491, 8, 7, '{\"title\":\"Like\",\"body\":\"[UNAME] likes your profile.\",\"type\":\"add_like\",\"sound\":\"default\",\"referenceId\":\"8\"}', 'add_like', 0, 1, 0, 1, '2019-04-30 14:09:34', '0000-00-00 00:00:00'),
(492, 8, 7, '{\"title\":\"Favorite\",\"body\":\"[UNAME]  added you as a favorite.\",\"type\":\"add_favorite\",\"sound\":\"default\",\"referenceId\":\"8\"}', 'add_favorite', 0, 1, 0, 1, '2019-04-30 14:09:43', '0000-00-00 00:00:00'),
(493, 18, 16, '{\"title\":\"Like\",\"body\":\"[UNAME] likes your profile.\",\"type\":\"add_like\",\"sound\":\"default\",\"referenceId\":\"18\"}', 'add_like', 0, 1, 1, 1, '2019-04-30 14:21:06', '0000-00-00 00:00:00'),
(494, 17, 13, '{\"title\":\"New Event\",\"body\":\"[UNAME] invited you to attend an event : [ENAME].\",\"type\":\"create_event\",\"sound\":\"default\",\"referenceId\":\"54\",\"compId\":\"\",\"eventMemId\":\"279\",\"createrId\":\"17\"}', 'create_event', 54, 1, 0, 1, '2019-04-30 14:21:10', '0000-00-00 00:00:00'),
(495, 17, 14, '{\"title\":\"New Event\",\"body\":\"[UNAME] invited you to attend an event : [ENAME].\",\"type\":\"create_event\",\"sound\":\"default\",\"referenceId\":\"54\",\"compId\":\"\",\"eventMemId\":\"280\",\"createrId\":\"17\"}', 'create_event', 54, 1, 0, 1, '2019-04-30 14:21:11', '0000-00-00 00:00:00'),
(497, 18, 16, '{\"title\":\"Friend Request\",\"body\":\"[UNAME] has sent you a friend request.\",\"type\":\"friend_request\",\"sound\":\"default\",\"referenceId\":\"18\"}', 'friend_request', 0, 1, 1, 1, '2019-04-30 14:21:23', '0000-00-00 00:00:00'),
(498, 18, 16, '{\"title\":\"New Appointment\",\"body\":\"[UNAME] has created appointment with you.\",\"type\":\"create_appointment\",\"sound\":\"default\",\"referenceId\":42}', 'create_appointment', 0, 1, 1, 1, '2019-04-30 14:21:38', '0000-00-00 00:00:00'),
(499, 17, 13, '{\"title\":\"New Event\",\"body\":\"[UNAME] invited you to attend an event : [ENAME].\",\"type\":\"create_event\",\"sound\":\"default\",\"referenceId\":\"54\",\"compId\":\"\",\"eventMemId\":\"279\",\"createrId\":\"17\"}', 'create_event', 54, 1, 0, 1, '2019-04-30 14:22:04', '0000-00-00 00:00:00'),
(500, 17, 14, '{\"title\":\"New Event\",\"body\":\"[UNAME] invited you to attend an event : [ENAME].\",\"type\":\"create_event\",\"sound\":\"default\",\"referenceId\":\"54\",\"compId\":\"\",\"eventMemId\":\"280\",\"createrId\":\"17\"}', 'create_event', 54, 1, 0, 1, '2019-04-30 14:22:05', '0000-00-00 00:00:00'),
(501, 17, 13, '{\"title\":\"New Event\",\"body\":\"[UNAME] invited you to attend an event : [ENAME].\",\"type\":\"create_event\",\"sound\":\"default\",\"referenceId\":\"54\",\"compId\":\"\",\"eventMemId\":\"279\",\"createrId\":\"17\"}', 'create_event', 54, 1, 0, 1, '2019-04-30 14:22:33', '0000-00-00 00:00:00'),
(502, 17, 14, '{\"title\":\"New Event\",\"body\":\"[UNAME] invited you to attend an event : [ENAME].\",\"type\":\"create_event\",\"sound\":\"default\",\"referenceId\":\"54\",\"compId\":\"\",\"eventMemId\":\"280\",\"createrId\":\"17\"}', 'create_event', 54, 1, 0, 1, '2019-04-30 14:22:33', '0000-00-00 00:00:00'),
(503, 17, 13, '{\"title\":\"New Event\",\"body\":\"[UNAME] invited you to attend an event : [ENAME].\",\"type\":\"create_event\",\"sound\":\"default\",\"referenceId\":\"54\",\"compId\":\"\",\"eventMemId\":\"279\",\"createrId\":\"17\"}', 'create_event', 54, 1, 0, 1, '2019-04-30 14:22:50', '0000-00-00 00:00:00'),
(504, 17, 14, '{\"title\":\"New Event\",\"body\":\"[UNAME] invited you to attend an event : [ENAME].\",\"type\":\"create_event\",\"sound\":\"default\",\"referenceId\":\"54\",\"compId\":\"\",\"eventMemId\":\"280\",\"createrId\":\"17\"}', 'create_event', 54, 1, 0, 1, '2019-04-30 14:22:50', '0000-00-00 00:00:00'),
(505, 18, 16, '{\"title\":\"New Event\",\"body\":\"[UNAME] invited you to attend an event : [ENAME].\",\"type\":\"create_event\",\"sound\":\"default\",\"referenceId\":\"55\",\"compId\":\"\",\"eventMemId\":\"282\",\"createrId\":\"18\"}', 'create_event', 55, 1, 1, 1, '2019-04-30 14:23:26', '0000-00-00 00:00:00'),
(506, 18, 15, '{\"title\":\"New Event\",\"body\":\"[UNAME] invited you to attend an event : [ENAME].\",\"type\":\"create_event\",\"sound\":\"default\",\"referenceId\":\"55\",\"compId\":\"\",\"eventMemId\":\"283\",\"createrId\":\"18\"}', 'create_event', 55, 1, 0, 1, '2019-04-30 14:23:26', '0000-00-00 00:00:00'),
(507, 18, 7, '{\"title\":\"New Event\",\"body\":\"[UNAME] invited you to attend an event : [ENAME].\",\"type\":\"create_event\",\"sound\":\"default\",\"referenceId\":\"55\",\"compId\":\"\",\"eventMemId\":\"284\",\"createrId\":\"18\"}', 'create_event', 55, 1, 0, 1, '2019-04-30 14:23:27', '0000-00-00 00:00:00'),
(508, 18, 8, '{\"title\":\"New Event\",\"body\":\"[UNAME] invited you to attend an event : [ENAME].\",\"type\":\"create_event\",\"sound\":\"default\",\"referenceId\":\"55\",\"compId\":\"\",\"eventMemId\":\"285\",\"createrId\":\"18\"}', 'create_event', 55, 1, 1, 1, '2019-04-30 14:23:27', '0000-00-00 00:00:00'),
(509, 16, 18, '{\"title\":\"New Appointment\",\"body\":\"[UNAME] has created appointment with you.\",\"type\":\"create_appointment\",\"sound\":\"default\",\"referenceId\":43}', 'create_appointment', 0, 1, 1, 1, '2019-04-30 14:38:14', '0000-00-00 00:00:00'),
(510, 18, 16, '{\"title\":\"Appointment confirmed\",\"body\":\"[UNAME] has confirmed your appointment.\",\"type\":\"confirmed_appointment\",\"sound\":\"default\",\"referenceId\":\"43\"}', 'confirmed_appointment', 0, 1, 1, 1, '2019-04-30 14:38:26', '0000-00-00 00:00:00'),
(511, 18, 19, '{\"title\":\"Like\",\"body\":\"[UNAME] likes your profile.\",\"type\":\"add_like\",\"sound\":\"default\",\"referenceId\":\"18\"}', 'add_like', 0, 1, 0, 1, '2019-04-30 14:39:57', '0000-00-00 00:00:00'),
(512, 18, 19, '{\"title\":\"Favorite\",\"body\":\"[UNAME]  added you as a favorite.\",\"type\":\"add_favorite\",\"sound\":\"default\",\"referenceId\":\"18\"}', 'add_favorite', 0, 1, 0, 1, '2019-04-30 14:39:59', '0000-00-00 00:00:00'),
(513, 18, 3, '{\"title\":\"Favorite\",\"body\":\"[UNAME]  added you as a favorite.\",\"type\":\"add_favorite\",\"sound\":\"default\",\"referenceId\":\"18\"}', 'add_favorite', 0, 1, 0, 1, '2019-04-30 14:40:20', '0000-00-00 00:00:00'),
(514, 18, 3, '{\"title\":\"Like\",\"body\":\"[UNAME] likes your profile.\",\"type\":\"add_like\",\"sound\":\"default\",\"referenceId\":\"18\"}', 'add_like', 0, 1, 0, 1, '2019-04-30 14:40:22', '0000-00-00 00:00:00'),
(515, 18, 16, '{\"title\":\"New Event\",\"body\":\"[UNAME] invited you to attend an event : [ENAME].\",\"type\":\"create_event\",\"sound\":\"default\",\"referenceId\":\"55\",\"compId\":\"\",\"eventMemId\":\"282\",\"createrId\":\"18\"}', 'create_event', 55, 1, 1, 1, '2019-04-30 14:42:21', '0000-00-00 00:00:00'),
(516, 18, 15, '{\"title\":\"New Event\",\"body\":\"[UNAME] invited you to attend an event : [ENAME].\",\"type\":\"create_event\",\"sound\":\"default\",\"referenceId\":\"55\",\"compId\":\"\",\"eventMemId\":\"283\",\"createrId\":\"18\"}', 'create_event', 55, 1, 0, 1, '2019-04-30 14:42:21', '0000-00-00 00:00:00'),
(517, 18, 7, '{\"title\":\"New Event\",\"body\":\"[UNAME] invited you to attend an event : [ENAME].\",\"type\":\"create_event\",\"sound\":\"default\",\"referenceId\":\"55\",\"compId\":\"\",\"eventMemId\":\"284\",\"createrId\":\"18\"}', 'create_event', 55, 1, 0, 1, '2019-04-30 14:42:21', '0000-00-00 00:00:00'),
(518, 18, 8, '{\"title\":\"New Event\",\"body\":\"[UNAME] invited you to attend an event : [ENAME].\",\"type\":\"create_event\",\"sound\":\"default\",\"referenceId\":\"55\",\"compId\":\"\",\"eventMemId\":\"285\",\"createrId\":\"18\"}', 'create_event', 55, 1, 1, 1, '2019-04-30 14:42:21', '0000-00-00 00:00:00'),
(519, 13, 14, '{\"title\":\"New Event\",\"body\":\"[UNAME] invited you to attend an event : [ENAME].\",\"type\":\"create_event\",\"sound\":\"default\",\"referenceId\":\"56\",\"compId\":\"\",\"eventMemId\":\"287\",\"createrId\":\"13\"}', 'create_event', 56, 1, 0, 1, '2019-04-30 14:42:36', '0000-00-00 00:00:00'),
(520, 13, 11, '{\"title\":\"New Event\",\"body\":\"[UNAME] invited you to attend an event : [ENAME].\",\"type\":\"create_event\",\"sound\":\"default\",\"referenceId\":\"56\",\"compId\":\"\",\"eventMemId\":\"288\",\"createrId\":\"13\"}', 'create_event', 56, 1, 1, 1, '2019-04-30 14:42:36', '0000-00-00 00:00:00'),
(521, 13, 12, '{\"title\":\"New Event\",\"body\":\"[UNAME] invited you to attend an event : [ENAME].\",\"type\":\"create_event\",\"sound\":\"default\",\"referenceId\":\"56\",\"compId\":\"\",\"eventMemId\":\"289\",\"createrId\":\"13\"}', 'create_event', 56, 1, 0, 1, '2019-04-30 14:42:36', '0000-00-00 00:00:00'),
(522, 13, 5, '{\"title\":\"New Event\",\"body\":\"[UNAME] invited you to attend an event : [ENAME].\",\"type\":\"create_event\",\"sound\":\"default\",\"referenceId\":\"56\",\"compId\":\"\",\"eventMemId\":\"290\",\"createrId\":\"13\"}', 'create_event', 56, 1, 0, 1, '2019-04-30 14:42:37', '0000-00-00 00:00:00'),
(523, 16, 15, '{\"title\":\"New Event\",\"body\":\"[UNAME] invited you to attend an event : [ENAME].\",\"type\":\"create_event\",\"sound\":\"default\",\"referenceId\":\"57\",\"compId\":\"\",\"eventMemId\":\"292\",\"createrId\":\"16\"}', 'create_event', 57, 1, 0, 1, '2019-04-30 14:44:21', '0000-00-00 00:00:00'),
(524, 16, 18, '{\"title\":\"New Event\",\"body\":\"[UNAME] invited you to attend an event : [ENAME].\",\"type\":\"create_event\",\"sound\":\"default\",\"referenceId\":\"57\",\"compId\":\"\",\"eventMemId\":\"293\",\"createrId\":\"16\"}', 'create_event', 57, 1, 1, 1, '2019-04-30 14:44:21', '0000-00-00 00:00:00'),
(525, 16, 4, '{\"title\":\"New Event\",\"body\":\"[UNAME] invited you to attend an event : [ENAME].\",\"type\":\"create_event\",\"sound\":\"default\",\"referenceId\":\"57\",\"compId\":\"\",\"eventMemId\":\"294\",\"createrId\":\"16\"}', 'create_event', 57, 1, 0, 1, '2019-04-30 14:44:21', '0000-00-00 00:00:00'),
(526, 16, 8, '{\"title\":\"New Event\",\"body\":\"[UNAME] invited you to attend an event : [ENAME].\",\"type\":\"create_event\",\"sound\":\"default\",\"referenceId\":\"57\",\"compId\":\"\",\"eventMemId\":\"295\",\"createrId\":\"16\"}', 'create_event', 57, 1, 1, 1, '2019-04-30 14:44:22', '0000-00-00 00:00:00'),
(527, 16, 7, '{\"title\":\"New Event\",\"body\":\"[UNAME] invited you to attend an event : [ENAME].\",\"type\":\"create_event\",\"sound\":\"default\",\"referenceId\":\"57\",\"compId\":\"\",\"eventMemId\":\"296\",\"createrId\":\"16\"}', 'create_event', 57, 1, 0, 1, '2019-04-30 14:44:22', '0000-00-00 00:00:00'),
(528, 16, 15, '{\"title\":\"New Event\",\"body\":\"[UNAME] invited you to attend an event : [ENAME].\",\"type\":\"create_event\",\"sound\":\"default\",\"referenceId\":\"57\",\"compId\":\"\",\"eventMemId\":\"292\",\"createrId\":\"16\"}', 'create_event', 57, 1, 0, 1, '2019-04-30 14:45:20', '0000-00-00 00:00:00'),
(529, 16, 18, '{\"title\":\"New Event\",\"body\":\"[UNAME] invited you to attend an event : [ENAME].\",\"type\":\"create_event\",\"sound\":\"default\",\"referenceId\":\"57\",\"compId\":\"\",\"eventMemId\":\"293\",\"createrId\":\"16\"}', 'create_event', 57, 1, 1, 1, '2019-04-30 14:45:20', '0000-00-00 00:00:00'),
(530, 16, 4, '{\"title\":\"New Event\",\"body\":\"[UNAME] invited you to attend an event : [ENAME].\",\"type\":\"create_event\",\"sound\":\"default\",\"referenceId\":\"57\",\"compId\":\"\",\"eventMemId\":\"294\",\"createrId\":\"16\"}', 'create_event', 57, 1, 0, 1, '2019-04-30 14:45:21', '0000-00-00 00:00:00'),
(531, 16, 8, '{\"title\":\"New Event\",\"body\":\"[UNAME] invited you to attend an event : [ENAME].\",\"type\":\"create_event\",\"sound\":\"default\",\"referenceId\":\"57\",\"compId\":\"\",\"eventMemId\":\"295\",\"createrId\":\"16\"}', 'create_event', 57, 1, 1, 1, '2019-04-30 14:45:21', '0000-00-00 00:00:00'),
(532, 16, 7, '{\"title\":\"New Event\",\"body\":\"[UNAME] invited you to attend an event : [ENAME].\",\"type\":\"create_event\",\"sound\":\"default\",\"referenceId\":\"57\",\"compId\":\"\",\"eventMemId\":\"296\",\"createrId\":\"16\"}', 'create_event', 57, 1, 0, 1, '2019-04-30 14:45:21', '0000-00-00 00:00:00'),
(533, 16, 19, '{\"title\":\"New Event\",\"body\":\"[UNAME] invited you to attend an event : [ENAME].\",\"type\":\"create_event\",\"sound\":\"default\",\"referenceId\":\"58\",\"compId\":\"\",\"eventMemId\":\"298\",\"createrId\":\"16\"}', 'create_event', 58, 1, 0, 1, '2019-04-30 14:47:08', '0000-00-00 00:00:00'),
(534, 16, 20, '{\"title\":\"New Event\",\"body\":\"[UNAME] invited you to attend an event : [ENAME].\",\"type\":\"create_event\",\"sound\":\"default\",\"referenceId\":\"58\",\"compId\":\"\",\"eventMemId\":\"299\",\"createrId\":\"16\"}', 'create_event', 58, 1, 0, 1, '2019-04-30 14:47:08', '0000-00-00 00:00:00'),
(535, 16, 3, '{\"title\":\"New Event\",\"body\":\"[UNAME] invited you to attend an event : [ENAME].\",\"type\":\"create_event\",\"sound\":\"default\",\"referenceId\":\"58\",\"compId\":\"\",\"eventMemId\":\"300\",\"createrId\":\"16\"}', 'create_event', 58, 1, 0, 1, '2019-04-30 14:47:09', '0000-00-00 00:00:00'),
(536, 16, 6, '{\"title\":\"New Event\",\"body\":\"[UNAME] invited you to attend an event : [ENAME].\",\"type\":\"create_event\",\"sound\":\"default\",\"referenceId\":\"58\",\"compId\":\"\",\"eventMemId\":\"301\",\"createrId\":\"16\"}', 'create_event', 58, 1, 1, 1, '2019-04-30 14:47:09', '0000-00-00 00:00:00'),
(537, 16, 7, '{\"title\":\"New Event\",\"body\":\"[UNAME] invited you to attend an event : [ENAME].\",\"type\":\"create_event\",\"sound\":\"default\",\"referenceId\":\"58\",\"compId\":\"\",\"eventMemId\":\"302\",\"createrId\":\"16\"}', 'create_event', 58, 1, 0, 1, '2019-04-30 14:47:09', '0000-00-00 00:00:00'),
(538, 16, 15, '{\"title\":\"New Event\",\"body\":\"[UNAME] invited you to attend an event : [ENAME].\",\"type\":\"create_event\",\"sound\":\"default\",\"referenceId\":\"58\",\"compId\":\"\",\"eventMemId\":\"303\",\"createrId\":\"16\"}', 'create_event', 58, 1, 0, 1, '2019-04-30 14:47:09', '0000-00-00 00:00:00'),
(539, 13, 14, '{\"title\":\"New Event\",\"body\":\"[UNAME] invited you to attend an event : [ENAME].\",\"type\":\"create_event\",\"sound\":\"default\",\"referenceId\":\"56\",\"compId\":\"\",\"eventMemId\":\"287\",\"createrId\":\"13\"}', 'create_event', 56, 1, 0, 1, '2019-04-30 14:48:12', '0000-00-00 00:00:00'),
(540, 13, 12, '{\"title\":\"New Event\",\"body\":\"[UNAME] invited you to attend an event : [ENAME].\",\"type\":\"create_event\",\"sound\":\"default\",\"referenceId\":\"56\",\"compId\":\"\",\"eventMemId\":\"289\",\"createrId\":\"13\"}', 'create_event', 56, 1, 0, 1, '2019-04-30 14:48:12', '0000-00-00 00:00:00'),
(541, 13, 5, '{\"title\":\"New Event\",\"body\":\"[UNAME] invited you to attend an event : [ENAME].\",\"type\":\"create_event\",\"sound\":\"default\",\"referenceId\":\"56\",\"compId\":\"\",\"eventMemId\":\"290\",\"createrId\":\"13\"}', 'create_event', 56, 1, 0, 1, '2019-04-30 14:48:12', '0000-00-00 00:00:00'),
(542, 13, 11, '{\"title\":\"New Event\",\"body\":\"[UNAME] invited you to attend an event : [ENAME].\",\"type\":\"create_event\",\"sound\":\"default\",\"referenceId\":\"56\",\"compId\":\"\",\"eventMemId\":\"305\",\"createrId\":\"13\"}', 'create_event', 56, 1, 1, 1, '2019-04-30 14:48:13', '0000-00-00 00:00:00'),
(543, 11, 13, '{\"title\":\"Join Event\",\"body\":\"[UNAME] joined your event : [ENAME].\",\"type\":\"join_event\",\"sound\":\"default\",\"referenceId\":\"56\",\"compId\":\"\",\"eventMemId\":\"305\",\"createrId\":\"13\"}', 'join_event', 56, 1, 0, 1, '2019-04-30 14:48:29', '0000-00-00 00:00:00'),
(544, 13, 14, '{\"title\":\"New Event\",\"body\":\"[UNAME] invited you to attend an event : [ENAME].\",\"type\":\"create_event\",\"sound\":\"default\",\"referenceId\":\"56\",\"compId\":\"\",\"eventMemId\":\"287\",\"createrId\":\"13\"}', 'create_event', 56, 1, 0, 1, '2019-04-30 14:49:16', '0000-00-00 00:00:00'),
(545, 13, 12, '{\"title\":\"New Event\",\"body\":\"[UNAME] invited you to attend an event : [ENAME].\",\"type\":\"create_event\",\"sound\":\"default\",\"referenceId\":\"56\",\"compId\":\"\",\"eventMemId\":\"289\",\"createrId\":\"13\"}', 'create_event', 56, 1, 0, 1, '2019-04-30 14:49:16', '0000-00-00 00:00:00'),
(546, 13, 5, '{\"title\":\"New Event\",\"body\":\"[UNAME] invited you to attend an event : [ENAME].\",\"type\":\"create_event\",\"sound\":\"default\",\"referenceId\":\"56\",\"compId\":\"\",\"eventMemId\":\"290\",\"createrId\":\"13\"}', 'create_event', 56, 1, 0, 1, '2019-04-30 14:49:16', '0000-00-00 00:00:00'),
(547, 13, 11, '{\"title\":\"New Event\",\"body\":\"[UNAME] invited you to attend an event : [ENAME].\",\"type\":\"create_event\",\"sound\":\"default\",\"referenceId\":\"56\",\"compId\":\"\",\"eventMemId\":\"305\",\"createrId\":\"13\"}', 'create_event', 56, 1, 1, 1, '2019-04-30 14:49:17', '0000-00-00 00:00:00'),
(548, 7, 16, '{\"title\":\"New Event\",\"body\":\"[UNAME] invited you to attend an event : [ENAME].\",\"type\":\"create_event\",\"sound\":\"default\",\"referenceId\":\"59\",\"compId\":\"\",\"eventMemId\":\"306\",\"createrId\":\"7\"}', 'create_event', 59, 1, 1, 1, '2019-04-30 14:49:37', '0000-00-00 00:00:00'),
(549, 7, 15, '{\"title\":\"New Event\",\"body\":\"[UNAME] invited you to attend an event : [ENAME].\",\"type\":\"create_event\",\"sound\":\"default\",\"referenceId\":\"59\",\"compId\":\"\",\"eventMemId\":\"307\",\"createrId\":\"7\"}', 'create_event', 59, 1, 0, 1, '2019-04-30 14:49:37', '0000-00-00 00:00:00'),
(550, 7, 8, '{\"title\":\"New Event\",\"body\":\"[UNAME] invited you to attend an event : [ENAME].\",\"type\":\"create_event\",\"sound\":\"default\",\"referenceId\":\"59\",\"compId\":\"\",\"eventMemId\":\"308\",\"createrId\":\"7\"}', 'create_event', 59, 1, 1, 1, '2019-04-30 14:49:37', '0000-00-00 00:00:00'),
(551, 6, 16, '{\"title\":\"Join Event\",\"body\":\"[UNAME] joined your event : [ENAME].\",\"type\":\"join_event\",\"sound\":\"default\",\"referenceId\":\"58\",\"compId\":\"\",\"eventMemId\":\"301\",\"createrId\":\"16\"}', 'join_event', 58, 1, 1, 1, '2019-04-30 14:52:41', '0000-00-00 00:00:00'),
(552, 7, 3, '{\"title\":\"New Event\",\"body\":\"[UNAME] invited you to attend an event : [ENAME].\",\"type\":\"create_event\",\"sound\":\"default\",\"referenceId\":\"60\",\"compId\":\"\",\"eventMemId\":\"310\",\"createrId\":\"7\"}', 'create_event', 60, 1, 0, 1, '2019-04-30 14:52:53', '0000-00-00 00:00:00'),
(553, 7, 16, '{\"title\":\"New Event\",\"body\":\"[UNAME] invited you to attend an event : [ENAME].\",\"type\":\"create_event\",\"sound\":\"default\",\"referenceId\":\"60\",\"compId\":\"\",\"eventMemId\":\"311\",\"createrId\":\"7\"}', 'create_event', 60, 1, 1, 1, '2019-04-30 14:52:53', '0000-00-00 00:00:00'),
(554, 7, 8, '{\"title\":\"New Event\",\"body\":\"[UNAME] invited you to attend an event : [ENAME].\",\"type\":\"create_event\",\"sound\":\"default\",\"referenceId\":\"60\",\"compId\":\"\",\"eventMemId\":\"312\",\"createrId\":\"7\"}', 'create_event', 60, 1, 1, 1, '2019-04-30 14:52:53', '0000-00-00 00:00:00'),
(555, 16, 18, '{\"title\":\"Finish Appointment\",\"body\":\"[UNAME]Appointment finished successfully\",\"type\":\"finish_appointment\",\"sound\":\"default\",\"referenceId\":\"43\"}', 'finish_appointment', 0, 1, 1, 1, '2019-04-30 14:55:36', '0000-00-00 00:00:00'),
(556, 16, 18, '{\"title\":\"Appointment Reviews\",\"body\":\"[UNAME] has given you a review.\",\"type\":\"review_appointment\",\"sound\":\"default\",\"referenceId\":\"43\"}', 'review_appointment', 0, 1, 1, 1, '2019-04-30 14:55:48', '0000-00-00 00:00:00'),
(557, 16, 18, '{\"title\":\"Delete Appointment\",\"body\":\"[UNAME]Appointment deleted successfully\",\"type\":\"delete_appointment\",\"sound\":\"default\",\"referenceId\":\"43\"}', 'delete_appointment', 0, 1, 1, 1, '2019-04-30 14:55:57', '0000-00-00 00:00:00'),
(558, 7, 3, '{\"title\":\"New Event\",\"body\":\"[UNAME] invited you to attend an event : [ENAME].\",\"type\":\"create_event\",\"sound\":\"default\",\"referenceId\":\"61\",\"compId\":\"\",\"eventMemId\":\"314\",\"createrId\":\"7\"}', 'create_event', 61, 1, 0, 1, '2019-04-30 14:56:10', '0000-00-00 00:00:00'),
(559, 7, 16, '{\"title\":\"New Event\",\"body\":\"[UNAME] invited you to attend an event : [ENAME].\",\"type\":\"create_event\",\"sound\":\"default\",\"referenceId\":\"61\",\"compId\":\"\",\"eventMemId\":\"315\",\"createrId\":\"7\"}', 'create_event', 61, 1, 1, 1, '2019-04-30 14:56:10', '0000-00-00 00:00:00'),
(560, 7, 15, '{\"title\":\"New Event\",\"body\":\"[UNAME] invited you to attend an event : [ENAME].\",\"type\":\"create_event\",\"sound\":\"default\",\"referenceId\":\"61\",\"compId\":\"\",\"eventMemId\":\"316\",\"createrId\":\"7\"}', 'create_event', 61, 1, 0, 1, '2019-04-30 14:56:10', '0000-00-00 00:00:00'),
(561, 7, 8, '{\"title\":\"New Event\",\"body\":\"[UNAME] invited you to attend an event : [ENAME].\",\"type\":\"create_event\",\"sound\":\"default\",\"referenceId\":\"61\",\"compId\":\"\",\"eventMemId\":\"317\",\"createrId\":\"7\"}', 'create_event', 61, 1, 1, 1, '2019-04-30 14:56:10', '0000-00-00 00:00:00'),
(562, 7, 3, '{\"title\":\"New Event\",\"body\":\"[UNAME] invited you to attend an event : [ENAME].\",\"type\":\"create_event\",\"sound\":\"default\",\"referenceId\":\"62\",\"compId\":\"\",\"eventMemId\":\"319\",\"createrId\":\"7\"}', 'create_event', 62, 1, 0, 1, '2019-04-30 14:58:49', '0000-00-00 00:00:00'),
(563, 7, 16, '{\"title\":\"New Event\",\"body\":\"[UNAME] invited you to attend an event : [ENAME].\",\"type\":\"create_event\",\"sound\":\"default\",\"referenceId\":\"62\",\"compId\":\"\",\"eventMemId\":\"320\",\"createrId\":\"7\"}', 'create_event', 62, 1, 1, 1, '2019-04-30 14:58:49', '0000-00-00 00:00:00'),
(564, 7, 15, '{\"title\":\"New Event\",\"body\":\"[UNAME] invited you to attend an event : [ENAME].\",\"type\":\"create_event\",\"sound\":\"default\",\"referenceId\":\"62\",\"compId\":\"\",\"eventMemId\":\"321\",\"createrId\":\"7\"}', 'create_event', 62, 1, 0, 1, '2019-04-30 14:58:49', '0000-00-00 00:00:00'),
(565, 7, 8, '{\"title\":\"New Event\",\"body\":\"[UNAME] invited you to attend an event : [ENAME].\",\"type\":\"create_event\",\"sound\":\"default\",\"referenceId\":\"62\",\"compId\":\"\",\"eventMemId\":\"322\",\"createrId\":\"7\"}', 'create_event', 62, 1, 1, 1, '2019-04-30 14:58:49', '0000-00-00 00:00:00'),
(566, 16, 8, '{\"title\":\"New Event\",\"body\":\"[UNAME] invited you to attend an event : [ENAME].\",\"type\":\"create_event\",\"sound\":\"default\",\"referenceId\":\"63\",\"compId\":\"\",\"eventMemId\":\"324\",\"createrId\":\"16\"}', 'create_event', 63, 1, 1, 1, '2019-04-30 15:02:22', '0000-00-00 00:00:00'),
(567, 16, 18, '{\"title\":\"New Event\",\"body\":\"[UNAME] invited you to attend an event : [ENAME].\",\"type\":\"create_event\",\"sound\":\"default\",\"referenceId\":\"63\",\"compId\":\"\",\"eventMemId\":\"325\",\"createrId\":\"16\"}', 'create_event', 63, 1, 1, 1, '2019-04-30 15:02:22', '0000-00-00 00:00:00'),
(568, 16, 4, '{\"title\":\"New Event\",\"body\":\"[UNAME] invited you to attend an event : [ENAME].\",\"type\":\"create_event\",\"sound\":\"default\",\"referenceId\":\"63\",\"compId\":\"\",\"eventMemId\":\"326\",\"createrId\":\"16\"}', 'create_event', 63, 1, 0, 1, '2019-04-30 15:02:23', '0000-00-00 00:00:00'),
(569, 16, 15, '{\"title\":\"New Event\",\"body\":\"[UNAME] invited you to attend an event : [ENAME].\",\"type\":\"create_event\",\"sound\":\"default\",\"referenceId\":\"63\",\"compId\":\"\",\"eventMemId\":\"327\",\"createrId\":\"16\"}', 'create_event', 63, 1, 0, 1, '2019-04-30 15:02:23', '0000-00-00 00:00:00'),
(570, 16, 8, '{\"title\":\"New Event\",\"body\":\"[UNAME] invited you to attend an event : [ENAME].\",\"type\":\"create_event\",\"sound\":\"default\",\"referenceId\":\"63\",\"compId\":\"\",\"eventMemId\":\"324\",\"createrId\":\"16\"}', 'create_event', 63, 1, 1, 1, '2019-04-30 15:03:01', '0000-00-00 00:00:00'),
(571, 16, 18, '{\"title\":\"New Event\",\"body\":\"[UNAME] invited you to attend an event : [ENAME].\",\"type\":\"create_event\",\"sound\":\"default\",\"referenceId\":\"63\",\"compId\":\"\",\"eventMemId\":\"325\",\"createrId\":\"16\"}', 'create_event', 63, 1, 1, 1, '2019-04-30 15:03:01', '0000-00-00 00:00:00'),
(572, 16, 4, '{\"title\":\"New Event\",\"body\":\"[UNAME] invited you to attend an event : [ENAME].\",\"type\":\"create_event\",\"sound\":\"default\",\"referenceId\":\"63\",\"compId\":\"\",\"eventMemId\":\"326\",\"createrId\":\"16\"}', 'create_event', 63, 1, 0, 1, '2019-04-30 15:03:01', '0000-00-00 00:00:00'),
(573, 16, 15, '{\"title\":\"New Event\",\"body\":\"[UNAME] invited you to attend an event : [ENAME].\",\"type\":\"create_event\",\"sound\":\"default\",\"referenceId\":\"63\",\"compId\":\"\",\"eventMemId\":\"327\",\"createrId\":\"16\"}', 'create_event', 63, 1, 0, 1, '2019-04-30 15:03:01', '0000-00-00 00:00:00'),
(574, 7, 3, '{\"title\":\"New Event\",\"body\":\"[UNAME] invited you to attend an event : [ENAME].\",\"type\":\"create_event\",\"sound\":\"default\",\"referenceId\":\"62\",\"compId\":\"\",\"eventMemId\":\"319\",\"createrId\":\"7\"}', 'create_event', 62, 1, 0, 1, '2019-04-30 15:04:14', '0000-00-00 00:00:00'),
(575, 7, 16, '{\"title\":\"New Event\",\"body\":\"[UNAME] invited you to attend an event : [ENAME].\",\"type\":\"create_event\",\"sound\":\"default\",\"referenceId\":\"62\",\"compId\":\"\",\"eventMemId\":\"320\",\"createrId\":\"7\"}', 'create_event', 62, 1, 1, 1, '2019-04-30 15:04:14', '0000-00-00 00:00:00'),
(576, 7, 15, '{\"title\":\"New Event\",\"body\":\"[UNAME] invited you to attend an event : [ENAME].\",\"type\":\"create_event\",\"sound\":\"default\",\"referenceId\":\"62\",\"compId\":\"\",\"eventMemId\":\"321\",\"createrId\":\"7\"}', 'create_event', 62, 1, 0, 1, '2019-04-30 15:04:14', '0000-00-00 00:00:00'),
(577, 7, 8, '{\"title\":\"New Event\",\"body\":\"[UNAME] invited you to attend an event : [ENAME].\",\"type\":\"create_event\",\"sound\":\"default\",\"referenceId\":\"62\",\"compId\":\"\",\"eventMemId\":\"322\",\"createrId\":\"7\"}', 'create_event', 62, 1, 1, 1, '2019-04-30 15:04:14', '0000-00-00 00:00:00'),
(578, 18, 16, '{\"title\":\"New Appointment\",\"body\":\"[UNAME] has created appointment with you.\",\"type\":\"create_appointment\",\"sound\":\"default\",\"referenceId\":44}', 'create_appointment', 0, 1, 1, 1, '2019-04-30 15:04:23', '0000-00-00 00:00:00'),
(579, 16, 18, '{\"title\":\"Appointment confirmed\",\"body\":\"[UNAME] has confirmed your appointment.\",\"type\":\"confirmed_appointment\",\"sound\":\"default\",\"referenceId\":\"44\"}', 'confirmed_appointment', 0, 1, 1, 1, '2019-04-30 15:07:11', '0000-00-00 00:00:00'),
(580, 16, 18, '{\"title\":\"Finish Appointment\",\"body\":\"[UNAME]Appointment finished successfully\",\"type\":\"finish_appointment\",\"sound\":\"default\",\"referenceId\":\"44\"}', 'finish_appointment', 0, 1, 1, 1, '2019-04-30 15:07:22', '0000-00-00 00:00:00'),
(581, 16, 18, '{\"title\":\"Appointment Reviews\",\"body\":\"[UNAME] has given you a review.\",\"type\":\"review_appointment\",\"sound\":\"default\",\"referenceId\":\"44\"}', 'review_appointment', 0, 1, 1, 1, '2019-04-30 15:08:16', '0000-00-00 00:00:00'),
(582, 7, 3, '{\"title\":\"New Event\",\"body\":\"[UNAME] invited you to attend an event : [ENAME].\",\"type\":\"create_event\",\"sound\":\"default\",\"referenceId\":\"64\",\"compId\":\"\",\"eventMemId\":\"329\",\"createrId\":\"7\"}', 'create_event', 64, 1, 0, 1, '2019-04-30 15:10:14', '0000-00-00 00:00:00'),
(583, 7, 16, '{\"title\":\"New Event\",\"body\":\"[UNAME] invited you to attend an event : [ENAME].\",\"type\":\"create_event\",\"sound\":\"default\",\"referenceId\":\"64\",\"compId\":\"\",\"eventMemId\":\"330\",\"createrId\":\"7\"}', 'create_event', 64, 1, 1, 1, '2019-04-30 15:10:14', '0000-00-00 00:00:00'),
(584, 7, 15, '{\"title\":\"New Event\",\"body\":\"[UNAME] invited you to attend an event : [ENAME].\",\"type\":\"create_event\",\"sound\":\"default\",\"referenceId\":\"64\",\"compId\":\"\",\"eventMemId\":\"331\",\"createrId\":\"7\"}', 'create_event', 64, 1, 0, 1, '2019-04-30 15:10:14', '0000-00-00 00:00:00'),
(585, 7, 8, '{\"title\":\"New Event\",\"body\":\"[UNAME] invited you to attend an event : [ENAME].\",\"type\":\"create_event\",\"sound\":\"default\",\"referenceId\":\"64\",\"compId\":\"\",\"eventMemId\":\"332\",\"createrId\":\"7\"}', 'create_event', 64, 1, 1, 1, '2019-04-30 15:10:14', '0000-00-00 00:00:00');
INSERT INTO `notifications` (`notId`, `notificationBy`, `notificationFor`, `message`, `notificationType`, `referenceId`, `isRead`, `webShow`, `status`, `crd`, `upd`) VALUES
(586, 18, 16, '{\"title\":\"Appointment Reviews\",\"body\":\"[UNAME] has given you a review.\",\"type\":\"review_appointment\",\"sound\":\"default\",\"referenceId\":\"44\"}', 'review_appointment', 0, 0, 1, 1, '2019-04-30 15:10:55', '0000-00-00 00:00:00'),
(587, 16, 18, '{\"title\":\"Appointment confirmed\",\"body\":\"[UNAME] has rejected your appointment.\",\"type\":\"confirmed_appointment\",\"sound\":\"default\",\"referenceId\":\"42\"}', 'confirmed_appointment', 0, 1, 1, 1, '2019-04-30 15:12:51', '0000-00-00 00:00:00'),
(588, 7, 3, '{\"title\":\"New Event\",\"body\":\"[UNAME] invited you to attend an event : [ENAME].\",\"type\":\"create_event\",\"sound\":\"default\",\"referenceId\":\"65\",\"compId\":\"\",\"eventMemId\":\"334\",\"createrId\":\"7\"}', 'create_event', 65, 1, 0, 1, '2019-04-30 15:13:55', '0000-00-00 00:00:00'),
(589, 7, 16, '{\"title\":\"New Event\",\"body\":\"[UNAME] invited you to attend an event : [ENAME].\",\"type\":\"create_event\",\"sound\":\"default\",\"referenceId\":\"65\",\"compId\":\"\",\"eventMemId\":\"335\",\"createrId\":\"7\"}', 'create_event', 65, 1, 1, 1, '2019-04-30 15:13:55', '0000-00-00 00:00:00'),
(590, 7, 15, '{\"title\":\"New Event\",\"body\":\"[UNAME] invited you to attend an event : [ENAME].\",\"type\":\"create_event\",\"sound\":\"default\",\"referenceId\":\"65\",\"compId\":\"\",\"eventMemId\":\"336\",\"createrId\":\"7\"}', 'create_event', 65, 1, 0, 1, '2019-04-30 15:13:55', '0000-00-00 00:00:00'),
(591, 7, 8, '{\"title\":\"New Event\",\"body\":\"[UNAME] invited you to attend an event : [ENAME].\",\"type\":\"create_event\",\"sound\":\"default\",\"referenceId\":\"65\",\"compId\":\"\",\"eventMemId\":\"337\",\"createrId\":\"7\"}', 'create_event', 65, 1, 1, 1, '2019-04-30 15:13:55', '0000-00-00 00:00:00'),
(592, 18, 8, '{\"title\":\"Join Event\",\"body\":\"[UNAME] joined your event : [ENAME]\",\"type\":\"join_event\",\"sound\":\"default\",\"referenceId\":\"47\",\"compId\":\"\",\"eventMemId\":\"238\",\"createrId\":\"8\"}', 'join_event', 47, 1, 1, 1, '2019-04-30 15:14:39', '0000-00-00 00:00:00'),
(593, 16, 18, '{\"title\":\"New Appointment\",\"body\":\"[UNAME] has created appointment with you.\",\"type\":\"create_appointment\",\"sound\":\"default\",\"referenceId\":45}', 'create_appointment', 0, 1, 1, 1, '2019-04-30 15:36:32', '0000-00-00 00:00:00'),
(594, 18, 16, '{\"title\":\"Appointment confirmed\",\"body\":\"[UNAME] has confirmed your appointment.\",\"type\":\"confirmed_appointment\",\"sound\":\"default\",\"referenceId\":\"45\"}', 'confirmed_appointment', 0, 1, 1, 1, '2019-04-30 15:36:44', '0000-00-00 00:00:00'),
(595, 16, 18, '{\"title\":\"Finish Appointment\",\"body\":\"[UNAME]Appointment finished successfully\",\"type\":\"finish_appointment\",\"sound\":\"default\",\"referenceId\":\"45\"}', 'finish_appointment', 0, 1, 1, 1, '2019-04-30 15:36:53', '0000-00-00 00:00:00'),
(596, 16, 18, '{\"title\":\"Appointment Reviews\",\"body\":\"[UNAME] has given you a review.\",\"type\":\"review_appointment\",\"sound\":\"default\",\"referenceId\":\"45\"}', 'review_appointment', 0, 1, 1, 1, '2019-04-30 15:37:08', '0000-00-00 00:00:00'),
(597, 18, 16, '{\"title\":\"Appointment Reviews\",\"body\":\"[UNAME] has given you a review.\",\"type\":\"review_appointment\",\"sound\":\"default\",\"referenceId\":\"45\"}', 'review_appointment', 0, 0, 1, 1, '2019-04-30 15:39:02', '0000-00-00 00:00:00'),
(598, 7, 3, '{\"title\":\"New Event\",\"body\":\"[UNAME] invited you to attend an event : [ENAME].\",\"type\":\"create_event\",\"sound\":\"default\",\"referenceId\":\"65\",\"compId\":\"\",\"eventMemId\":\"334\",\"createrId\":\"7\"}', 'create_event', 65, 1, 0, 1, '2019-04-30 15:40:35', '0000-00-00 00:00:00'),
(599, 7, 16, '{\"title\":\"New Event\",\"body\":\"[UNAME] invited you to attend an event : [ENAME].\",\"type\":\"create_event\",\"sound\":\"default\",\"referenceId\":\"65\",\"compId\":\"\",\"eventMemId\":\"335\",\"createrId\":\"7\"}', 'create_event', 65, 1, 1, 1, '2019-04-30 15:40:35', '0000-00-00 00:00:00'),
(600, 7, 15, '{\"title\":\"New Event\",\"body\":\"[UNAME] invited you to attend an event : [ENAME].\",\"type\":\"create_event\",\"sound\":\"default\",\"referenceId\":\"65\",\"compId\":\"\",\"eventMemId\":\"336\",\"createrId\":\"7\"}', 'create_event', 65, 1, 0, 1, '2019-04-30 15:40:35', '0000-00-00 00:00:00'),
(601, 7, 8, '{\"title\":\"New Event\",\"body\":\"[UNAME] invited you to attend an event : [ENAME].\",\"type\":\"create_event\",\"sound\":\"default\",\"referenceId\":\"65\",\"compId\":\"\",\"eventMemId\":\"337\",\"createrId\":\"7\"}', 'create_event', 65, 1, 1, 1, '2019-04-30 15:40:35', '0000-00-00 00:00:00'),
(602, 3, 7, '{\"title\":\"Join Event\",\"body\":\"[UNAME] joined your event : [ENAME].\",\"type\":\"join_event\",\"sound\":\"default\",\"referenceId\":\"65\",\"compId\":\"\",\"eventMemId\":\"334\",\"createrId\":\"7\"}', 'join_event', 65, 1, 0, 1, '2019-04-30 15:41:03', '0000-00-00 00:00:00'),
(603, 18, 8, '{\"title\":\"New Appointment\",\"body\":\"[UNAME] has created appointment with you.\",\"type\":\"create_appointment\",\"sound\":\"default\",\"referenceId\":46}', 'create_appointment', 0, 1, 1, 1, '2019-04-30 15:41:24', '0000-00-00 00:00:00'),
(604, 18, 16, '{\"title\":\"New Appointment\",\"body\":\"[UNAME] has created appointment with you.\",\"type\":\"create_appointment\",\"sound\":\"default\",\"referenceId\":47}', 'create_appointment', 0, 1, 1, 1, '2019-04-30 15:42:02', '0000-00-00 00:00:00'),
(605, 8, 18, '{\"title\":\"Counter\",\"body\":\"[UNAME] has applied counter on your appointment.\",\"type\":\"apply_counter\",\"sound\":\"default\",\"referenceId\":\"46\"}', 'apply_counter', 0, 1, 1, 1, '2019-04-30 15:42:35', '0000-00-00 00:00:00'),
(606, 16, 18, '{\"title\":\"Counter\",\"body\":\"[UNAME] has applied counter on your appointment.\",\"type\":\"apply_counter\",\"sound\":\"default\",\"referenceId\":\"47\"}', 'apply_counter', 0, 1, 1, 1, '2019-04-30 15:42:43', '0000-00-00 00:00:00'),
(607, 18, 16, '{\"title\":\"Update Appointment\",\"body\":\"[UNAME] has modified appointment with you.\",\"type\":\"update_appointment\",\"sound\":\"default\",\"referenceId\":\"47\"}', 'update_appointment', 0, 0, 1, 1, '2019-04-30 15:44:18', '0000-00-00 00:00:00'),
(608, 8, 7, '{\"title\":\"New Appointment\",\"body\":\"[UNAME] has created appointment with you.\",\"type\":\"create_appointment\",\"sound\":\"default\",\"referenceId\":48}', 'create_appointment', 0, 1, 0, 1, '2019-04-30 15:48:18', '0000-00-00 00:00:00'),
(609, 20, 3, '{\"title\":\"Nueva cita\",\"body\":\"[UNAME] ha creado una cita contigo.\",\"type\":\"create_appointment\",\"sound\":\"default\",\"referenceId\":49}', 'create_appointment', 0, 1, 0, 1, '2019-04-30 15:49:59', '0000-00-00 00:00:00'),
(610, 3, 20, '{\"title\":\"Appointment confirmed\",\"body\":\"[UNAME] has confirmed your appointment.\",\"type\":\"confirmed_appointment\",\"sound\":\"default\",\"referenceId\":\"49\"}', 'confirmed_appointment', 0, 1, 0, 1, '2019-04-30 15:52:15', '0000-00-00 00:00:00'),
(611, 3, 20, '{\"title\":\"Finish Appointment\",\"body\":\"[UNAME]Appointment finished successfully\",\"type\":\"finish_appointment\",\"sound\":\"default\",\"referenceId\":\"49\"}', 'finish_appointment', 0, 1, 0, 1, '2019-04-30 15:52:26', '0000-00-00 00:00:00'),
(612, 20, 3, '{\"title\":\"Recomendaciones de citas\",\"body\":\"[UNAME] te ha dado una revisi\\u00f3n.\",\"type\":\"review_appointment\",\"sound\":\"default\",\"referenceId\":\"49\"}', 'review_appointment', 0, 1, 0, 1, '2019-04-30 15:52:49', '0000-00-00 00:00:00'),
(613, 18, 3, '{\"title\":\"New Event\",\"body\":\"[UNAME] invited you to attend an event : [ENAME].\",\"type\":\"create_event\",\"sound\":\"default\",\"referenceId\":\"55\",\"compId\":\"\",\"eventMemId\":\"339\",\"createrId\":\"18\"}', 'create_event', 55, 1, 0, 1, '2019-04-30 15:54:02', '0000-00-00 00:00:00'),
(614, 18, 3, '{\"title\":\"New Event\",\"body\":\"[UNAME] invited you to attend an event : [ENAME].\",\"type\":\"create_event\",\"sound\":\"default\",\"referenceId\":\"55\",\"compId\":\"\",\"eventMemId\":\"339\",\"createrId\":\"18\"}', 'create_event', 55, 1, 0, 1, '2019-04-30 15:54:39', '0000-00-00 00:00:00'),
(615, 18, 16, '{\"title\":\"New Event\",\"body\":\"[UNAME] invited you to attend an event : [ENAME].\",\"type\":\"create_event\",\"sound\":\"default\",\"referenceId\":\"55\",\"compId\":\"\",\"eventMemId\":\"340\",\"createrId\":\"18\"}', 'create_event', 55, 1, 1, 1, '2019-04-30 15:54:39', '0000-00-00 00:00:00'),
(616, 18, 15, '{\"title\":\"New Event\",\"body\":\"[UNAME] invited you to attend an event : [ENAME].\",\"type\":\"create_event\",\"sound\":\"default\",\"referenceId\":\"55\",\"compId\":\"\",\"eventMemId\":\"341\",\"createrId\":\"18\"}', 'create_event', 55, 1, 0, 1, '2019-04-30 15:54:39', '0000-00-00 00:00:00'),
(617, 18, 8, '{\"title\":\"New Event\",\"body\":\"[UNAME] invited you to attend an event : [ENAME].\",\"type\":\"create_event\",\"sound\":\"default\",\"referenceId\":\"55\",\"compId\":\"\",\"eventMemId\":\"342\",\"createrId\":\"18\"}', 'create_event', 55, 1, 1, 1, '2019-04-30 15:54:39', '0000-00-00 00:00:00'),
(618, 3, 18, '{\"title\":\"Join Event\",\"body\":\"[UNAME] joined your event : [ENAME].\",\"type\":\"join_event\",\"sound\":\"default\",\"referenceId\":\"55\",\"compId\":\"\",\"eventMemId\":\"339\",\"createrId\":\"18\"}', 'join_event', 55, 1, 1, 1, '2019-04-30 15:54:49', '0000-00-00 00:00:00'),
(619, 18, 16, '{\"title\":\"Unirse al evento\",\"body\":\"[UNAME] se uni\\u00f3 a tu evento : [ENAME]\",\"type\":\"join_event\",\"sound\":\"default\",\"referenceId\":\"63\",\"compId\":\"\",\"eventMemId\":\"325\",\"createrId\":\"16\"}', 'join_event', 63, 1, 1, 1, '2019-04-30 16:03:02', '0000-00-00 00:00:00'),
(620, 18, 7, '{\"title\":\"New Event\",\"body\":\"[UNAME] invited you to attend an event : [ENAME].\",\"type\":\"create_event\",\"sound\":\"default\",\"referenceId\":\"66\",\"compId\":\"\",\"eventMemId\":\"343\",\"createrId\":\"18\"}', 'create_event', 66, 1, 0, 1, '2019-04-30 16:04:34', '0000-00-00 00:00:00'),
(621, 18, 8, '{\"title\":\"New Event\",\"body\":\"[UNAME] invited you to attend an event : [ENAME].\",\"type\":\"create_event\",\"sound\":\"default\",\"referenceId\":\"66\",\"compId\":\"\",\"eventMemId\":\"344\",\"createrId\":\"18\"}', 'create_event', 66, 1, 1, 1, '2019-04-30 16:04:35', '0000-00-00 00:00:00'),
(622, 18, 15, '{\"title\":\"New Event\",\"body\":\"[UNAME] invited you to attend an event : [ENAME].\",\"type\":\"create_event\",\"sound\":\"default\",\"referenceId\":\"66\",\"compId\":\"\",\"eventMemId\":\"345\",\"createrId\":\"18\"}', 'create_event', 66, 1, 0, 1, '2019-04-30 16:04:35', '0000-00-00 00:00:00'),
(623, 18, 16, '{\"title\":\"New Event\",\"body\":\"[UNAME] invited you to attend an event : [ENAME].\",\"type\":\"create_event\",\"sound\":\"default\",\"referenceId\":\"66\",\"compId\":\"\",\"eventMemId\":\"346\",\"createrId\":\"18\"}', 'create_event', 66, 1, 1, 1, '2019-04-30 16:04:35', '0000-00-00 00:00:00'),
(624, 8, 7, '{\"title\":\"New Appointment\",\"body\":\"[UNAME] has created appointment with you.\",\"type\":\"create_appointment\",\"sound\":\"default\",\"referenceId\":50}', 'create_appointment', 0, 1, 0, 1, '2019-04-30 16:13:23', '0000-00-00 00:00:00'),
(625, 7, 8, '{\"title\":\"Cita confirmada\",\"body\":\"[UNAME] ha confirmado su cita.\",\"type\":\"confirmed_appointment\",\"sound\":\"default\",\"referenceId\":\"50\"}', 'confirmed_appointment', 0, 1, 1, 1, '2019-04-30 16:27:46', '0000-00-00 00:00:00'),
(626, 7, 8, '{\"title\":\"Cita confirmada\",\"body\":\"[UNAME] ha confirmado su cita.\",\"type\":\"confirmed_appointment\",\"sound\":\"default\",\"referenceId\":\"48\"}', 'confirmed_appointment', 0, 1, 1, 1, '2019-04-30 16:30:15', '0000-00-00 00:00:00'),
(627, 7, 3, '{\"title\":\"New Event\",\"body\":\"[UNAME] invited you to attend an event : [ENAME].\",\"type\":\"create_event\",\"sound\":\"default\",\"referenceId\":\"65\",\"compId\":\"\",\"eventMemId\":\"334\",\"createrId\":\"7\"}', 'create_event', 65, 1, 0, 1, '2019-04-30 16:31:49', '0000-00-00 00:00:00'),
(628, 7, 16, '{\"title\":\"New Event\",\"body\":\"[UNAME] invited you to attend an event : [ENAME].\",\"type\":\"create_event\",\"sound\":\"default\",\"referenceId\":\"65\",\"compId\":\"\",\"eventMemId\":\"335\",\"createrId\":\"7\"}', 'create_event', 65, 1, 1, 1, '2019-04-30 16:31:49', '0000-00-00 00:00:00'),
(629, 7, 15, '{\"title\":\"New Event\",\"body\":\"[UNAME] invited you to attend an event : [ENAME].\",\"type\":\"create_event\",\"sound\":\"default\",\"referenceId\":\"65\",\"compId\":\"\",\"eventMemId\":\"336\",\"createrId\":\"7\"}', 'create_event', 65, 1, 0, 1, '2019-04-30 16:31:49', '0000-00-00 00:00:00'),
(630, 7, 8, '{\"title\":\"New Event\",\"body\":\"[UNAME] invited you to attend an event : [ENAME].\",\"type\":\"create_event\",\"sound\":\"default\",\"referenceId\":\"65\",\"compId\":\"\",\"eventMemId\":\"337\",\"createrId\":\"7\"}', 'create_event', 65, 1, 1, 1, '2019-04-30 16:31:49', '0000-00-00 00:00:00'),
(631, 8, 7, '{\"title\":\"Appointment Payment\",\"body\":\"[UNAME] paid for your appointment.\",\"type\":\"appointment_payment\",\"sound\":\"default\",\"referenceId\":\"48\"}', 'appointment_payment', 0, 1, 0, 1, '2019-04-30 16:35:37', '0000-00-00 00:00:00'),
(632, 8, 7, '{\"title\":\"Finished Appointment\",\"body\":\"[UNAME]Appointment finished successfully\",\"type\":\"finish_appointment\",\"sound\":\"default\",\"referenceId\":\"48\"}', 'finish_appointment', 0, 1, 0, 1, '2019-04-30 16:35:43', '0000-00-00 00:00:00'),
(633, 6, 3, '{\"title\":\"Nueva cita\",\"body\":\"[UNAME] ha creado una cita contigo.\",\"type\":\"create_appointment\",\"sound\":\"default\",\"referenceId\":51}', 'create_appointment', 0, 1, 0, 1, '2019-04-30 16:35:55', '0000-00-00 00:00:00'),
(634, 3, 6, '{\"title\":\"Appointment confirmed\",\"body\":\"[UNAME] has confirmed your appointment.\",\"type\":\"confirmed_appointment\",\"sound\":\"default\",\"referenceId\":\"51\"}', 'confirmed_appointment', 0, 1, 1, 1, '2019-04-30 16:36:00', '0000-00-00 00:00:00'),
(635, 8, 7, '{\"title\":\"Appointment Reviews\",\"body\":\"[UNAME] has given you a review.\",\"type\":\"review_appointment\",\"sound\":\"default\",\"referenceId\":\"48\"}', 'review_appointment', 0, 1, 0, 1, '2019-04-30 16:36:08', '0000-00-00 00:00:00'),
(636, 6, 3, '{\"title\":\"Finish Appointment\",\"body\":\"[UNAME]Cita terminada exitosamente.\",\"type\":\"finish_appointment\",\"sound\":\"default\",\"referenceId\":\"51\"}', 'finish_appointment', 0, 1, 0, 1, '2019-04-30 16:36:11', '0000-00-00 00:00:00'),
(637, 6, 3, '{\"title\":\"Recomendaciones de citas\",\"body\":\"[UNAME] te ha dado una revisi\\u00f3n.\",\"type\":\"review_appointment\",\"sound\":\"default\",\"referenceId\":\"51\"}', 'review_appointment', 0, 1, 1, 1, '2019-04-30 16:36:33', '0000-00-00 00:00:00'),
(638, 7, 8, '{\"title\":\"Recomendaciones de citas\",\"body\":\"[UNAME] te ha dado una revisi\\u00f3n.\",\"type\":\"review_appointment\",\"sound\":\"default\",\"referenceId\":\"48\"}', 'review_appointment', 0, 1, 1, 1, '2019-04-30 16:37:28', '0000-00-00 00:00:00'),
(639, 8, 3, '{\"title\":\"New Appointment\",\"body\":\"[UNAME] has created appointment with you.\",\"type\":\"create_appointment\",\"sound\":\"default\",\"referenceId\":52}', 'create_appointment', 0, 1, 0, 1, '2019-04-30 16:40:29', '0000-00-00 00:00:00'),
(640, 8, 3, '{\"title\":\"New Appointment\",\"body\":\"[UNAME] has created appointment with you.\",\"type\":\"create_appointment\",\"sound\":\"default\",\"referenceId\":53}', 'create_appointment', 0, 1, 0, 1, '2019-04-30 16:41:00', '0000-00-00 00:00:00'),
(641, 3, 8, '{\"title\":\"Counter\",\"body\":\"[UNAME] has applied counter on your appointment.\",\"type\":\"apply_counter\",\"sound\":\"default\",\"referenceId\":\"53\"}', 'apply_counter', 0, 1, 1, 1, '2019-04-30 16:41:15', '0000-00-00 00:00:00'),
(642, 18, 16, '{\"title\":\"Favorite\",\"body\":\"[UNAME]  added you as a favorite.\",\"type\":\"add_favorite\",\"sound\":\"default\",\"referenceId\":\"18\"}', 'add_favorite', 0, 1, 1, 1, '2019-04-30 16:48:03', '0000-00-00 00:00:00'),
(643, 18, 8, '{\"title\":\"New Appointment\",\"body\":\"[UNAME] has created appointment with you.\",\"type\":\"create_appointment\",\"sound\":\"default\",\"referenceId\":54}', 'create_appointment', 0, 1, 1, 1, '2019-04-30 16:50:42', '0000-00-00 00:00:00'),
(644, 6, 3, '{\"title\":\"Me gusta\",\"body\":\"[UNAME] likes your profile.\",\"type\":\"add_like\",\"sound\":\"default\",\"referenceId\":\"6\"}', 'add_like', 0, 1, 0, 1, '2019-04-30 11:21:22', '0000-00-00 00:00:00'),
(645, 6, 3, '{\"title\":\"Favoritos\",\"body\":\"[UNAME]  added you as a favorite.\",\"type\":\"add_favorite\",\"sound\":\"default\",\"referenceId\":\"6\"}', 'add_favorite', 0, 1, 0, 1, '2019-04-30 11:21:31', '0000-00-00 00:00:00'),
(646, 8, 18, '{\"title\":\"Counter\",\"body\":\"[UNAME] has applied counter on your appointment.\",\"type\":\"apply_counter\",\"sound\":\"default\",\"referenceId\":\"54\"}', 'apply_counter', 0, 1, 1, 1, '2019-04-30 16:51:51', '0000-00-00 00:00:00'),
(647, 16, 8, '{\"title\":\"New Event\",\"body\":\"[UNAME] invited you to attend an event : [ENAME].\",\"type\":\"create_event\",\"sound\":\"default\",\"referenceId\":\"63\",\"compId\":\"\",\"eventMemId\":\"324\",\"createrId\":\"16\"}', 'create_event', 63, 1, 1, 1, '2019-04-30 16:58:23', '0000-00-00 00:00:00'),
(648, 16, 18, '{\"title\":\"New Event\",\"body\":\"[UNAME] invited you to attend an event : [ENAME].\",\"type\":\"create_event\",\"sound\":\"default\",\"referenceId\":\"63\",\"compId\":\"\",\"eventMemId\":\"325\",\"createrId\":\"16\"}', 'create_event', 63, 1, 1, 1, '2019-04-30 16:58:23', '0000-00-00 00:00:00'),
(649, 16, 4, '{\"title\":\"New Event\",\"body\":\"[UNAME] invited you to attend an event : [ENAME].\",\"type\":\"create_event\",\"sound\":\"default\",\"referenceId\":\"63\",\"compId\":\"\",\"eventMemId\":\"326\",\"createrId\":\"16\"}', 'create_event', 63, 1, 0, 1, '2019-04-30 16:58:23', '0000-00-00 00:00:00'),
(650, 16, 15, '{\"title\":\"New Event\",\"body\":\"[UNAME] invited you to attend an event : [ENAME].\",\"type\":\"create_event\",\"sound\":\"default\",\"referenceId\":\"63\",\"compId\":\"\",\"eventMemId\":\"327\",\"createrId\":\"16\"}', 'create_event', 63, 1, 0, 1, '2019-04-30 16:58:23', '0000-00-00 00:00:00'),
(651, 16, 19, '{\"title\":\"New Event\",\"body\":\"[UNAME] invited you to attend an event : [ENAME].\",\"type\":\"create_event\",\"sound\":\"default\",\"referenceId\":\"63\",\"compId\":\"\",\"eventMemId\":\"348\",\"createrId\":\"16\"}', 'create_event', 63, 1, 0, 1, '2019-04-30 16:58:24', '0000-00-00 00:00:00'),
(652, 16, 10, '{\"title\":\"New Event\",\"body\":\"[UNAME] invited you to attend an event : [ENAME].\",\"type\":\"create_event\",\"sound\":\"default\",\"referenceId\":\"63\",\"compId\":\"\",\"eventMemId\":\"349\",\"createrId\":\"16\"}', 'create_event', 63, 1, 1, 1, '2019-04-30 16:58:24', '0000-00-00 00:00:00'),
(653, 16, 8, '{\"title\":\"New Event\",\"body\":\"[UNAME] invited you to attend an event : [ENAME].\",\"type\":\"create_event\",\"sound\":\"default\",\"referenceId\":\"63\",\"compId\":\"\",\"eventMemId\":\"324\",\"createrId\":\"16\"}', 'create_event', 63, 1, 1, 1, '2019-04-30 16:58:57', '0000-00-00 00:00:00'),
(654, 16, 18, '{\"title\":\"New Event\",\"body\":\"[UNAME] invited you to attend an event : [ENAME].\",\"type\":\"create_event\",\"sound\":\"default\",\"referenceId\":\"63\",\"compId\":\"\",\"eventMemId\":\"325\",\"createrId\":\"16\"}', 'create_event', 63, 1, 1, 1, '2019-04-30 16:58:57', '0000-00-00 00:00:00'),
(655, 16, 4, '{\"title\":\"New Event\",\"body\":\"[UNAME] invited you to attend an event : [ENAME].\",\"type\":\"create_event\",\"sound\":\"default\",\"referenceId\":\"63\",\"compId\":\"\",\"eventMemId\":\"326\",\"createrId\":\"16\"}', 'create_event', 63, 1, 0, 1, '2019-04-30 16:58:57', '0000-00-00 00:00:00'),
(656, 16, 15, '{\"title\":\"New Event\",\"body\":\"[UNAME] invited you to attend an event : [ENAME].\",\"type\":\"create_event\",\"sound\":\"default\",\"referenceId\":\"63\",\"compId\":\"\",\"eventMemId\":\"327\",\"createrId\":\"16\"}', 'create_event', 63, 1, 0, 1, '2019-04-30 16:58:57', '0000-00-00 00:00:00'),
(657, 16, 19, '{\"title\":\"New Event\",\"body\":\"[UNAME] invited you to attend an event : [ENAME].\",\"type\":\"create_event\",\"sound\":\"default\",\"referenceId\":\"63\",\"compId\":\"\",\"eventMemId\":\"348\",\"createrId\":\"16\"}', 'create_event', 63, 1, 0, 1, '2019-04-30 16:58:57', '0000-00-00 00:00:00'),
(658, 16, 10, '{\"title\":\"New Event\",\"body\":\"[UNAME] invited you to attend an event : [ENAME].\",\"type\":\"create_event\",\"sound\":\"default\",\"referenceId\":\"63\",\"compId\":\"\",\"eventMemId\":\"349\",\"createrId\":\"16\"}', 'create_event', 63, 1, 1, 1, '2019-04-30 16:58:57', '0000-00-00 00:00:00'),
(659, 16, 7, '{\"title\":\"New Event\",\"body\":\"[UNAME] invited you to attend an event : [ENAME].\",\"type\":\"create_event\",\"sound\":\"default\",\"referenceId\":\"63\",\"compId\":\"\",\"eventMemId\":\"350\",\"createrId\":\"16\"}', 'create_event', 63, 1, 0, 1, '2019-04-30 16:58:58', '0000-00-00 00:00:00'),
(661, 3, 16, '{\"title\":\"Join Event\",\"body\":\"[UNAME] joined your event : [ENAME].\",\"type\":\"join_event\",\"sound\":\"default\",\"referenceId\":\"58\",\"compId\":\"\",\"eventMemId\":\"300\",\"createrId\":\"16\"}', 'join_event', 58, 1, 1, 1, '2019-04-30 17:00:45', '0000-00-00 00:00:00'),
(662, 3, 7, '{\"title\":\"Share Event\",\"body\":\"[UNAME] has shared an event : [ENAME]\",\"type\":\"share_event\",\"sound\":\"default\",\"referenceId\":\"58\",\"compId\":\"18\",\"eventMemId\":\"\",\"createrId\":\"3\"}', 'share_event', 58, 1, 0, 1, '2019-04-30 17:01:02', '0000-00-00 00:00:00'),
(663, 8, 18, '{\"title\":\"Favorite\",\"body\":\"[UNAME]  added you as a favorite.\",\"type\":\"add_favorite\",\"sound\":\"default\",\"referenceId\":\"8\"}', 'add_favorite', 0, 1, 1, 1, '2019-04-30 12:13:09', '0000-00-00 00:00:00'),
(664, 8, 18, '{\"title\":\"New Appointment\",\"body\":\"[UNAME] has created appointment with you.\",\"type\":\"create_appointment\",\"sound\":\"default\",\"referenceId\":55}', 'create_appointment', 0, 1, 1, 1, '2019-04-30 17:43:22', '0000-00-00 00:00:00'),
(665, 8, 16, '{\"title\":\"New Appointment\",\"body\":\"[UNAME] has created appointment with you.\",\"type\":\"create_appointment\",\"sound\":\"default\",\"referenceId\":56}', 'create_appointment', 0, 1, 1, 1, '2019-04-30 17:45:24', '0000-00-00 00:00:00'),
(666, 16, 8, '{\"title\":\"Counter\",\"body\":\"[UNAME] has applied counter on your appointment.\",\"type\":\"apply_counter\",\"sound\":\"default\",\"referenceId\":\"56\"}', 'apply_counter', 0, 1, 1, 1, '2019-04-30 17:45:44', '0000-00-00 00:00:00'),
(667, 8, 7, '{\"title\":\"New Appointment\",\"body\":\"[UNAME] has created appointment with you.\",\"type\":\"create_appointment\",\"sound\":\"default\",\"referenceId\":57}', 'create_appointment', 0, 1, 0, 1, '2019-04-30 17:49:44', '0000-00-00 00:00:00'),
(668, 16, 8, '{\"title\":\"Cancel Appointment\",\"body\":\"[UNAME] has cancelled appointment.\",\"type\":\"cancel_appointment\",\"sound\":\"default\",\"referenceId\":\"56\"}', 'cancel_appointment', 0, 1, 1, 1, '2019-04-30 17:57:24', '0000-00-00 00:00:00'),
(669, 16, 15, '{\"title\":\"New Event\",\"body\":\"[UNAME] invited you to attend an event : [ENAME].\",\"type\":\"create_event\",\"sound\":\"default\",\"referenceId\":\"57\",\"compId\":\"\",\"eventMemId\":\"292\",\"createrId\":\"16\"}', 'create_event', 57, 1, 0, 1, '2019-04-30 17:59:06', '0000-00-00 00:00:00'),
(670, 16, 4, '{\"title\":\"New Event\",\"body\":\"[UNAME] invited you to attend an event : [ENAME].\",\"type\":\"create_event\",\"sound\":\"default\",\"referenceId\":\"57\",\"compId\":\"\",\"eventMemId\":\"294\",\"createrId\":\"16\"}', 'create_event', 57, 1, 0, 1, '2019-04-30 17:59:06', '0000-00-00 00:00:00'),
(671, 16, 8, '{\"title\":\"New Event\",\"body\":\"[UNAME] invited you to attend an event : [ENAME].\",\"type\":\"create_event\",\"sound\":\"default\",\"referenceId\":\"57\",\"compId\":\"\",\"eventMemId\":\"295\",\"createrId\":\"16\"}', 'create_event', 57, 1, 1, 1, '2019-04-30 17:59:06', '0000-00-00 00:00:00'),
(672, 16, 7, '{\"title\":\"New Event\",\"body\":\"[UNAME] invited you to attend an event : [ENAME].\",\"type\":\"create_event\",\"sound\":\"default\",\"referenceId\":\"57\",\"compId\":\"\",\"eventMemId\":\"296\",\"createrId\":\"16\"}', 'create_event', 57, 1, 0, 1, '2019-04-30 17:59:07', '0000-00-00 00:00:00'),
(673, 16, 18, '{\"title\":\"Favorite\",\"body\":\"[UNAME]  added you as a favorite.\",\"type\":\"add_favorite\",\"sound\":\"default\",\"referenceId\":\"16\"}', 'add_favorite', 0, 1, 0, 1, '2019-04-30 17:59:30', '0000-00-00 00:00:00'),
(674, 16, 7, '{\"title\":\"Join Event\",\"body\":\"[UNAME] joined your event : [ENAME]\",\"type\":\"join_event\",\"sound\":\"default\",\"referenceId\":\"64\",\"compId\":\"\",\"eventMemId\":\"330\",\"createrId\":\"7\"}', 'join_event', 64, 1, 0, 1, '2019-04-30 17:59:41', '0000-00-00 00:00:00'),
(675, 10, 3, '{\"title\":\"New Appointment\",\"body\":\"[UNAME] has created appointment with you.\",\"type\":\"create_appointment\",\"sound\":\"default\",\"referenceId\":58}', 'create_appointment', 0, 1, 0, 1, '2019-04-30 18:33:59', '0000-00-00 00:00:00'),
(676, 3, 7, '{\"title\":\"Favoritos\",\"body\":\"[UNAME]  added you as a favorite.\",\"type\":\"add_favorite\",\"sound\":\"default\",\"referenceId\":\"3\"}', 'add_favorite', 0, 1, 0, 1, '2019-04-30 13:09:27', '0000-00-00 00:00:00'),
(677, 3, 7, '{\"title\":\"Me gusta\",\"body\":\"[UNAME] likes your profile.\",\"type\":\"add_like\",\"sound\":\"default\",\"referenceId\":\"3\"}', 'add_like', 0, 1, 0, 1, '2019-04-30 13:09:31', '0000-00-00 00:00:00'),
(678, 9, 12, '{\"title\":\"Event Reviews\",\"body\":\"[UNAME] has given you a review.\",\"type\":\"review_appointment\",\"sound\":\"default\",\"referenceId\":\"32\"}', 'review_appointment', 0, 1, 0, 1, '2019-04-30 18:39:50', '0000-00-00 00:00:00'),
(679, 3, 8, '{\"title\":\"New Event\",\"body\":\"[UNAME] invited you to attend an event : [ENAME].\",\"type\":\"create_event\",\"sound\":\"default\",\"referenceId\":\"52\",\"compId\":\"\",\"eventMemId\":\"263\",\"createrId\":\"3\"}', 'create_event', 52, 1, 1, 1, '2019-04-30 18:39:51', '0000-00-00 00:00:00'),
(680, 3, 4, '{\"title\":\"New Event\",\"body\":\"[UNAME] invited you to attend an event : [ENAME].\",\"type\":\"create_event\",\"sound\":\"default\",\"referenceId\":\"52\",\"compId\":\"\",\"eventMemId\":\"264\",\"createrId\":\"3\"}', 'create_event', 52, 1, 0, 1, '2019-04-30 18:39:52', '0000-00-00 00:00:00'),
(681, 3, 10, '{\"title\":\"New Event\",\"body\":\"[UNAME] invited you to attend an event : [ENAME].\",\"type\":\"create_event\",\"sound\":\"default\",\"referenceId\":\"52\",\"compId\":\"\",\"eventMemId\":\"266\",\"createrId\":\"3\"}', 'create_event', 52, 1, 1, 1, '2019-04-30 18:39:52', '0000-00-00 00:00:00'),
(682, 3, 15, '{\"title\":\"New Event\",\"body\":\"[UNAME] invited you to attend an event : [ENAME].\",\"type\":\"create_event\",\"sound\":\"default\",\"referenceId\":\"52\",\"compId\":\"\",\"eventMemId\":\"267\",\"createrId\":\"3\"}', 'create_event', 52, 1, 0, 1, '2019-04-30 18:39:52', '0000-00-00 00:00:00'),
(683, 3, 16, '{\"title\":\"New Event\",\"body\":\"[UNAME] invited you to attend an event : [ENAME].\",\"type\":\"create_event\",\"sound\":\"default\",\"referenceId\":\"52\",\"compId\":\"\",\"eventMemId\":\"268\",\"createrId\":\"3\"}', 'create_event', 52, 1, 1, 1, '2019-04-30 18:39:52', '0000-00-00 00:00:00'),
(684, 3, 19, '{\"title\":\"New Event\",\"body\":\"[UNAME] invited you to attend an event : [ENAME].\",\"type\":\"create_event\",\"sound\":\"default\",\"referenceId\":\"52\",\"compId\":\"\",\"eventMemId\":\"269\",\"createrId\":\"3\"}', 'create_event', 52, 1, 0, 1, '2019-04-30 18:39:53', '0000-00-00 00:00:00'),
(685, 3, 20, '{\"title\":\"New Event\",\"body\":\"[UNAME] invited you to attend an event : [ENAME].\",\"type\":\"create_event\",\"sound\":\"default\",\"referenceId\":\"52\",\"compId\":\"\",\"eventMemId\":\"270\",\"createrId\":\"3\"}', 'create_event', 52, 1, 0, 1, '2019-04-30 18:39:53', '0000-00-00 00:00:00'),
(686, 3, 17, '{\"title\":\"New Event\",\"body\":\"[UNAME] invited you to attend an event : [ENAME].\",\"type\":\"create_event\",\"sound\":\"default\",\"referenceId\":\"52\",\"compId\":\"\",\"eventMemId\":\"272\",\"createrId\":\"3\"}', 'create_event', 52, 1, 0, 1, '2019-04-30 18:39:53', '0000-00-00 00:00:00'),
(687, 3, 8, '{\"title\":\"New Event\",\"body\":\"[UNAME] invited you to attend an event : [ENAME].\",\"type\":\"create_event\",\"sound\":\"default\",\"referenceId\":\"52\",\"compId\":\"\",\"eventMemId\":\"263\",\"createrId\":\"3\"}', 'create_event', 52, 1, 1, 1, '2019-04-30 18:40:04', '0000-00-00 00:00:00'),
(688, 3, 4, '{\"title\":\"New Event\",\"body\":\"[UNAME] invited you to attend an event : [ENAME].\",\"type\":\"create_event\",\"sound\":\"default\",\"referenceId\":\"52\",\"compId\":\"\",\"eventMemId\":\"264\",\"createrId\":\"3\"}', 'create_event', 52, 1, 0, 1, '2019-04-30 18:40:04', '0000-00-00 00:00:00'),
(689, 3, 10, '{\"title\":\"New Event\",\"body\":\"[UNAME] invited you to attend an event : [ENAME].\",\"type\":\"create_event\",\"sound\":\"default\",\"referenceId\":\"52\",\"compId\":\"\",\"eventMemId\":\"266\",\"createrId\":\"3\"}', 'create_event', 52, 1, 1, 1, '2019-04-30 18:40:04', '0000-00-00 00:00:00'),
(690, 3, 15, '{\"title\":\"New Event\",\"body\":\"[UNAME] invited you to attend an event : [ENAME].\",\"type\":\"create_event\",\"sound\":\"default\",\"referenceId\":\"52\",\"compId\":\"\",\"eventMemId\":\"267\",\"createrId\":\"3\"}', 'create_event', 52, 1, 0, 1, '2019-04-30 18:40:05', '0000-00-00 00:00:00'),
(691, 3, 16, '{\"title\":\"New Event\",\"body\":\"[UNAME] invited you to attend an event : [ENAME].\",\"type\":\"create_event\",\"sound\":\"default\",\"referenceId\":\"52\",\"compId\":\"\",\"eventMemId\":\"268\",\"createrId\":\"3\"}', 'create_event', 52, 1, 1, 1, '2019-04-30 18:40:05', '0000-00-00 00:00:00'),
(692, 3, 19, '{\"title\":\"New Event\",\"body\":\"[UNAME] invited you to attend an event : [ENAME].\",\"type\":\"create_event\",\"sound\":\"default\",\"referenceId\":\"52\",\"compId\":\"\",\"eventMemId\":\"269\",\"createrId\":\"3\"}', 'create_event', 52, 1, 0, 1, '2019-04-30 18:40:05', '0000-00-00 00:00:00'),
(693, 3, 20, '{\"title\":\"New Event\",\"body\":\"[UNAME] invited you to attend an event : [ENAME].\",\"type\":\"create_event\",\"sound\":\"default\",\"referenceId\":\"52\",\"compId\":\"\",\"eventMemId\":\"270\",\"createrId\":\"3\"}', 'create_event', 52, 1, 0, 1, '2019-04-30 18:40:05', '0000-00-00 00:00:00'),
(694, 3, 17, '{\"title\":\"New Event\",\"body\":\"[UNAME] invited you to attend an event : [ENAME].\",\"type\":\"create_event\",\"sound\":\"default\",\"referenceId\":\"52\",\"compId\":\"\",\"eventMemId\":\"272\",\"createrId\":\"3\"}', 'create_event', 52, 1, 0, 1, '2019-04-30 18:40:05', '0000-00-00 00:00:00'),
(695, 3, 7, '{\"title\":\"New Event\",\"body\":\"[UNAME] invited you to attend an event : [ENAME].\",\"type\":\"create_event\",\"sound\":\"default\",\"referenceId\":\"52\",\"compId\":\"\",\"eventMemId\":\"351\",\"createrId\":\"3\"}', 'create_event', 52, 1, 0, 1, '2019-04-30 18:40:05', '0000-00-00 00:00:00'),
(696, 16, 8, '{\"title\":\"New Event\",\"body\":\"[UNAME] invited you to attend an event : [ENAME].\",\"type\":\"create_event\",\"sound\":\"default\",\"referenceId\":\"63\",\"compId\":\"\",\"eventMemId\":\"324\",\"createrId\":\"16\"}', 'create_event', 63, 1, 1, 1, '2019-04-30 18:40:46', '0000-00-00 00:00:00'),
(697, 16, 18, '{\"title\":\"New Event\",\"body\":\"[UNAME] invited you to attend an event : [ENAME].\",\"type\":\"create_event\",\"sound\":\"default\",\"referenceId\":\"63\",\"compId\":\"\",\"eventMemId\":\"325\",\"createrId\":\"16\"}', 'create_event', 63, 1, 0, 1, '2019-04-30 18:40:46', '0000-00-00 00:00:00'),
(698, 16, 4, '{\"title\":\"New Event\",\"body\":\"[UNAME] invited you to attend an event : [ENAME].\",\"type\":\"create_event\",\"sound\":\"default\",\"referenceId\":\"63\",\"compId\":\"\",\"eventMemId\":\"326\",\"createrId\":\"16\"}', 'create_event', 63, 1, 0, 1, '2019-04-30 18:40:46', '0000-00-00 00:00:00'),
(699, 16, 15, '{\"title\":\"New Event\",\"body\":\"[UNAME] invited you to attend an event : [ENAME].\",\"type\":\"create_event\",\"sound\":\"default\",\"referenceId\":\"63\",\"compId\":\"\",\"eventMemId\":\"327\",\"createrId\":\"16\"}', 'create_event', 63, 1, 0, 1, '2019-04-30 18:40:46', '0000-00-00 00:00:00'),
(700, 16, 19, '{\"title\":\"New Event\",\"body\":\"[UNAME] invited you to attend an event : [ENAME].\",\"type\":\"create_event\",\"sound\":\"default\",\"referenceId\":\"63\",\"compId\":\"\",\"eventMemId\":\"348\",\"createrId\":\"16\"}', 'create_event', 63, 1, 0, 1, '2019-04-30 18:40:46', '0000-00-00 00:00:00'),
(701, 16, 10, '{\"title\":\"New Event\",\"body\":\"[UNAME] invited you to attend an event : [ENAME].\",\"type\":\"create_event\",\"sound\":\"default\",\"referenceId\":\"63\",\"compId\":\"\",\"eventMemId\":\"349\",\"createrId\":\"16\"}', 'create_event', 63, 1, 1, 1, '2019-04-30 18:40:46', '0000-00-00 00:00:00'),
(702, 16, 7, '{\"title\":\"New Event\",\"body\":\"[UNAME] invited you to attend an event : [ENAME].\",\"type\":\"create_event\",\"sound\":\"default\",\"referenceId\":\"63\",\"compId\":\"\",\"eventMemId\":\"350\",\"createrId\":\"16\"}', 'create_event', 63, 1, 0, 1, '2019-04-30 18:40:47', '0000-00-00 00:00:00'),
(703, 16, 19, '{\"title\":\"New Event\",\"body\":\"[UNAME] invited you to attend an event : [ENAME].\",\"type\":\"create_event\",\"sound\":\"default\",\"referenceId\":\"58\",\"compId\":\"\",\"eventMemId\":\"298\",\"createrId\":\"16\"}', 'create_event', 58, 1, 0, 1, '2019-04-30 18:41:11', '0000-00-00 00:00:00'),
(704, 16, 20, '{\"title\":\"New Event\",\"body\":\"[UNAME] invited you to attend an event : [ENAME].\",\"type\":\"create_event\",\"sound\":\"default\",\"referenceId\":\"58\",\"compId\":\"\",\"eventMemId\":\"299\",\"createrId\":\"16\"}', 'create_event', 58, 1, 0, 1, '2019-04-30 18:41:11', '0000-00-00 00:00:00'),
(705, 16, 3, '{\"title\":\"New Event\",\"body\":\"[UNAME] invited you to attend an event : [ENAME].\",\"type\":\"create_event\",\"sound\":\"default\",\"referenceId\":\"58\",\"compId\":\"\",\"eventMemId\":\"300\",\"createrId\":\"16\"}', 'create_event', 58, 1, 0, 1, '2019-04-30 18:41:12', '0000-00-00 00:00:00'),
(706, 16, 6, '{\"title\":\"New Event\",\"body\":\"[UNAME] invited you to attend an event : [ENAME].\",\"type\":\"create_event\",\"sound\":\"default\",\"referenceId\":\"58\",\"compId\":\"\",\"eventMemId\":\"301\",\"createrId\":\"16\"}', 'create_event', 58, 1, 1, 1, '2019-04-30 18:41:12', '0000-00-00 00:00:00'),
(707, 16, 7, '{\"title\":\"New Event\",\"body\":\"[UNAME] invited you to attend an event : [ENAME].\",\"type\":\"create_event\",\"sound\":\"default\",\"referenceId\":\"58\",\"compId\":\"\",\"eventMemId\":\"302\",\"createrId\":\"16\"}', 'create_event', 58, 1, 0, 1, '2019-04-30 18:41:12', '0000-00-00 00:00:00'),
(708, 16, 15, '{\"title\":\"New Event\",\"body\":\"[UNAME] invited you to attend an event : [ENAME].\",\"type\":\"create_event\",\"sound\":\"default\",\"referenceId\":\"58\",\"compId\":\"\",\"eventMemId\":\"303\",\"createrId\":\"16\"}', 'create_event', 58, 1, 0, 1, '2019-04-30 18:41:12', '0000-00-00 00:00:00'),
(709, 16, 19, '{\"title\":\"New Event\",\"body\":\"[UNAME] invited you to attend an event : [ENAME].\",\"type\":\"create_event\",\"sound\":\"default\",\"referenceId\":\"58\",\"compId\":\"\",\"eventMemId\":\"298\",\"createrId\":\"16\"}', 'create_event', 58, 1, 0, 1, '2019-04-30 18:42:55', '0000-00-00 00:00:00'),
(710, 16, 20, '{\"title\":\"New Event\",\"body\":\"[UNAME] invited you to attend an event : [ENAME].\",\"type\":\"create_event\",\"sound\":\"default\",\"referenceId\":\"58\",\"compId\":\"\",\"eventMemId\":\"299\",\"createrId\":\"16\"}', 'create_event', 58, 1, 0, 1, '2019-04-30 18:42:55', '0000-00-00 00:00:00'),
(711, 16, 3, '{\"title\":\"New Event\",\"body\":\"[UNAME] invited you to attend an event : [ENAME].\",\"type\":\"create_event\",\"sound\":\"default\",\"referenceId\":\"58\",\"compId\":\"\",\"eventMemId\":\"300\",\"createrId\":\"16\"}', 'create_event', 58, 1, 0, 1, '2019-04-30 18:42:55', '0000-00-00 00:00:00'),
(712, 16, 6, '{\"title\":\"New Event\",\"body\":\"[UNAME] invited you to attend an event : [ENAME].\",\"type\":\"create_event\",\"sound\":\"default\",\"referenceId\":\"58\",\"compId\":\"\",\"eventMemId\":\"301\",\"createrId\":\"16\"}', 'create_event', 58, 1, 1, 1, '2019-04-30 18:42:56', '0000-00-00 00:00:00'),
(713, 16, 7, '{\"title\":\"New Event\",\"body\":\"[UNAME] invited you to attend an event : [ENAME].\",\"type\":\"create_event\",\"sound\":\"default\",\"referenceId\":\"58\",\"compId\":\"\",\"eventMemId\":\"302\",\"createrId\":\"16\"}', 'create_event', 58, 1, 0, 1, '2019-04-30 18:42:56', '0000-00-00 00:00:00'),
(714, 16, 15, '{\"title\":\"New Event\",\"body\":\"[UNAME] invited you to attend an event : [ENAME].\",\"type\":\"create_event\",\"sound\":\"default\",\"referenceId\":\"58\",\"compId\":\"\",\"eventMemId\":\"303\",\"createrId\":\"16\"}', 'create_event', 58, 1, 0, 1, '2019-04-30 18:42:56', '0000-00-00 00:00:00'),
(716, 16, 7, '{\"title\":\"New Appointment\",\"body\":\"[UNAME] has created appointment with you.\",\"type\":\"create_appointment\",\"sound\":\"default\",\"referenceId\":59}', 'create_appointment', 0, 1, 0, 1, '2019-04-30 18:43:24', '0000-00-00 00:00:00'),
(717, 16, 7, '{\"title\":\"Update Appointment\",\"body\":\"[UNAME] has modified appointment with you.\",\"type\":\"update_appointment\",\"sound\":\"default\",\"referenceId\":\"59\"}', 'update_appointment', 0, 1, 0, 1, '2019-04-30 18:43:40', '0000-00-00 00:00:00'),
(718, 16, 7, '{\"title\":\"Delete Appointment\",\"body\":\"[UNAME]Appointment deleted successfully\",\"type\":\"delete_appointment\",\"sound\":\"default\",\"referenceId\":\"59\"}', 'delete_appointment', 0, 1, 0, 1, '2019-04-30 18:43:45', '0000-00-00 00:00:00'),
(720, 16, 7, '{\"title\":\"Friend Request\",\"body\":\"[UNAME] has sent you a friend request.\",\"type\":\"friend_request\",\"sound\":\"default\",\"referenceId\":\"16\"}', 'friend_request', 0, 1, 0, 1, '2019-04-30 13:14:04', '0000-00-00 00:00:00'),
(722, 16, 7, '{\"title\":\"New Appointment\",\"body\":\"[UNAME] has created appointment with you.\",\"type\":\"create_appointment\",\"sound\":\"default\",\"referenceId\":60}', 'create_appointment', 0, 1, 0, 1, '2019-04-30 18:44:41', '0000-00-00 00:00:00'),
(723, 7, 16, '{\"title\":\"Cita confirmada\",\"body\":\"[UNAME] ha confirmado su cita.\",\"type\":\"confirmed_appointment\",\"sound\":\"default\",\"referenceId\":\"60\"}', 'confirmed_appointment', 0, 1, 1, 1, '2019-04-30 18:45:45', '0000-00-00 00:00:00'),
(724, 16, 7, '{\"title\":\"Like\",\"body\":\"[UNAME] likes your profile.\",\"type\":\"add_like\",\"sound\":\"default\",\"referenceId\":\"16\"}', 'add_like', 0, 1, 0, 1, '2019-04-30 13:23:08', '0000-00-00 00:00:00'),
(725, 7, 8, '{\"title\":\"Counter\",\"body\":\"[UNAME] has applied counter on your appointment.\",\"type\":\"apply_counter\",\"sound\":\"default\",\"referenceId\":\"57\"}', 'apply_counter', 0, 1, 1, 1, '2019-04-30 19:01:04', '0000-00-00 00:00:00'),
(726, 17, 3, '{\"title\":\"Join Event\",\"body\":\"[UNAME] joined your event : [ENAME].\",\"type\":\"join_event\",\"sound\":\"default\",\"referenceId\":\"52\",\"compId\":\"\",\"eventMemId\":\"272\",\"createrId\":\"3\"}', 'join_event', 52, 1, 0, 1, '2019-04-30 19:01:18', '0000-00-00 00:00:00'),
(727, 17, 21, '{\"title\":\"New Event\",\"body\":\"[UNAME] invited you to attend an event : [ENAME].\",\"type\":\"create_event\",\"sound\":\"default\",\"referenceId\":\"67\",\"compId\":\"\",\"eventMemId\":\"352\",\"createrId\":\"17\"}', 'create_event', 67, 1, 0, 1, '2019-04-30 19:10:27', '0000-00-00 00:00:00'),
(728, 21, 17, '{\"title\":\"Join Event\",\"body\":\"[UNAME] joined your event : [ENAME].\",\"type\":\"join_event\",\"sound\":\"default\",\"referenceId\":\"67\",\"compId\":\"\",\"eventMemId\":\"352\",\"createrId\":\"17\"}', 'join_event', 67, 1, 0, 1, '2019-04-30 19:10:43', '0000-00-00 00:00:00'),
(729, 8, 18, '{\"title\":\"Join Event\",\"body\":\"[UNAME] joined your event : [ENAME].\",\"type\":\"join_event\",\"sound\":\"default\",\"referenceId\":\"66\",\"compId\":\"\",\"eventMemId\":\"344\",\"createrId\":\"18\"}', 'join_event', 66, 1, 0, 1, '2019-04-30 19:15:30', '0000-00-00 00:00:00'),
(730, 8, 7, '{\"title\":\"Join Event\",\"body\":\"[UNAME] joined your event : [ENAME].\",\"type\":\"join_event\",\"sound\":\"default\",\"referenceId\":\"65\",\"compId\":\"\",\"eventMemId\":\"337\",\"createrId\":\"7\"}', 'join_event', 65, 1, 0, 1, '2019-04-30 19:16:10', '0000-00-00 00:00:00'),
(731, 7, 18, '{\"title\":\"Join Event\",\"body\":\"[UNAME] joined your event : [ENAME].\",\"type\":\"join_event\",\"sound\":\"default\",\"referenceId\":\"66\",\"compId\":\"\",\"eventMemId\":\"343\",\"createrId\":\"18\"}', 'join_event', 66, 1, 0, 1, '2019-04-30 19:17:17', '0000-00-00 00:00:00'),
(732, 5, 13, '{\"title\":\"New Event\",\"body\":\"[UNAME] invited you to attend an event : [ENAME].\",\"type\":\"create_event\",\"sound\":\"default\",\"referenceId\":\"68\",\"compId\":\"\",\"eventMemId\":\"354\",\"createrId\":\"5\"}', 'create_event', 68, 1, 1, 1, '2019-04-30 21:19:38', '0000-00-00 00:00:00'),
(733, 5, 11, '{\"title\":\"New Event\",\"body\":\"[UNAME] invited you to attend an event : [ENAME].\",\"type\":\"create_event\",\"sound\":\"default\",\"referenceId\":\"68\",\"compId\":\"\",\"eventMemId\":\"355\",\"createrId\":\"5\"}', 'create_event', 68, 1, 1, 1, '2019-04-30 21:19:39', '0000-00-00 00:00:00'),
(734, 5, 13, '{\"title\":\"New Event\",\"body\":\"[UNAME] invited you to attend an event : [ENAME].\",\"type\":\"create_event\",\"sound\":\"default\",\"referenceId\":\"68\",\"compId\":\"\",\"eventMemId\":\"354\",\"createrId\":\"5\"}', 'create_event', 68, 1, 1, 1, '2019-04-30 21:21:04', '0000-00-00 00:00:00'),
(735, 5, 11, '{\"title\":\"New Event\",\"body\":\"[UNAME] invited you to attend an event : [ENAME].\",\"type\":\"create_event\",\"sound\":\"default\",\"referenceId\":\"68\",\"compId\":\"\",\"eventMemId\":\"355\",\"createrId\":\"5\"}', 'create_event', 68, 1, 1, 1, '2019-04-30 21:21:04', '0000-00-00 00:00:00'),
(736, 13, 5, '{\"title\":\"Join Event\",\"body\":\"[UNAME] joined your event : [ENAME].\",\"type\":\"join_event\",\"sound\":\"default\",\"referenceId\":\"68\",\"compId\":\"\",\"eventMemId\":\"354\",\"createrId\":\"5\"}', 'join_event', 68, 1, 0, 1, '2019-04-30 21:21:20', '0000-00-00 00:00:00'),
(737, 9, 11, '{\"title\":\"New Event\",\"body\":\"[UNAME] invited you to attend an event : [ENAME].\",\"type\":\"create_event\",\"sound\":\"default\",\"referenceId\":\"69\",\"compId\":\"\",\"eventMemId\":\"357\",\"createrId\":\"9\"}', 'create_event', 69, 1, 1, 1, '2019-05-01 03:25:42', '0000-00-00 00:00:00'),
(738, 9, 17, '{\"title\":\"New Event\",\"body\":\"[UNAME] invited you to attend an event : [ENAME].\",\"type\":\"create_event\",\"sound\":\"default\",\"referenceId\":\"69\",\"compId\":\"\",\"eventMemId\":\"358\",\"createrId\":\"9\"}', 'create_event', 69, 1, 0, 1, '2019-05-01 03:25:42', '0000-00-00 00:00:00'),
(739, 9, 12, '{\"title\":\"New Event\",\"body\":\"[UNAME] invited you to attend an event : [ENAME].\",\"type\":\"create_event\",\"sound\":\"default\",\"referenceId\":\"69\",\"compId\":\"\",\"eventMemId\":\"359\",\"createrId\":\"9\"}', 'create_event', 69, 1, 0, 1, '2019-05-01 03:25:42', '0000-00-00 00:00:00'),
(740, 9, 7, '{\"title\":\"New Event\",\"body\":\"[UNAME] invited you to attend an event : [ENAME].\",\"type\":\"create_event\",\"sound\":\"default\",\"referenceId\":\"69\",\"compId\":\"\",\"eventMemId\":\"360\",\"createrId\":\"9\"}', 'create_event', 69, 1, 0, 1, '2019-05-01 03:25:42', '0000-00-00 00:00:00'),
(741, 9, 13, '{\"title\":\"New Event\",\"body\":\"[UNAME] invited you to attend an event : [ENAME].\",\"type\":\"create_event\",\"sound\":\"default\",\"referenceId\":\"69\",\"compId\":\"\",\"eventMemId\":\"361\",\"createrId\":\"9\"}', 'create_event', 69, 1, 0, 1, '2019-05-01 03:25:42', '0000-00-00 00:00:00'),
(742, 9, 18, '{\"title\":\"New Event\",\"body\":\"[UNAME] invited you to attend an event : [ENAME].\",\"type\":\"create_event\",\"sound\":\"default\",\"referenceId\":\"69\",\"compId\":\"\",\"eventMemId\":\"362\",\"createrId\":\"9\"}', 'create_event', 69, 1, 1, 1, '2019-05-01 03:25:43', '0000-00-00 00:00:00'),
(743, 9, 10, '{\"title\":\"New Event\",\"body\":\"[UNAME] invited you to attend an event : [ENAME].\",\"type\":\"create_event\",\"sound\":\"default\",\"referenceId\":\"69\",\"compId\":\"\",\"eventMemId\":\"363\",\"createrId\":\"9\"}', 'create_event', 69, 1, 1, 1, '2019-05-01 03:25:43', '0000-00-00 00:00:00'),
(744, 16, 7, '{\"title\":\"New Event\",\"body\":\"[UNAME] invited you to attend an event : [ENAME].\",\"type\":\"create_event\",\"sound\":\"default\",\"referenceId\":\"70\",\"compId\":\"\",\"eventMemId\":\"365\",\"createrId\":\"16\"}', 'create_event', 70, 1, 0, 1, '2019-05-01 10:22:35', '0000-00-00 00:00:00'),
(745, 16, 15, '{\"title\":\"New Event\",\"body\":\"[UNAME] invited you to attend an event : [ENAME].\",\"type\":\"create_event\",\"sound\":\"default\",\"referenceId\":\"70\",\"compId\":\"\",\"eventMemId\":\"366\",\"createrId\":\"16\"}', 'create_event', 70, 1, 0, 1, '2019-05-01 10:22:35', '0000-00-00 00:00:00'),
(746, 16, 3, '{\"title\":\"New Event\",\"body\":\"[UNAME] invited you to attend an event : [ENAME].\",\"type\":\"create_event\",\"sound\":\"default\",\"referenceId\":\"70\",\"compId\":\"\",\"eventMemId\":\"367\",\"createrId\":\"16\"}', 'create_event', 70, 1, 0, 1, '2019-05-01 10:22:36', '0000-00-00 00:00:00'),
(747, 16, 6, '{\"title\":\"New Event\",\"body\":\"[UNAME] invited you to attend an event : [ENAME].\",\"type\":\"create_event\",\"sound\":\"default\",\"referenceId\":\"70\",\"compId\":\"\",\"eventMemId\":\"368\",\"createrId\":\"16\"}', 'create_event', 70, 1, 1, 1, '2019-05-01 10:22:36', '0000-00-00 00:00:00'),
(748, 8, 10, '{\"title\":\"New Event\",\"body\":\"[UNAME] invited you to attend an event : [ENAME].\",\"type\":\"create_event\",\"sound\":\"default\",\"referenceId\":\"47\",\"compId\":\"\",\"eventMemId\":\"235\",\"createrId\":\"8\"}', 'create_event', 47, 1, 1, 1, '2019-05-01 10:23:40', '0000-00-00 00:00:00'),
(749, 8, 16, '{\"title\":\"New Event\",\"body\":\"[UNAME] invited you to attend an event : [ENAME].\",\"type\":\"create_event\",\"sound\":\"default\",\"referenceId\":\"47\",\"compId\":\"\",\"eventMemId\":\"236\",\"createrId\":\"8\"}', 'create_event', 47, 1, 1, 1, '2019-05-01 10:23:40', '0000-00-00 00:00:00'),
(750, 8, 15, '{\"title\":\"New Event\",\"body\":\"[UNAME] invited you to attend an event : [ENAME].\",\"type\":\"create_event\",\"sound\":\"default\",\"referenceId\":\"47\",\"compId\":\"\",\"eventMemId\":\"237\",\"createrId\":\"8\"}', 'create_event', 47, 1, 0, 1, '2019-05-01 10:23:40', '0000-00-00 00:00:00'),
(751, 8, 18, '{\"title\":\"New Event\",\"body\":\"[UNAME] invited you to attend an event : [ENAME].\",\"type\":\"create_event\",\"sound\":\"default\",\"referenceId\":\"47\",\"compId\":\"\",\"eventMemId\":\"238\",\"createrId\":\"8\"}', 'create_event', 47, 1, 0, 1, '2019-05-01 10:23:40', '0000-00-00 00:00:00'),
(752, 8, 10, '{\"title\":\"New Event\",\"body\":\"[UNAME] invited you to attend an event : [ENAME].\",\"type\":\"create_event\",\"sound\":\"default\",\"referenceId\":\"47\",\"compId\":\"\",\"eventMemId\":\"235\",\"createrId\":\"8\"}', 'create_event', 47, 1, 1, 1, '2019-05-01 10:24:16', '0000-00-00 00:00:00'),
(753, 8, 16, '{\"title\":\"New Event\",\"body\":\"[UNAME] invited you to attend an event : [ENAME].\",\"type\":\"create_event\",\"sound\":\"default\",\"referenceId\":\"47\",\"compId\":\"\",\"eventMemId\":\"236\",\"createrId\":\"8\"}', 'create_event', 47, 1, 1, 1, '2019-05-01 10:24:16', '0000-00-00 00:00:00'),
(754, 8, 15, '{\"title\":\"New Event\",\"body\":\"[UNAME] invited you to attend an event : [ENAME].\",\"type\":\"create_event\",\"sound\":\"default\",\"referenceId\":\"47\",\"compId\":\"\",\"eventMemId\":\"237\",\"createrId\":\"8\"}', 'create_event', 47, 1, 0, 1, '2019-05-01 10:24:16', '0000-00-00 00:00:00'),
(755, 8, 18, '{\"title\":\"New Event\",\"body\":\"[UNAME] invited you to attend an event : [ENAME].\",\"type\":\"create_event\",\"sound\":\"default\",\"referenceId\":\"47\",\"compId\":\"\",\"eventMemId\":\"238\",\"createrId\":\"8\"}', 'create_event', 47, 1, 0, 1, '2019-05-01 10:24:16', '0000-00-00 00:00:00'),
(756, 3, 16, '{\"title\":\"Unirse al evento\",\"body\":\"[UNAME] se uni\\u00f3 a tu evento : [ENAME].\",\"type\":\"join_event\",\"sound\":\"default\",\"referenceId\":\"70\",\"compId\":\"\",\"eventMemId\":\"367\",\"createrId\":\"16\"}', 'join_event', 70, 1, 1, 1, '2019-05-01 10:40:27', '0000-00-00 00:00:00'),
(757, 8, 10, '{\"title\":\"New Event\",\"body\":\"[UNAME] invited you to attend an event : [ENAME].\",\"type\":\"create_event\",\"sound\":\"default\",\"referenceId\":\"47\",\"compId\":\"\",\"eventMemId\":\"235\",\"createrId\":\"8\"}', 'create_event', 47, 1, 1, 1, '2019-05-01 10:54:01', '0000-00-00 00:00:00'),
(758, 8, 16, '{\"title\":\"New Event\",\"body\":\"[UNAME] invited you to attend an event : [ENAME].\",\"type\":\"create_event\",\"sound\":\"default\",\"referenceId\":\"47\",\"compId\":\"\",\"eventMemId\":\"236\",\"createrId\":\"8\"}', 'create_event', 47, 1, 1, 1, '2019-05-01 10:54:01', '0000-00-00 00:00:00'),
(759, 8, 15, '{\"title\":\"New Event\",\"body\":\"[UNAME] invited you to attend an event : [ENAME].\",\"type\":\"create_event\",\"sound\":\"default\",\"referenceId\":\"47\",\"compId\":\"\",\"eventMemId\":\"237\",\"createrId\":\"8\"}', 'create_event', 47, 1, 0, 1, '2019-05-01 10:54:01', '0000-00-00 00:00:00'),
(760, 8, 18, '{\"title\":\"New Event\",\"body\":\"[UNAME] invited you to attend an event : [ENAME].\",\"type\":\"create_event\",\"sound\":\"default\",\"referenceId\":\"47\",\"compId\":\"\",\"eventMemId\":\"238\",\"createrId\":\"8\"}', 'create_event', 47, 1, 0, 1, '2019-05-01 10:54:01', '0000-00-00 00:00:00');
INSERT INTO `notifications` (`notId`, `notificationBy`, `notificationFor`, `message`, `notificationType`, `referenceId`, `isRead`, `webShow`, `status`, `crd`, `upd`) VALUES
(761, 17, 9, '{\"title\":\"Join Event\",\"body\":\"[UNAME] joined your event : [ENAME].\",\"type\":\"join_event\",\"sound\":\"default\",\"referenceId\":\"69\",\"compId\":\"\",\"eventMemId\":\"358\",\"createrId\":\"9\"}', 'join_event', 69, 1, 0, 1, '2019-05-01 10:59:22', '0000-00-00 00:00:00'),
(762, 17, 3, '{\"title\":\"Event Reviews\",\"body\":\"[UNAME] has given you a review.\",\"type\":\"review_appointment\",\"sound\":\"default\",\"referenceId\":\"52\"}', 'review_appointment', 0, 1, 1, 1, '2019-05-01 10:59:53', '0000-00-00 00:00:00'),
(763, 3, 6, '{\"title\":\"Share Event\",\"body\":\"[UNAME] has shared an event : [ENAME]\",\"type\":\"share_event\",\"sound\":\"default\",\"referenceId\":\"70\",\"compId\":\"19\",\"eventMemId\":\"\",\"createrId\":\"3\"}', 'share_event', 70, 1, 1, 1, '2019-05-01 11:55:56', '0000-00-00 00:00:00'),
(764, 8, 10, '{\"title\":\"New Event\",\"body\":\"[UNAME] invited you to attend an event : [ENAME].\",\"type\":\"create_event\",\"sound\":\"default\",\"referenceId\":\"47\",\"compId\":\"\",\"eventMemId\":\"235\",\"createrId\":\"8\"}', 'create_event', 47, 1, 1, 1, '2019-05-01 12:06:29', '0000-00-00 00:00:00'),
(765, 8, 16, '{\"title\":\"New Event\",\"body\":\"[UNAME] invited you to attend an event : [ENAME].\",\"type\":\"create_event\",\"sound\":\"default\",\"referenceId\":\"47\",\"compId\":\"\",\"eventMemId\":\"236\",\"createrId\":\"8\"}', 'create_event', 47, 1, 1, 1, '2019-05-01 12:06:29', '0000-00-00 00:00:00'),
(766, 8, 15, '{\"title\":\"New Event\",\"body\":\"[UNAME] invited you to attend an event : [ENAME].\",\"type\":\"create_event\",\"sound\":\"default\",\"referenceId\":\"47\",\"compId\":\"\",\"eventMemId\":\"237\",\"createrId\":\"8\"}', 'create_event', 47, 1, 0, 1, '2019-05-01 12:06:29', '0000-00-00 00:00:00'),
(767, 8, 18, '{\"title\":\"New Event\",\"body\":\"[UNAME] invited you to attend an event : [ENAME].\",\"type\":\"create_event\",\"sound\":\"default\",\"referenceId\":\"47\",\"compId\":\"\",\"eventMemId\":\"238\",\"createrId\":\"8\"}', 'create_event', 47, 1, 0, 1, '2019-05-01 12:06:29', '0000-00-00 00:00:00'),
(768, 8, 7, '{\"title\":\"New Event\",\"body\":\"[UNAME] invited you to attend an event : [ENAME].\",\"type\":\"create_event\",\"sound\":\"default\",\"referenceId\":\"47\",\"compId\":\"\",\"eventMemId\":\"370\",\"createrId\":\"8\"}', 'create_event', 47, 1, 0, 1, '2019-05-01 12:06:29', '0000-00-00 00:00:00'),
(769, 7, 16, '{\"title\":\"Request Accepted\",\"body\":\"[UNAME] has accepted your friend request.\",\"type\":\"accept_request\",\"sound\":\"default\",\"referenceId\":\"7\"}', 'accept_request', 0, 1, 1, 1, '2019-05-01 06:41:00', '0000-00-00 00:00:00'),
(770, 8, 16, '{\"title\":\"Request Accepted\",\"body\":\"[UNAME] has accepted your friend request.\",\"type\":\"accept_request\",\"sound\":\"default\",\"referenceId\":\"8\"}', 'accept_request', 0, 1, 1, 1, '2019-05-01 06:41:02', '0000-00-00 00:00:00'),
(771, 7, 8, '{\"title\":\"Like\",\"body\":\"[UNAME] likes your profile.\",\"type\":\"add_like\",\"sound\":\"default\",\"referenceId\":\"7\"}', 'add_like', 0, 1, 1, 1, '2019-05-01 07:10:21', '0000-00-00 00:00:00'),
(772, 7, 8, '{\"title\":\"Favorite\",\"body\":\"[UNAME]  added you as a favorite.\",\"type\":\"add_favorite\",\"sound\":\"default\",\"referenceId\":\"7\"}', 'add_favorite', 0, 1, 1, 1, '2019-05-01 07:10:23', '0000-00-00 00:00:00'),
(773, 8, 18, '{\"title\":\"Event Reviews\",\"body\":\"[UNAME] has given you a review.\",\"type\":\"review_appointment\",\"sound\":\"default\",\"referenceId\":\"66\"}', 'review_appointment', 0, 1, 0, 1, '2019-05-01 12:56:43', '0000-00-00 00:00:00'),
(774, 7, 16, '{\"title\":\"Like\",\"body\":\"[UNAME] likes your profile.\",\"type\":\"add_like\",\"sound\":\"default\",\"referenceId\":\"7\"}', 'add_like', 0, 1, 1, 1, '2019-05-01 07:33:07', '0000-00-00 00:00:00'),
(775, 8, 7, '{\"title\":\"Join Event\",\"body\":\"[UNAME] joined your event : [ENAME].\",\"type\":\"join_event\",\"sound\":\"default\",\"referenceId\":\"60\",\"compId\":\"\",\"eventMemId\":\"312\",\"createrId\":\"7\"}', 'join_event', 60, 1, 0, 1, '2019-05-01 13:14:18', '0000-00-00 00:00:00'),
(776, 6, 16, '{\"title\":\"Recomendaciones de eventos\",\"body\":\"[UNAME] te ha dado una revisi\\u00f3n.\",\"type\":\"review_appointment\",\"sound\":\"default\",\"referenceId\":\"58\"}', 'review_appointment', 0, 1, 1, 1, '2019-05-01 13:52:29', '0000-00-00 00:00:00'),
(777, 16, 7, '{\"title\":\"Favorite\",\"body\":\"[UNAME]  added you as a favorite.\",\"type\":\"add_favorite\",\"sound\":\"default\",\"referenceId\":\"16\"}', 'add_favorite', 0, 1, 0, 1, '2019-05-01 14:04:44', '0000-00-00 00:00:00'),
(778, 16, 6, '{\"title\":\"Like\",\"body\":\"[UNAME] likes your profile.\",\"type\":\"add_like\",\"sound\":\"default\",\"referenceId\":\"16\"}', 'add_like', 0, 1, 1, 1, '2019-05-01 14:06:36', '0000-00-00 00:00:00'),
(779, 16, 6, '{\"title\":\"Favorite\",\"body\":\"[UNAME]  added you as a favorite.\",\"type\":\"add_favorite\",\"sound\":\"default\",\"referenceId\":\"16\"}', 'add_favorite', 0, 1, 1, 1, '2019-05-01 14:06:40', '0000-00-00 00:00:00'),
(780, 16, 6, '{\"title\":\"Friend Request\",\"body\":\"[UNAME] has sent you a friend request.\",\"type\":\"friend_request\",\"sound\":\"default\",\"referenceId\":\"16\"}', 'friend_request', 0, 1, 1, 1, '2019-05-01 14:06:48', '0000-00-00 00:00:00'),
(781, 15, 16, '{\"title\":\"Join Event\",\"body\":\"[UNAME] joined your event : [ENAME].\",\"type\":\"join_event\",\"sound\":\"default\",\"referenceId\":\"70\",\"compId\":\"\",\"eventMemId\":\"366\",\"createrId\":\"16\"}', 'join_event', 70, 1, 1, 1, '2019-05-01 14:09:38', '0000-00-00 00:00:00'),
(782, 15, 8, '{\"title\":\"Friend Request\",\"body\":\"[UNAME] has sent you a friend request.\",\"type\":\"friend_request\",\"sound\":\"default\",\"referenceId\":\"15\"}', 'friend_request', 0, 1, 1, 1, '2019-05-01 08:40:56', '0000-00-00 00:00:00'),
(783, 15, 8, '{\"title\":\"Like\",\"body\":\"[UNAME] likes your profile.\",\"type\":\"add_like\",\"sound\":\"default\",\"referenceId\":\"15\"}', 'add_like', 0, 1, 1, 1, '2019-05-01 08:41:07', '0000-00-00 00:00:00'),
(784, 15, 8, '{\"title\":\"New Appointment\",\"body\":\"[UNAME] has created appointment with you.\",\"type\":\"create_appointment\",\"sound\":\"default\",\"referenceId\":61}', 'create_appointment', 0, 1, 1, 1, '2019-05-01 14:11:24', '0000-00-00 00:00:00'),
(785, 8, 15, '{\"title\":\"Counter\",\"body\":\"[UNAME] has applied counter on your appointment.\",\"type\":\"apply_counter\",\"sound\":\"default\",\"referenceId\":\"61\"}', 'apply_counter', 0, 1, 0, 1, '2019-05-01 14:11:55', '0000-00-00 00:00:00'),
(786, 15, 8, '{\"title\":\"Counter\",\"body\":\"[UNAME] has rejected your counter for appointment.\",\"type\":\"update_counter\",\"sound\":\"default\",\"referenceId\":\"61\"}', 'update_counter', 0, 1, 1, 1, '2019-05-01 14:12:13', '0000-00-00 00:00:00'),
(787, 8, 15, '{\"title\":\"Like\",\"body\":\"[UNAME] likes your profile.\",\"type\":\"add_like\",\"sound\":\"default\",\"referenceId\":\"8\"}', 'add_like', 0, 1, 0, 1, '2019-05-01 08:43:33', '0000-00-00 00:00:00'),
(788, 8, 15, '{\"title\":\"Request Accepted\",\"body\":\"[UNAME] has accepted your friend request.\",\"type\":\"accept_request\",\"sound\":\"default\",\"referenceId\":\"8\"}', 'accept_request', 0, 1, 0, 1, '2019-05-01 08:43:41', '0000-00-00 00:00:00'),
(789, 8, 15, '{\"title\":\"New Appointment\",\"body\":\"[UNAME] has created appointment with you.\",\"type\":\"create_appointment\",\"sound\":\"default\",\"referenceId\":62}', 'create_appointment', 0, 1, 0, 1, '2019-05-01 14:14:54', '0000-00-00 00:00:00'),
(790, 15, 8, '{\"title\":\"Counter\",\"body\":\"[UNAME] has applied counter on your appointment.\",\"type\":\"apply_counter\",\"sound\":\"default\",\"referenceId\":\"62\"}', 'apply_counter', 0, 1, 1, 1, '2019-05-01 14:15:06', '0000-00-00 00:00:00'),
(791, 8, 15, '{\"title\":\"Counter\",\"body\":\"[UNAME] has rejected your counter for appointment.\",\"type\":\"update_counter\",\"sound\":\"default\",\"referenceId\":\"62\"}', 'update_counter', 0, 1, 0, 1, '2019-05-01 14:15:21', '0000-00-00 00:00:00'),
(792, 8, 7, '{\"title\":\"Counter\",\"body\":\"[UNAME] has rejected your counter for appointment.\",\"type\":\"update_counter\",\"sound\":\"default\",\"referenceId\":\"57\"}', 'update_counter', 0, 1, 0, 1, '2019-05-01 14:16:28', '0000-00-00 00:00:00'),
(793, 15, 16, '{\"title\":\"New Appointment\",\"body\":\"[UNAME] has created appointment with you.\",\"type\":\"create_appointment\",\"sound\":\"default\",\"referenceId\":63}', 'create_appointment', 0, 1, 1, 1, '2019-05-01 14:17:04', '0000-00-00 00:00:00'),
(794, 8, 16, '{\"title\":\"New Appointment\",\"body\":\"[UNAME] has created appointment with you.\",\"type\":\"create_appointment\",\"sound\":\"default\",\"referenceId\":64}', 'create_appointment', 0, 1, 1, 1, '2019-05-01 14:17:13', '0000-00-00 00:00:00'),
(795, 15, 16, '{\"title\":\"Request Accepted\",\"body\":\"[UNAME] has accepted your friend request.\",\"type\":\"accept_request\",\"sound\":\"default\",\"referenceId\":\"15\"}', 'accept_request', 0, 1, 1, 1, '2019-05-01 08:47:21', '0000-00-00 00:00:00'),
(796, 16, 15, '{\"title\":\"Counter\",\"body\":\"[UNAME] has applied counter on your appointment.\",\"type\":\"apply_counter\",\"sound\":\"default\",\"referenceId\":\"63\"}', 'apply_counter', 0, 1, 0, 1, '2019-05-01 14:17:46', '0000-00-00 00:00:00'),
(797, 16, 15, '{\"title\":\"New Appointment\",\"body\":\"[UNAME] has created appointment with you.\",\"type\":\"create_appointment\",\"sound\":\"default\",\"referenceId\":65}', 'create_appointment', 0, 1, 0, 1, '2019-05-01 14:19:15', '0000-00-00 00:00:00'),
(798, 15, 16, '{\"title\":\"Counter\",\"body\":\"[UNAME] has applied counter on your appointment.\",\"type\":\"apply_counter\",\"sound\":\"default\",\"referenceId\":\"65\"}', 'apply_counter', 0, 1, 1, 1, '2019-05-01 14:19:32', '0000-00-00 00:00:00'),
(799, 15, 16, '{\"title\":\"New Appointment\",\"body\":\"[UNAME] has created appointment with you.\",\"type\":\"create_appointment\",\"sound\":\"default\",\"referenceId\":66}', 'create_appointment', 0, 1, 1, 1, '2019-05-01 14:24:00', '0000-00-00 00:00:00'),
(800, 16, 15, '{\"title\":\"Counter\",\"body\":\"[UNAME] has applied counter on your appointment.\",\"type\":\"apply_counter\",\"sound\":\"default\",\"referenceId\":\"66\"}', 'apply_counter', 0, 1, 0, 1, '2019-05-01 14:24:25', '0000-00-00 00:00:00'),
(801, 8, 16, '{\"title\":\"New Appointment\",\"body\":\"[UNAME] has created appointment with you.\",\"type\":\"create_appointment\",\"sound\":\"default\",\"referenceId\":67}', 'create_appointment', 0, 1, 1, 1, '2019-05-01 14:26:46', '0000-00-00 00:00:00'),
(802, 16, 8, '{\"title\":\"Counter\",\"body\":\"[UNAME] has applied counter on your appointment.\",\"type\":\"apply_counter\",\"sound\":\"default\",\"referenceId\":\"67\"}', 'apply_counter', 0, 1, 1, 1, '2019-05-01 14:27:07', '0000-00-00 00:00:00'),
(803, 16, 8, '{\"title\":\"New Appointment\",\"body\":\"[UNAME] has created appointment with you.\",\"type\":\"create_appointment\",\"sound\":\"default\",\"referenceId\":68}', 'create_appointment', 0, 1, 1, 1, '2019-05-01 14:31:53', '0000-00-00 00:00:00'),
(804, 8, 16, '{\"title\":\"Counter\",\"body\":\"[UNAME] has applied counter on your appointment.\",\"type\":\"apply_counter\",\"sound\":\"default\",\"referenceId\":\"68\"}', 'apply_counter', 0, 1, 1, 1, '2019-05-01 14:37:53', '0000-00-00 00:00:00'),
(805, 16, 8, '{\"title\":\"Delete Appointment\",\"body\":\"[UNAME]Appointment deleted successfully\",\"type\":\"delete_appointment\",\"sound\":\"default\",\"referenceId\":\"68\"}', 'delete_appointment', 0, 1, 1, 1, '2019-05-01 14:38:14', '0000-00-00 00:00:00'),
(806, 13, 9, '{\"title\":\"Join Event\",\"body\":\"[UNAME] joined your event : [ENAME].\",\"type\":\"join_event\",\"sound\":\"default\",\"referenceId\":\"69\",\"compId\":\"\",\"eventMemId\":\"361\",\"createrId\":\"9\"}', 'join_event', 69, 1, 0, 1, '2019-05-01 14:54:31', '0000-00-00 00:00:00'),
(807, 13, 13, '{\"title\":\"Event Reviews\",\"body\":\"[UNAME] has given you a review.\",\"type\":\"review_appointment\",\"sound\":\"default\",\"referenceId\":\"43\"}', 'review_appointment', 0, 1, 0, 1, '2019-05-01 14:55:04', '0000-00-00 00:00:00'),
(808, 11, 11, '{\"title\":\"Event Reviews\",\"body\":\"[UNAME] has given you a review.\",\"type\":\"review_appointment\",\"sound\":\"default\",\"referenceId\":\"22\"}', 'review_appointment', 0, 1, 1, 1, '2019-05-01 14:56:44', '0000-00-00 00:00:00'),
(809, 11, 9, '{\"title\":\"Join Event\",\"body\":\"[UNAME] joined your event : [ENAME].\",\"type\":\"join_event\",\"sound\":\"default\",\"referenceId\":\"69\",\"compId\":\"\",\"eventMemId\":\"357\",\"createrId\":\"9\"}', 'join_event', 69, 1, 0, 1, '2019-05-01 14:58:51', '0000-00-00 00:00:00'),
(810, 10, 6, '{\"title\":\"Recomendaciones de eventos\",\"body\":\"[UNAME] has given you a review.\",\"type\":\"review_appointment\",\"sound\":\"default\",\"referenceId\":\"19\"}', 'review_appointment', 0, 0, 1, 1, '2019-05-01 14:59:56', '0000-00-00 00:00:00'),
(811, 5, 13, '{\"title\":\"Join Event\",\"body\":\"[UNAME] joined your event : [ENAME].\",\"type\":\"join_event\",\"sound\":\"default\",\"referenceId\":\"27\",\"compId\":\"\",\"eventMemId\":\"136\",\"createrId\":\"13\"}', 'join_event', 27, 1, 0, 1, '2019-05-01 15:01:43', '0000-00-00 00:00:00'),
(812, 16, 15, '{\"title\":\"Update Appointment\",\"body\":\"[UNAME] has modified appointment with you.\",\"type\":\"update_appointment\",\"sound\":\"default\",\"referenceId\":\"65\"}', 'update_appointment', 0, 1, 0, 1, '2019-05-01 15:03:29', '0000-00-00 00:00:00'),
(813, 16, 8, '{\"title\":\"New Appointment\",\"body\":\"[UNAME] has created appointment with you.\",\"type\":\"create_appointment\",\"sound\":\"default\",\"referenceId\":69}', 'create_appointment', 0, 1, 1, 1, '2019-05-01 15:04:09', '0000-00-00 00:00:00'),
(814, 5, 5, '{\"title\":\"Event Reviews\",\"body\":\"[UNAME] has given you a review.\",\"type\":\"review_appointment\",\"sound\":\"default\",\"referenceId\":\"29\"}', 'review_appointment', 0, 1, 0, 1, '2019-05-01 15:06:21', '0000-00-00 00:00:00'),
(815, 5, 13, '{\"title\":\"Join Event\",\"body\":\"[UNAME] joined your event : [ENAME].\",\"type\":\"join_event\",\"sound\":\"default\",\"referenceId\":\"43\",\"compId\":\"\",\"eventMemId\":\"203\",\"createrId\":\"13\"}', 'join_event', 43, 1, 0, 1, '2019-05-01 15:08:39', '0000-00-00 00:00:00'),
(816, 8, 16, '{\"title\":\"Counter\",\"body\":\"[UNAME] has applied counter on your appointment.\",\"type\":\"apply_counter\",\"sound\":\"default\",\"referenceId\":\"69\"}', 'apply_counter', 0, 1, 1, 1, '2019-05-01 15:12:54', '0000-00-00 00:00:00'),
(817, 16, 8, '{\"title\":\"New Appointment\",\"body\":\"[UNAME] has created appointment with you.\",\"type\":\"create_appointment\",\"sound\":\"default\",\"referenceId\":70}', 'create_appointment', 0, 1, 1, 1, '2019-05-01 15:13:58', '0000-00-00 00:00:00'),
(818, 16, 8, '{\"title\":\"Update Appointment\",\"body\":\"[UNAME] has modified appointment with you.\",\"type\":\"update_appointment\",\"sound\":\"default\",\"referenceId\":\"70\"}', 'update_appointment', 0, 1, 1, 1, '2019-05-01 15:14:57', '0000-00-00 00:00:00'),
(819, 8, 16, '{\"title\":\"New Appointment\",\"body\":\"[UNAME] has created appointment with you.\",\"type\":\"create_appointment\",\"sound\":\"default\",\"referenceId\":71}', 'create_appointment', 0, 1, 1, 1, '2019-05-01 15:15:34', '0000-00-00 00:00:00'),
(820, 16, 8, '{\"title\":\"New Appointment\",\"body\":\"[UNAME] has created appointment with you.\",\"type\":\"create_appointment\",\"sound\":\"default\",\"referenceId\":72}', 'create_appointment', 0, 1, 1, 1, '2019-05-01 15:16:40', '0000-00-00 00:00:00'),
(821, 16, 8, '{\"title\":\"Update Appointment\",\"body\":\"[UNAME] has modified appointment with you.\",\"type\":\"update_appointment\",\"sound\":\"default\",\"referenceId\":\"72\"}', 'update_appointment', 0, 1, 1, 1, '2019-05-01 15:17:16', '0000-00-00 00:00:00'),
(822, 8, 16, '{\"title\":\"Counter\",\"body\":\"[UNAME] has applied counter on your appointment.\",\"type\":\"apply_counter\",\"sound\":\"default\",\"referenceId\":\"72\"}', 'apply_counter', 0, 1, 1, 1, '2019-05-01 15:17:43', '0000-00-00 00:00:00'),
(823, 16, 8, '{\"title\":\"New Appointment\",\"body\":\"[UNAME] has created appointment with you.\",\"type\":\"create_appointment\",\"sound\":\"default\",\"referenceId\":73}', 'create_appointment', 0, 1, 1, 1, '2019-05-01 15:38:01', '0000-00-00 00:00:00'),
(824, 16, 8, '{\"title\":\"Update Appointment\",\"body\":\"[UNAME] has modified appointment with you.\",\"type\":\"update_appointment\",\"sound\":\"default\",\"referenceId\":\"73\"}', 'update_appointment', 0, 1, 1, 1, '2019-05-01 15:38:19', '0000-00-00 00:00:00'),
(825, 8, 16, '{\"title\":\"Counter\",\"body\":\"[UNAME] has applied counter on your appointment.\",\"type\":\"apply_counter\",\"sound\":\"default\",\"referenceId\":\"73\"}', 'apply_counter', 0, 1, 1, 1, '2019-05-01 15:38:36', '0000-00-00 00:00:00'),
(826, 16, 8, '{\"title\":\"Counter\",\"body\":\"[UNAME] has accepted your counter for appointment.\",\"type\":\"update_counter\",\"sound\":\"default\",\"referenceId\":\"73\"}', 'update_counter', 0, 1, 1, 1, '2019-05-01 15:39:02', '0000-00-00 00:00:00'),
(827, 16, 8, '{\"title\":\"Counter\",\"body\":\"[UNAME] has accepted your counter for appointment.\",\"type\":\"update_counter\",\"sound\":\"default\",\"referenceId\":\"72\"}', 'update_counter', 0, 1, 1, 1, '2019-05-01 15:39:27', '0000-00-00 00:00:00'),
(828, 8, 16, '{\"title\":\"Counter\",\"body\":\"[UNAME] has accepted your counter for appointment.\",\"type\":\"update_counter\",\"sound\":\"default\",\"referenceId\":\"67\"}', 'update_counter', 0, 1, 1, 1, '2019-05-01 15:40:55', '0000-00-00 00:00:00'),
(829, 15, 8, '{\"title\":\"New Appointment\",\"body\":\"[UNAME] has created appointment with you.\",\"type\":\"create_appointment\",\"sound\":\"default\",\"referenceId\":74}', 'create_appointment', 0, 1, 1, 1, '2019-05-01 15:42:15', '0000-00-00 00:00:00'),
(830, 8, 15, '{\"title\":\"Counter\",\"body\":\"[UNAME] has applied counter on your appointment.\",\"type\":\"apply_counter\",\"sound\":\"default\",\"referenceId\":\"74\"}', 'apply_counter', 0, 1, 0, 1, '2019-05-01 15:42:26', '0000-00-00 00:00:00'),
(831, 15, 8, '{\"title\":\"Counter\",\"body\":\"[UNAME] has accepted your counter for appointment.\",\"type\":\"update_counter\",\"sound\":\"default\",\"referenceId\":\"74\"}', 'update_counter', 0, 1, 1, 1, '2019-05-01 15:42:38', '0000-00-00 00:00:00'),
(832, 15, 16, '{\"title\":\"New Appointment\",\"body\":\"[UNAME] has created appointment with you.\",\"type\":\"create_appointment\",\"sound\":\"default\",\"referenceId\":75}', 'create_appointment', 0, 1, 1, 1, '2019-05-01 15:45:21', '0000-00-00 00:00:00'),
(833, 16, 15, '{\"title\":\"Counter\",\"body\":\"[UNAME] has applied counter on your appointment.\",\"type\":\"apply_counter\",\"sound\":\"default\",\"referenceId\":\"75\"}', 'apply_counter', 0, 1, 0, 1, '2019-05-01 15:45:55', '0000-00-00 00:00:00'),
(834, 15, 16, '{\"title\":\"Counter\",\"body\":\"[UNAME] has accepted your counter for appointment.\",\"type\":\"update_counter\",\"sound\":\"default\",\"referenceId\":\"75\"}', 'update_counter', 0, 1, 1, 1, '2019-05-01 15:46:12', '0000-00-00 00:00:00'),
(835, 5, 11, '{\"title\":\"New Appointment\",\"body\":\"[UNAME] has created appointment with you.\",\"type\":\"create_appointment\",\"sound\":\"default\",\"referenceId\":76}', 'create_appointment', 0, 1, 1, 1, '2019-05-01 15:47:10', '0000-00-00 00:00:00'),
(836, 16, 8, '{\"title\":\"Counter\",\"body\":\"[UNAME] has accepted your counter for appointment.\",\"type\":\"update_counter\",\"sound\":\"default\",\"referenceId\":\"69\"}', 'update_counter', 0, 1, 1, 1, '2019-05-01 15:47:19', '0000-00-00 00:00:00'),
(837, 11, 5, '{\"title\":\"Appointment confirmed\",\"body\":\"[UNAME] has confirmed your appointment.\",\"type\":\"confirmed_appointment\",\"sound\":\"default\",\"referenceId\":\"76\"}', 'confirmed_appointment', 0, 1, 0, 1, '2019-05-01 15:48:07', '0000-00-00 00:00:00'),
(838, 5, 11, '{\"title\":\"Finish Appointment\",\"body\":\"[UNAME]Appointment finished successfully\",\"type\":\"finish_appointment\",\"sound\":\"default\",\"referenceId\":\"76\"}', 'finish_appointment', 0, 1, 1, 1, '2019-05-01 15:48:43', '0000-00-00 00:00:00'),
(839, 11, 5, '{\"title\":\"Appointment Reviews\",\"body\":\"[UNAME] has given you a review.\",\"type\":\"review_appointment\",\"sound\":\"default\",\"referenceId\":\"76\"}', 'review_appointment', 0, 1, 0, 1, '2019-05-01 15:49:04', '0000-00-00 00:00:00'),
(840, 5, 11, '{\"title\":\"Appointment Reviews\",\"body\":\"[UNAME] has given you a review.\",\"type\":\"review_appointment\",\"sound\":\"default\",\"referenceId\":\"76\"}', 'review_appointment', 0, 1, 1, 1, '2019-05-01 15:49:11', '0000-00-00 00:00:00'),
(841, 5, 11, '{\"title\":\"Delete Appointment\",\"body\":\"[UNAME]Appointment deleted successfully\",\"type\":\"delete_appointment\",\"sound\":\"default\",\"referenceId\":\"76\"}', 'delete_appointment', 0, 1, 1, 1, '2019-05-01 15:50:36', '0000-00-00 00:00:00'),
(842, 8, 16, '{\"title\":\"Counter\",\"body\":\"[UNAME] has applied counter on your appointment.\",\"type\":\"apply_counter\",\"sound\":\"default\",\"referenceId\":\"70\"}', 'apply_counter', 0, 1, 1, 1, '2019-05-01 15:51:56', '0000-00-00 00:00:00'),
(843, 16, 8, '{\"title\":\"Appointment Payment\",\"body\":\"[UNAME] paid for your appointment.\",\"type\":\"appointment_payment\",\"sound\":\"default\",\"referenceId\":\"69\"}', 'appointment_payment', 0, 1, 1, 1, '2019-05-01 15:56:16', '0000-00-00 00:00:00'),
(844, 16, 8, '{\"title\":\"Finished Appointment\",\"body\":\"[UNAME]Appointment finished successfully\",\"type\":\"finish_appointment\",\"sound\":\"default\",\"referenceId\":\"69\"}', 'finish_appointment', 0, 1, 1, 1, '2019-05-01 15:56:25', '0000-00-00 00:00:00'),
(845, 8, 16, '{\"title\":\"Appointment Reviews\",\"body\":\"[UNAME] has given you a review.\",\"type\":\"review_appointment\",\"sound\":\"default\",\"referenceId\":\"69\"}', 'review_appointment', 0, 1, 1, 1, '2019-05-01 15:57:43', '0000-00-00 00:00:00'),
(847, 5, 13, '{\"title\":\"Event Reviews\",\"body\":\"[UNAME] has given you a review.\",\"type\":\"review_appointment\",\"sound\":\"default\",\"referenceId\":\"27\"}', 'review_appointment', 0, 1, 0, 1, '2019-05-01 16:02:35', '0000-00-00 00:00:00'),
(848, 6, 3, '{\"title\":\"Companion Accept\",\"body\":\"[UNAME] accepted your event request.\",\"type\":\"companion_accept\",\"sound\":\"default\",\"referenceId\":\"70\",\"compId\":\"\",\"eventMemId\":\"367\",\"createrId\":\"16\"}', 'companion_accept', 70, 1, 0, 1, '2019-05-01 16:21:09', '0000-00-00 00:00:00'),
(850, 16, 8, '{\"title\":\"New Appointment\",\"body\":\"[UNAME] has created appointment with you.\",\"type\":\"create_appointment\",\"sound\":\"default\",\"referenceId\":77}', 'create_appointment', 0, 1, 1, 1, '2019-05-01 16:26:28', '0000-00-00 00:00:00'),
(851, 16, 8, '{\"title\":\"New Appointment\",\"body\":\"[UNAME] has created appointment with you.\",\"type\":\"create_appointment\",\"sound\":\"default\",\"referenceId\":78}', 'create_appointment', 0, 1, 1, 1, '2019-05-01 16:29:09', '0000-00-00 00:00:00'),
(852, 8, 16, '{\"title\":\"Counter\",\"body\":\"[UNAME] has applied counter on your appointment.\",\"type\":\"apply_counter\",\"sound\":\"default\",\"referenceId\":\"78\"}', 'apply_counter', 0, 1, 1, 1, '2019-05-01 16:29:31', '0000-00-00 00:00:00'),
(853, 16, 8, '{\"title\":\"Counter\",\"body\":\"[UNAME] has accepted your counter for appointment.\",\"type\":\"update_counter\",\"sound\":\"default\",\"referenceId\":\"78\"}', 'update_counter', 0, 1, 1, 1, '2019-05-01 16:29:50', '0000-00-00 00:00:00'),
(854, 8, 10, '{\"title\":\"New Event\",\"body\":\"[UNAME] invited you to attend an event : [ENAME].\",\"type\":\"create_event\",\"sound\":\"default\",\"referenceId\":\"47\",\"compId\":\"\",\"eventMemId\":\"235\",\"createrId\":\"8\"}', 'create_event', 47, 1, 1, 1, '2019-05-01 16:33:24', '0000-00-00 00:00:00'),
(855, 8, 16, '{\"title\":\"New Event\",\"body\":\"[UNAME] invited you to attend an event : [ENAME].\",\"type\":\"create_event\",\"sound\":\"default\",\"referenceId\":\"47\",\"compId\":\"\",\"eventMemId\":\"236\",\"createrId\":\"8\"}', 'create_event', 47, 1, 1, 1, '2019-05-01 16:33:24', '0000-00-00 00:00:00'),
(856, 8, 15, '{\"title\":\"New Event\",\"body\":\"[UNAME] invited you to attend an event : [ENAME].\",\"type\":\"create_event\",\"sound\":\"default\",\"referenceId\":\"47\",\"compId\":\"\",\"eventMemId\":\"237\",\"createrId\":\"8\"}', 'create_event', 47, 1, 0, 1, '2019-05-01 16:33:24', '0000-00-00 00:00:00'),
(857, 8, 18, '{\"title\":\"New Event\",\"body\":\"[UNAME] invited you to attend an event : [ENAME].\",\"type\":\"create_event\",\"sound\":\"default\",\"referenceId\":\"47\",\"compId\":\"\",\"eventMemId\":\"238\",\"createrId\":\"8\"}', 'create_event', 47, 1, 0, 1, '2019-05-01 16:33:24', '0000-00-00 00:00:00'),
(858, 8, 7, '{\"title\":\"New Event\",\"body\":\"[UNAME] invited you to attend an event : [ENAME].\",\"type\":\"create_event\",\"sound\":\"default\",\"referenceId\":\"47\",\"compId\":\"\",\"eventMemId\":\"370\",\"createrId\":\"8\"}', 'create_event', 47, 1, 0, 1, '2019-05-01 16:33:25', '0000-00-00 00:00:00'),
(859, 8, 15, '{\"title\":\"New Appointment\",\"body\":\"[UNAME] has created appointment with you.\",\"type\":\"create_appointment\",\"sound\":\"default\",\"referenceId\":79}', 'create_appointment', 0, 1, 0, 1, '2019-05-01 16:51:50', '0000-00-00 00:00:00'),
(860, 15, 8, '{\"title\":\"Appointment confirmed\",\"body\":\"[UNAME] has confirmed your appointment.\",\"type\":\"confirmed_appointment\",\"sound\":\"default\",\"referenceId\":\"79\"}', 'confirmed_appointment', 0, 1, 1, 1, '2019-05-01 16:52:13', '0000-00-00 00:00:00'),
(861, 8, 15, '{\"title\":\"Finish Appointment\",\"body\":\"[UNAME]Appointment finished successfully\",\"type\":\"finish_appointment\",\"sound\":\"default\",\"referenceId\":\"79\"}', 'finish_appointment', 0, 1, 0, 1, '2019-05-01 16:55:15', '0000-00-00 00:00:00'),
(862, 8, 15, '{\"title\":\"Appointment Reviews\",\"body\":\"[UNAME] has given you a review.\",\"type\":\"review_appointment\",\"sound\":\"default\",\"referenceId\":\"79\"}', 'review_appointment', 0, 1, 0, 1, '2019-05-01 16:55:57', '0000-00-00 00:00:00'),
(863, 15, 8, '{\"title\":\"Appointment Reviews\",\"body\":\"[UNAME] has given you a review.\",\"type\":\"review_appointment\",\"sound\":\"default\",\"referenceId\":\"79\"}', 'review_appointment', 0, 1, 1, 1, '2019-05-01 16:57:37', '0000-00-00 00:00:00'),
(879, 3, 6, '{\"title\":\"Favorite\",\"body\":\"[UNAME]  added you as a favorite.\",\"type\":\"add_favorite\",\"sound\":\"default\",\"referenceId\":\"3\"}', 'add_favorite', 0, 1, 1, 1, '2019-05-01 12:06:26', '0000-00-00 00:00:00'),
(880, 3, 8, '{\"title\":\"New Event\",\"body\":\"[UNAME][ENAME].\",\"type\":\"create_event\",\"sound\":\"default\",\"referenceId\":\"52\",\"compId\":\"\",\"eventMemId\":\"263\",\"createrId\":\"3\"}', 'create_event', 52, 1, 1, 1, '2019-05-01 17:38:58', '0000-00-00 00:00:00'),
(881, 3, 4, '{\"title\":\"New Event\",\"body\":\"[UNAME][ENAME].\",\"type\":\"create_event\",\"sound\":\"default\",\"referenceId\":\"52\",\"compId\":\"\",\"eventMemId\":\"264\",\"createrId\":\"3\"}', 'create_event', 52, 1, 0, 1, '2019-05-01 17:38:58', '0000-00-00 00:00:00'),
(882, 3, 10, '{\"title\":\"New Event\",\"body\":\"[UNAME][ENAME].\",\"type\":\"create_event\",\"sound\":\"default\",\"referenceId\":\"52\",\"compId\":\"\",\"eventMemId\":\"266\",\"createrId\":\"3\"}', 'create_event', 52, 1, 1, 1, '2019-05-01 17:38:59', '0000-00-00 00:00:00'),
(883, 3, 15, '{\"title\":\"New Event\",\"body\":\"[UNAME][ENAME].\",\"type\":\"create_event\",\"sound\":\"default\",\"referenceId\":\"52\",\"compId\":\"\",\"eventMemId\":\"267\",\"createrId\":\"3\"}', 'create_event', 52, 1, 0, 1, '2019-05-01 17:38:59', '0000-00-00 00:00:00'),
(884, 3, 16, '{\"title\":\"New Event\",\"body\":\"[UNAME][ENAME].\",\"type\":\"create_event\",\"sound\":\"default\",\"referenceId\":\"52\",\"compId\":\"\",\"eventMemId\":\"268\",\"createrId\":\"3\"}', 'create_event', 52, 1, 1, 1, '2019-05-01 17:38:59', '0000-00-00 00:00:00'),
(885, 3, 19, '{\"title\":\"New Event\",\"body\":\"[UNAME][ENAME].\",\"type\":\"create_event\",\"sound\":\"default\",\"referenceId\":\"52\",\"compId\":\"\",\"eventMemId\":\"269\",\"createrId\":\"3\"}', 'create_event', 52, 1, 0, 1, '2019-05-01 17:38:59', '0000-00-00 00:00:00'),
(886, 3, 20, '{\"title\":\"New Event\",\"body\":\"[UNAME][ENAME].\",\"type\":\"create_event\",\"sound\":\"default\",\"referenceId\":\"52\",\"compId\":\"\",\"eventMemId\":\"270\",\"createrId\":\"3\"}', 'create_event', 52, 1, 0, 1, '2019-05-01 17:38:59', '0000-00-00 00:00:00'),
(887, 3, 17, '{\"title\":\"New Event\",\"body\":\"[UNAME][ENAME].\",\"type\":\"create_event\",\"sound\":\"default\",\"referenceId\":\"52\",\"compId\":\"\",\"eventMemId\":\"272\",\"createrId\":\"3\"}', 'create_event', 52, 1, 0, 1, '2019-05-01 17:39:00', '0000-00-00 00:00:00'),
(888, 3, 7, '{\"title\":\"New Event\",\"body\":\"[UNAME][ENAME].\",\"type\":\"create_event\",\"sound\":\"default\",\"referenceId\":\"52\",\"compId\":\"\",\"eventMemId\":\"351\",\"createrId\":\"3\"}', 'create_event', 52, 1, 0, 1, '2019-05-01 17:39:00', '0000-00-00 00:00:00'),
(889, 16, 15, '{\"title\":\"Request Accepted\",\"body\":\"[UNAME] has accepted your friend request.\",\"type\":\"accept_request\",\"sound\":\"default\",\"referenceId\":\"16\"}', 'accept_request', 0, 1, 0, 1, '2019-05-01 17:45:14', '0000-00-00 00:00:00'),
(890, 16, 3, '{\"title\":\"Favorite\",\"body\":\"[UNAME]  added you as a favorite.\",\"type\":\"add_favorite\",\"sound\":\"default\",\"referenceId\":\"16\"}', 'add_favorite', 0, 1, 0, 1, '2019-05-01 17:49:26', '0000-00-00 00:00:00'),
(891, 16, 12, '{\"title\":\"Favorite\",\"body\":\"[UNAME]  added you as a favorite.\",\"type\":\"add_favorite\",\"sound\":\"default\",\"referenceId\":\"16\"}', 'add_favorite', 0, 1, 0, 1, '2019-05-01 17:49:39', '0000-00-00 00:00:00'),
(892, 16, 17, '{\"title\":\"Favorite\",\"body\":\"[UNAME]  added you as a favorite.\",\"type\":\"add_favorite\",\"sound\":\"default\",\"referenceId\":\"16\"}', 'add_favorite', 0, 1, 0, 1, '2019-05-01 17:49:48', '0000-00-00 00:00:00'),
(893, 8, 21, '{\"title\":\"New Appointment\",\"body\":\"[UNAME]\",\"type\":\"create_appointment\",\"sound\":\"default\",\"referenceId\":80}', 'create_appointment', 0, 1, 0, 1, '2019-05-01 18:08:19', '0000-00-00 00:00:00'),
(894, 8, 21, '{\"title\":\"New Appointment\",\"body\":\"[UNAME]\",\"type\":\"create_appointment\",\"sound\":\"default\",\"referenceId\":81}', 'create_appointment', 0, 1, 0, 1, '2019-05-01 18:08:28', '0000-00-00 00:00:00'),
(895, 8, 21, '{\"title\":\"New Appointment\",\"body\":\"[UNAME]\",\"type\":\"create_appointment\",\"sound\":\"default\",\"referenceId\":82}', 'create_appointment', 0, 1, 0, 1, '2019-05-01 18:08:41', '0000-00-00 00:00:00'),
(896, 8, 16, '{\"title\":\"New Appointment\",\"body\":\"[UNAME]\",\"type\":\"create_appointment\",\"sound\":\"default\",\"referenceId\":83}', 'create_appointment', 0, 1, 1, 1, '2019-05-01 18:13:54', '0000-00-00 00:00:00'),
(897, 16, 6, '{\"title\":\"New Appointment\",\"body\":\"[UNAME] has created appointment with you.\",\"type\":\"create_appointment\",\"sound\":\"default\",\"referenceId\":84}', 'create_appointment', 0, 1, 1, 1, '2019-05-01 18:14:57', '0000-00-00 00:00:00'),
(898, 8, 15, '{\"title\":\"New Appointment\",\"body\":\"[UNAME]\",\"type\":\"create_appointment\",\"sound\":\"default\",\"referenceId\":85}', 'create_appointment', 0, 1, 0, 1, '2019-05-01 18:15:40', '0000-00-00 00:00:00'),
(899, 15, 8, '{\"title\":\"New Appointment\",\"body\":\"[UNAME]\",\"type\":\"create_appointment\",\"sound\":\"default\",\"referenceId\":86}', 'create_appointment', 0, 1, 1, 1, '2019-05-01 18:16:09', '0000-00-00 00:00:00'),
(900, 8, 16, '{\"title\":\"New Appointment\",\"body\":\"[UNAME]\",\"type\":\"create_appointment\",\"sound\":\"default\",\"referenceId\":87}', 'create_appointment', 0, 1, 1, 1, '2019-05-01 18:17:06', '0000-00-00 00:00:00'),
(901, 16, 8, '{\"title\":\"Appointment Reviews\",\"body\":\"[UNAME] has given you a review.\",\"type\":\"review_appointment\",\"sound\":\"default\",\"referenceId\":\"69\"}', 'review_appointment', 0, 1, 1, 1, '2019-05-01 18:38:32', '0000-00-00 00:00:00'),
(902, 16, 8, '{\"title\":\"Join Event\",\"body\":\"[UNAME] joined your event : [ENAME]\",\"type\":\"join_event\",\"sound\":\"default\",\"referenceId\":\"47\",\"compId\":\"\",\"eventMemId\":\"236\",\"createrId\":\"8\"}', 'join_event', 47, 1, 1, 1, '2019-05-01 18:39:06', '0000-00-00 00:00:00'),
(903, 16, 7, '{\"title\":\"Recomendaciones de eventos\",\"body\":\"[UNAME] has given you a review.\",\"type\":\"review_appointment\",\"sound\":\"default\",\"referenceId\":\"64\"}', 'review_appointment', 0, 1, 0, 1, '2019-05-01 18:39:42', '0000-00-00 00:00:00'),
(904, 8, 6, '{\"title\":\"New Appointment\",\"body\":\"[UNAME]\",\"type\":\"create_appointment\",\"sound\":\"default\",\"referenceId\":88}', 'create_appointment', 0, 1, 1, 1, '2019-05-01 18:55:12', '0000-00-00 00:00:00'),
(905, 8, 15, '{\"title\":\"Delete Appointment\",\"body\":\"[UNAME]Appointment deleted successfully\",\"type\":\"delete_appointment\",\"sound\":\"default\",\"referenceId\":\"79\"}', 'delete_appointment', 0, 1, 0, 1, '2019-05-01 18:57:00', '0000-00-00 00:00:00'),
(906, 8, 15, '{\"title\":\"Appointment confirmed\",\"body\":\"[UNAME]\",\"type\":\"confirmed_appointment\",\"sound\":\"default\",\"referenceId\":\"86\"}', 'confirmed_appointment', 0, 1, 0, 1, '2019-05-01 18:57:47', '0000-00-00 00:00:00'),
(907, 8, 16, '{\"title\":\"New Appointment\",\"body\":\"[UNAME]\",\"type\":\"create_appointment\",\"sound\":\"default\",\"referenceId\":89}', 'create_appointment', 0, 1, 1, 1, '2019-05-01 18:59:15', '0000-00-00 00:00:00'),
(908, 8, 15, '{\"title\":\"New Appointment\",\"body\":\"[UNAME]\",\"type\":\"create_appointment\",\"sound\":\"default\",\"referenceId\":90}', 'create_appointment', 0, 1, 0, 1, '2019-05-01 19:00:01', '0000-00-00 00:00:00'),
(909, 15, 8, '{\"title\":\"Counter\",\"body\":\"[UNAME]\",\"type\":\"apply_counter\",\"sound\":\"default\",\"referenceId\":\"90\"}', 'apply_counter', 0, 1, 1, 1, '2019-05-01 19:00:21', '0000-00-00 00:00:00'),
(910, 8, 15, '{\"title\":\"Counter\",\"body\":\"[UNAME]\",\"type\":\"update_counter\",\"sound\":\"default\",\"referenceId\":\"90\"}', 'update_counter', 0, 1, 0, 1, '2019-05-01 19:00:30', '0000-00-00 00:00:00'),
(911, 15, 8, '{\"title\":\"New Appointment\",\"body\":\"[UNAME]\",\"type\":\"create_appointment\",\"sound\":\"default\",\"referenceId\":91}', 'create_appointment', 0, 1, 1, 1, '2019-05-01 19:02:13', '0000-00-00 00:00:00'),
(912, 8, 15, '{\"title\":\"Counter\",\"body\":\"[UNAME]\",\"type\":\"apply_counter\",\"sound\":\"default\",\"referenceId\":\"91\"}', 'apply_counter', 0, 1, 0, 1, '2019-05-01 19:02:27', '0000-00-00 00:00:00'),
(913, 15, 8, '{\"title\":\"Counter\",\"body\":\"[UNAME]\",\"type\":\"update_counter\",\"sound\":\"default\",\"referenceId\":\"91\"}', 'update_counter', 0, 1, 1, 1, '2019-05-01 19:02:44', '0000-00-00 00:00:00'),
(914, 15, 8, '{\"title\":\"Appointment Payment\",\"body\":\"[UNAME]\",\"type\":\"appointment_payment\",\"sound\":\"default\",\"referenceId\":\"91\"}', 'appointment_payment', 0, 1, 1, 1, '2019-05-01 19:04:54', '0000-00-00 00:00:00'),
(915, 15, 8, '{\"title\":\"New Appointment\",\"body\":\"[UNAME]\",\"type\":\"create_appointment\",\"sound\":\"default\",\"referenceId\":92}', 'create_appointment', 0, 1, 1, 1, '2019-05-01 19:08:23', '0000-00-00 00:00:00'),
(916, 8, 15, '{\"title\":\"Appointment confirmed\",\"body\":\"[UNAME]\",\"type\":\"confirmed_appointment\",\"sound\":\"default\",\"referenceId\":\"92\"}', 'confirmed_appointment', 0, 1, 0, 1, '2019-05-01 19:08:33', '0000-00-00 00:00:00'),
(918, 16, 8, '{\"title\":\"New Appointment\",\"body\":\"[UNAME] has created appointment with you.\",\"type\":\"create_appointment\",\"sound\":\"default\",\"referenceId\":93}', 'create_appointment', 0, 1, 1, 1, '2019-05-01 19:11:50', '0000-00-00 00:00:00'),
(919, 8, 16, '{\"title\":\"Counter\",\"body\":\"[UNAME]\",\"type\":\"apply_counter\",\"sound\":\"default\",\"referenceId\":\"93\"}', 'apply_counter', 0, 1, 1, 1, '2019-05-01 19:13:02', '0000-00-00 00:00:00'),
(920, 16, 8, '{\"title\":\"Counter\",\"body\":\"[UNAME] has accepted your counter for appointment.\",\"type\":\"update_counter\",\"sound\":\"default\",\"referenceId\":\"93\"}', 'update_counter', 0, 1, 1, 1, '2019-05-01 19:13:34', '0000-00-00 00:00:00'),
(921, 16, 15, '{\"title\":\"New Appointment\",\"body\":\"[UNAME] has created appointment with you.\",\"type\":\"create_appointment\",\"sound\":\"default\",\"referenceId\":94}', 'create_appointment', 0, 1, 0, 1, '2019-05-01 19:15:34', '0000-00-00 00:00:00'),
(922, 15, 16, '{\"title\":\"Counter\",\"body\":\"[UNAME]\",\"type\":\"apply_counter\",\"sound\":\"default\",\"referenceId\":\"94\"}', 'apply_counter', 0, 1, 1, 1, '2019-05-01 19:15:42', '0000-00-00 00:00:00'),
(923, 16, 15, '{\"title\":\"Counter\",\"body\":\"[UNAME] has accepted your counter for appointment.\",\"type\":\"update_counter\",\"sound\":\"default\",\"referenceId\":\"94\"}', 'update_counter', 0, 1, 0, 1, '2019-05-01 19:21:21', '0000-00-00 00:00:00'),
(924, 8, 16, '{\"title\":\"New Appointment\",\"body\":\"[UNAME]\",\"type\":\"create_appointment\",\"sound\":\"default\",\"referenceId\":95}', 'create_appointment', 0, 1, 1, 1, '2019-05-01 19:23:05', '0000-00-00 00:00:00'),
(925, 16, 8, '{\"title\":\"Counter\",\"body\":\"[UNAME] has applied counter on your appointment.\",\"type\":\"apply_counter\",\"sound\":\"default\",\"referenceId\":\"95\"}', 'apply_counter', 0, 1, 1, 1, '2019-05-01 19:23:26', '0000-00-00 00:00:00'),
(926, 8, 16, '{\"title\":\"Counter\",\"body\":\"[UNAME]\",\"type\":\"update_counter\",\"sound\":\"default\",\"referenceId\":\"95\"}', 'update_counter', 0, 1, 1, 1, '2019-05-01 19:23:48', '0000-00-00 00:00:00'),
(927, 8, 16, '{\"title\":\"Appointment Payment\",\"body\":\"[UNAME]\",\"type\":\"appointment_payment\",\"sound\":\"default\",\"referenceId\":\"95\"}', 'appointment_payment', 0, 1, 1, 1, '2019-05-01 19:24:25', '0000-00-00 00:00:00'),
(928, 3, 16, '{\"title\":false,\"body\":\"[UNAME]\",\"type\":\"review_appointment\",\"sound\":\"default\",\"referenceId\":\"70\"}', 'review_appointment', 0, 1, 1, 1, '2019-05-01 20:14:09', '0000-00-00 00:00:00'),
(929, 13, 14, '{\"title\":\"Friend Request\",\"body\":\"[UNAME] has sent you a friend request.\",\"type\":\"friend_request\",\"sound\":\"default\",\"referenceId\":\"13\"}', 'friend_request', 0, 1, 1, 1, '2019-05-01 14:56:41', '0000-00-00 00:00:00'),
(930, 8, 16, '{\"title\":\"New Appointment\",\"body\":\"[UNAME]\",\"type\":\"create_appointment\",\"sound\":\"default\",\"referenceId\":96}', 'create_appointment', 0, 1, 1, 1, '2019-05-02 12:50:54', '0000-00-00 00:00:00'),
(931, 8, 21, '{\"title\":\"New Appointment\",\"body\":\"[UNAME]\",\"type\":\"create_appointment\",\"sound\":\"default\",\"referenceId\":97}', 'create_appointment', 0, 1, 0, 1, '2019-05-02 12:54:02', '0000-00-00 00:00:00'),
(932, 8, 21, '{\"title\":\"New Appointment\",\"body\":\"[UNAME]\",\"type\":\"create_appointment\",\"sound\":\"default\",\"referenceId\":98}', 'create_appointment', 0, 1, 0, 1, '2019-05-02 14:20:06', '0000-00-00 00:00:00'),
(933, 8, 16, '{\"title\":\"New Appointment\",\"body\":\"[UNAME]\",\"type\":\"create_appointment\",\"sound\":\"default\",\"referenceId\":99}', 'create_appointment', 0, 1, 1, 1, '2019-05-02 14:22:15', '0000-00-00 00:00:00'),
(934, 8, 15, '{\"title\":\"New Appointment\",\"body\":\"[UNAME]\",\"type\":\"create_appointment\",\"sound\":\"default\",\"referenceId\":100}', 'create_appointment', 0, 1, 0, 1, '2019-05-02 14:31:38', '0000-00-00 00:00:00'),
(935, 8, 15, '{\"title\":\"New Appointment\",\"body\":\"[UNAME]\",\"type\":\"create_appointment\",\"sound\":\"default\",\"referenceId\":101}', 'create_appointment', 0, 1, 0, 1, '2019-05-02 14:46:43', '0000-00-00 00:00:00'),
(936, 8, 21, '{\"title\":\"New Appointment\",\"body\":\"[UNAME]\",\"type\":\"create_appointment\",\"sound\":\"default\",\"referenceId\":102}', 'create_appointment', 0, 1, 0, 1, '2019-05-02 14:47:12', '0000-00-00 00:00:00'),
(937, 8, 15, '{\"title\":\"New Appointment\",\"body\":\"[UNAME]\",\"type\":\"create_appointment\",\"sound\":\"default\",\"referenceId\":103}', 'create_appointment', 0, 1, 0, 1, '2019-05-02 15:00:26', '0000-00-00 00:00:00'),
(938, 15, 8, '{\"title\":\"Counter\",\"body\":\"[UNAME]\",\"type\":\"apply_counter\",\"sound\":\"default\",\"referenceId\":\"103\"}', 'apply_counter', 0, 1, 1, 1, '2019-05-02 15:00:43', '0000-00-00 00:00:00'),
(939, 8, 15, '{\"title\":\"Counter\",\"body\":\"[UNAME]\",\"type\":\"update_counter\",\"sound\":\"default\",\"referenceId\":\"103\"}', 'update_counter', 0, 1, 0, 1, '2019-05-02 15:01:15', '0000-00-00 00:00:00'),
(940, 3, 15, '{\"title\":\"New Appointment\",\"body\":\"[UNAME]\",\"type\":\"create_appointment\",\"sound\":\"default\",\"referenceId\":104}', 'create_appointment', 0, 1, 0, 1, '2019-05-02 15:04:55', '0000-00-00 00:00:00'),
(941, 15, 3, '{\"title\":\"Appointment confirmed\",\"body\":\"[UNAME]\",\"type\":\"confirmed_appointment\",\"sound\":\"default\",\"referenceId\":\"104\"}', 'confirmed_appointment', 0, 1, 0, 1, '2019-05-02 15:05:25', '0000-00-00 00:00:00'),
(942, 3, 15, '{\"title\":\"Appointment Payment\",\"body\":\"[UNAME]\",\"type\":\"appointment_payment\",\"sound\":\"default\",\"referenceId\":\"104\"}', 'appointment_payment', 0, 1, 0, 1, '2019-05-02 15:06:14', '0000-00-00 00:00:00'),
(943, 3, 15, '{\"title\":\"Finish Appointment\",\"body\":\"[UNAME]Appointment finished successfully\",\"type\":\"finish_appointment\",\"sound\":\"default\",\"referenceId\":\"104\"}', 'finish_appointment', 0, 1, 0, 1, '2019-05-02 15:06:23', '0000-00-00 00:00:00'),
(944, 15, 3, '{\"title\":\"Appointment Reviews\",\"body\":\"[UNAME]\",\"type\":\"review_appointment\",\"sound\":\"default\",\"referenceId\":\"104\"}', 'review_appointment', 0, 1, 0, 1, '2019-05-02 15:07:03', '0000-00-00 00:00:00'),
(945, 3, 15, '{\"title\":\"Appointment Reviews\",\"body\":\"[UNAME]\",\"type\":\"review_appointment\",\"sound\":\"default\",\"referenceId\":\"104\"}', 'review_appointment', 0, 1, 0, 1, '2019-05-02 15:07:20', '0000-00-00 00:00:00'),
(946, 15, 16, '{\"title\":\"New Event\",\"body\":\"[UNAME] invited you to attend an event : [ENAME].\",\"type\":\"create_event\",\"sound\":\"default\",\"referenceId\":\"71\",\"compId\":\"\",\"eventMemId\":\"371\",\"createrId\":\"15\"}', 'create_event', 71, 1, 1, 1, '2019-05-02 15:49:36', '0000-00-00 00:00:00'),
(947, 15, 21, '{\"title\":\"New Event\",\"body\":\"[UNAME] invited you to attend an event : [ENAME].\",\"type\":\"create_event\",\"sound\":\"default\",\"referenceId\":\"71\",\"compId\":\"\",\"eventMemId\":\"372\",\"createrId\":\"15\"}', 'create_event', 71, 1, 0, 1, '2019-05-02 15:49:36', '0000-00-00 00:00:00'),
(948, 15, 18, '{\"title\":\"New Event\",\"body\":\"[UNAME] invited you to attend an event : [ENAME].\",\"type\":\"create_event\",\"sound\":\"default\",\"referenceId\":\"71\",\"compId\":\"\",\"eventMemId\":\"373\",\"createrId\":\"15\"}', 'create_event', 71, 1, 1, 1, '2019-05-02 15:49:36', '0000-00-00 00:00:00'),
(949, 15, 8, '{\"title\":\"New Event\",\"body\":\"[UNAME] invited you to attend an event : [ENAME].\",\"type\":\"create_event\",\"sound\":\"default\",\"referenceId\":\"71\",\"compId\":\"\",\"eventMemId\":\"374\",\"createrId\":\"15\"}', 'create_event', 71, 1, 1, 1, '2019-05-02 15:49:36', '0000-00-00 00:00:00'),
(950, 15, 7, '{\"title\":\"New Event\",\"body\":\"[UNAME] invited you to attend an event : [ENAME].\",\"type\":\"create_event\",\"sound\":\"default\",\"referenceId\":\"71\",\"compId\":\"\",\"eventMemId\":\"375\",\"createrId\":\"15\"}', 'create_event', 71, 1, 0, 1, '2019-05-02 15:49:36', '0000-00-00 00:00:00'),
(951, 15, 16, '{\"title\":\"New Event\",\"body\":\"[UNAME] invited you to attend an event : [ENAME].\",\"type\":\"create_event\",\"sound\":\"default\",\"referenceId\":\"71\",\"compId\":\"\",\"eventMemId\":\"371\",\"createrId\":\"15\"}', 'create_event', 71, 1, 1, 1, '2019-05-02 15:50:39', '0000-00-00 00:00:00'),
(952, 15, 21, '{\"title\":\"New Event\",\"body\":\"[UNAME] invited you to attend an event : [ENAME].\",\"type\":\"create_event\",\"sound\":\"default\",\"referenceId\":\"71\",\"compId\":\"\",\"eventMemId\":\"372\",\"createrId\":\"15\"}', 'create_event', 71, 1, 0, 1, '2019-05-02 15:50:39', '0000-00-00 00:00:00'),
(953, 15, 18, '{\"title\":\"New Event\",\"body\":\"[UNAME] invited you to attend an event : [ENAME].\",\"type\":\"create_event\",\"sound\":\"default\",\"referenceId\":\"71\",\"compId\":\"\",\"eventMemId\":\"373\",\"createrId\":\"15\"}', 'create_event', 71, 1, 1, 1, '2019-05-02 15:50:39', '0000-00-00 00:00:00'),
(954, 15, 8, '{\"title\":\"New Event\",\"body\":\"[UNAME] invited you to attend an event : [ENAME].\",\"type\":\"create_event\",\"sound\":\"default\",\"referenceId\":\"71\",\"compId\":\"\",\"eventMemId\":\"374\",\"createrId\":\"15\"}', 'create_event', 71, 1, 1, 1, '2019-05-02 15:50:39', '0000-00-00 00:00:00'),
(955, 15, 7, '{\"title\":\"New Event\",\"body\":\"[UNAME] invited you to attend an event : [ENAME].\",\"type\":\"create_event\",\"sound\":\"default\",\"referenceId\":\"71\",\"compId\":\"\",\"eventMemId\":\"375\",\"createrId\":\"15\"}', 'create_event', 71, 1, 0, 1, '2019-05-02 15:50:39', '0000-00-00 00:00:00'),
(957, 7, 15, '{\"title\":\"Join Event\",\"body\":\"[UNAME] joined your event : [ENAME].\",\"type\":\"join_event\",\"sound\":\"default\",\"referenceId\":\"71\",\"compId\":\"\",\"eventMemId\":\"375\",\"createrId\":\"15\"}', 'join_event', 71, 1, 0, 1, '2019-05-02 15:51:24', '0000-00-00 00:00:00'),
(959, 8, 15, '{\"title\":\"Favorite\",\"body\":\"[UNAME]  added you as a favorite.\",\"type\":\"add_favorite\",\"sound\":\"default\",\"referenceId\":\"8\"}', 'add_favorite', 0, 1, 0, 1, '2019-05-02 10:55:15', '0000-00-00 00:00:00'),
(963, 16, 8, '{\"title\":\"Nueva cita\",\"body\":\"[UNAME] ha creado una cita contigo.\",\"type\":\"create_appointment\",\"sound\":\"default\",\"referenceId\":105}', 'create_appointment', 0, 1, 1, 1, '2019-05-02 16:34:17', '0000-00-00 00:00:00'),
(964, 8, 16, '{\"title\":\"Counter\",\"body\":\"[UNAME] has applied counter on your appointment.\",\"type\":\"apply_counter\",\"sound\":\"default\",\"referenceId\":\"105\"}', 'apply_counter', 0, 1, 1, 1, '2019-05-02 16:34:39', '0000-00-00 00:00:00'),
(965, 16, 8, '{\"title\":\"Contador\",\"body\":\"[UNAME] ha aceptado su contador para la cita.\",\"type\":\"update_counter\",\"sound\":\"default\",\"referenceId\":\"105\"}', 'update_counter', 0, 1, 1, 1, '2019-05-02 16:34:46', '0000-00-00 00:00:00'),
(966, 16, 8, '{\"title\":\"Pago de cita\",\"body\":\"[UNAME] pag\\u00f3 por su cita.\",\"type\":\"appointment_payment\",\"sound\":\"default\",\"referenceId\":\"105\"}', 'appointment_payment', 0, 1, 1, 1, '2019-05-02 16:35:19', '0000-00-00 00:00:00'),
(967, 16, 8, '{\"title\":\"Finish Appointment\",\"body\":\"[UNAME] has finished appointment.\",\"type\":\"finish_appointment\",\"sound\":\"default\",\"referenceId\":\"105\"}', 'finish_appointment', 0, 1, 1, 1, '2019-05-02 16:35:39', '0000-00-00 00:00:00'),
(968, 16, 8, '{\"title\":\"Appointment Reviews\",\"body\":\"[UNAME] has given you a review.\",\"type\":\"review_appointment\",\"sound\":\"default\",\"referenceId\":\"105\"}', 'review_appointment', 0, 1, 1, 1, '2019-05-02 16:35:51', '0000-00-00 00:00:00'),
(969, 16, 8, '{\"title\":\"Appointment confirmed\",\"body\":\"[UNAME] has confirmed your appointment.\",\"type\":\"confirmed_appointment\",\"sound\":\"default\",\"referenceId\":\"99\"}', 'confirmed_appointment', 0, 1, 1, 1, '2019-05-02 16:41:08', '0000-00-00 00:00:00'),
(970, 11, 14, '{\"title\":\"New Event\",\"body\":\"[UNAME] invited you to attend an event : [ENAME].\",\"type\":\"create_event\",\"sound\":\"default\",\"referenceId\":\"72\",\"compId\":\"\",\"eventMemId\":\"377\",\"createrId\":\"11\"}', 'create_event', 72, 1, 0, 1, '2019-05-02 16:45:44', '0000-00-00 00:00:00'),
(971, 11, 13, '{\"title\":\"New Event\",\"body\":\"[UNAME] invited you to attend an event : [ENAME].\",\"type\":\"create_event\",\"sound\":\"default\",\"referenceId\":\"72\",\"compId\":\"\",\"eventMemId\":\"378\",\"createrId\":\"11\"}', 'create_event', 72, 1, 0, 1, '2019-05-02 16:45:45', '0000-00-00 00:00:00'),
(972, 11, 12, '{\"title\":\"New Event\",\"body\":\"[UNAME] invited you to attend an event : [ENAME].\",\"type\":\"create_event\",\"sound\":\"default\",\"referenceId\":\"72\",\"compId\":\"\",\"eventMemId\":\"379\",\"createrId\":\"11\"}', 'create_event', 72, 1, 0, 1, '2019-05-02 16:45:45', '0000-00-00 00:00:00'),
(973, 11, 5, '{\"title\":\"New Event\",\"body\":\"[UNAME] invited you to attend an event : [ENAME].\",\"type\":\"create_event\",\"sound\":\"default\",\"referenceId\":\"72\",\"compId\":\"\",\"eventMemId\":\"380\",\"createrId\":\"11\"}', 'create_event', 72, 1, 0, 1, '2019-05-02 16:45:45', '0000-00-00 00:00:00'),
(974, 8, 10, '{\"title\":\"New Event\",\"body\":\"[UNAME] invited you to attend an event : [ENAME].\",\"type\":\"create_event\",\"sound\":\"default\",\"referenceId\":\"47\",\"compId\":\"\",\"eventMemId\":\"235\",\"createrId\":\"8\"}', 'create_event', 47, 1, 1, 1, '2019-05-02 16:46:48', '0000-00-00 00:00:00'),
(975, 8, 16, '{\"title\":\"New Event\",\"body\":\"[UNAME] invited you to attend an event : [ENAME].\",\"type\":\"create_event\",\"sound\":\"default\",\"referenceId\":\"47\",\"compId\":\"\",\"eventMemId\":\"236\",\"createrId\":\"8\"}', 'create_event', 47, 1, 1, 1, '2019-05-02 16:46:48', '0000-00-00 00:00:00'),
(976, 8, 15, '{\"title\":\"New Event\",\"body\":\"[UNAME] invited you to attend an event : [ENAME].\",\"type\":\"create_event\",\"sound\":\"default\",\"referenceId\":\"47\",\"compId\":\"\",\"eventMemId\":\"237\",\"createrId\":\"8\"}', 'create_event', 47, 1, 0, 1, '2019-05-02 16:46:48', '0000-00-00 00:00:00'),
(977, 8, 18, '{\"title\":\"New Event\",\"body\":\"[UNAME] invited you to attend an event : [ENAME].\",\"type\":\"create_event\",\"sound\":\"default\",\"referenceId\":\"47\",\"compId\":\"\",\"eventMemId\":\"238\",\"createrId\":\"8\"}', 'create_event', 47, 1, 0, 1, '2019-05-02 16:46:48', '0000-00-00 00:00:00');
INSERT INTO `notifications` (`notId`, `notificationBy`, `notificationFor`, `message`, `notificationType`, `referenceId`, `isRead`, `webShow`, `status`, `crd`, `upd`) VALUES
(978, 8, 7, '{\"title\":\"New Event\",\"body\":\"[UNAME] invited you to attend an event : [ENAME].\",\"type\":\"create_event\",\"sound\":\"default\",\"referenceId\":\"47\",\"compId\":\"\",\"eventMemId\":\"370\",\"createrId\":\"8\"}', 'create_event', 47, 1, 0, 1, '2019-05-02 16:46:48', '0000-00-00 00:00:00'),
(979, 5, 11, '{\"title\":\"Join Event\",\"body\":\"[UNAME] joined your event : [ENAME].\",\"type\":\"join_event\",\"sound\":\"default\",\"referenceId\":\"72\",\"compId\":\"\",\"eventMemId\":\"380\",\"createrId\":\"11\"}', 'join_event', 72, 1, 1, 1, '2019-05-02 16:59:23', '0000-00-00 00:00:00'),
(980, 13, 11, '{\"title\":\"Join Event\",\"body\":\"[UNAME] joined your event : [ENAME].\",\"type\":\"join_event\",\"sound\":\"default\",\"referenceId\":\"72\",\"compId\":\"\",\"eventMemId\":\"378\",\"createrId\":\"11\"}', 'join_event', 72, 1, 1, 1, '2019-05-02 17:00:09', '0000-00-00 00:00:00'),
(981, 5, 13, '{\"title\":\"New Event\",\"body\":\"[UNAME] invited you to attend an event : [ENAME].\",\"type\":\"create_event\",\"sound\":\"default\",\"referenceId\":\"73\",\"compId\":\"\",\"eventMemId\":\"382\",\"createrId\":\"5\"}', 'create_event', 73, 1, 0, 1, '2019-05-02 17:09:27', '0000-00-00 00:00:00'),
(982, 5, 7, '{\"title\":\"New Event\",\"body\":\"[UNAME] invited you to attend an event : [ENAME].\",\"type\":\"create_event\",\"sound\":\"default\",\"referenceId\":\"73\",\"compId\":\"\",\"eventMemId\":\"383\",\"createrId\":\"5\"}', 'create_event', 73, 1, 0, 1, '2019-05-02 17:09:27', '0000-00-00 00:00:00'),
(983, 5, 11, '{\"title\":\"New Event\",\"body\":\"[UNAME] invited you to attend an event : [ENAME].\",\"type\":\"create_event\",\"sound\":\"default\",\"referenceId\":\"73\",\"compId\":\"\",\"eventMemId\":\"384\",\"createrId\":\"5\"}', 'create_event', 73, 1, 1, 1, '2019-05-02 17:09:27', '0000-00-00 00:00:00'),
(984, 5, 12, '{\"title\":\"New Event\",\"body\":\"[UNAME] invited you to attend an event : [ENAME].\",\"type\":\"create_event\",\"sound\":\"default\",\"referenceId\":\"73\",\"compId\":\"\",\"eventMemId\":\"385\",\"createrId\":\"5\"}', 'create_event', 73, 1, 0, 1, '2019-05-02 17:09:27', '0000-00-00 00:00:00'),
(985, 5, 8, '{\"title\":\"New Event\",\"body\":\"[UNAME] invited you to attend an event : [ENAME].\",\"type\":\"create_event\",\"sound\":\"default\",\"referenceId\":\"73\",\"compId\":\"\",\"eventMemId\":\"386\",\"createrId\":\"5\"}', 'create_event', 73, 1, 1, 1, '2019-05-02 17:09:28', '0000-00-00 00:00:00'),
(986, 5, 18, '{\"title\":\"New Event\",\"body\":\"[UNAME] invited you to attend an event : [ENAME].\",\"type\":\"create_event\",\"sound\":\"default\",\"referenceId\":\"73\",\"compId\":\"\",\"eventMemId\":\"387\",\"createrId\":\"5\"}', 'create_event', 73, 1, 0, 1, '2019-05-02 17:09:28', '0000-00-00 00:00:00'),
(987, 5, 10, '{\"title\":\"New Event\",\"body\":\"[UNAME] invited you to attend an event : [ENAME].\",\"type\":\"create_event\",\"sound\":\"default\",\"referenceId\":\"73\",\"compId\":\"\",\"eventMemId\":\"388\",\"createrId\":\"5\"}', 'create_event', 73, 1, 1, 1, '2019-05-02 17:09:28', '0000-00-00 00:00:00'),
(988, 5, 15, '{\"title\":\"New Event\",\"body\":\"[UNAME] invited you to attend an event : [ENAME].\",\"type\":\"create_event\",\"sound\":\"default\",\"referenceId\":\"73\",\"compId\":\"\",\"eventMemId\":\"389\",\"createrId\":\"5\"}', 'create_event', 73, 1, 0, 1, '2019-05-02 17:09:28', '0000-00-00 00:00:00'),
(989, 5, 9, '{\"title\":\"New Event\",\"body\":\"[UNAME] invited you to attend an event : [ENAME].\",\"type\":\"create_event\",\"sound\":\"default\",\"referenceId\":\"73\",\"compId\":\"\",\"eventMemId\":\"390\",\"createrId\":\"5\"}', 'create_event', 73, 1, 0, 1, '2019-05-02 17:09:29', '0000-00-00 00:00:00'),
(990, 5, 16, '{\"title\":\"New Event\",\"body\":\"[UNAME] invited you to attend an event : [ENAME].\",\"type\":\"create_event\",\"sound\":\"default\",\"referenceId\":\"73\",\"compId\":\"\",\"eventMemId\":\"391\",\"createrId\":\"5\"}', 'create_event', 73, 1, 1, 1, '2019-05-02 17:09:29', '0000-00-00 00:00:00'),
(991, 5, 19, '{\"title\":\"New Event\",\"body\":\"[UNAME] invited you to attend an event : [ENAME].\",\"type\":\"create_event\",\"sound\":\"default\",\"referenceId\":\"73\",\"compId\":\"\",\"eventMemId\":\"392\",\"createrId\":\"5\"}', 'create_event', 73, 1, 0, 1, '2019-05-02 17:09:29', '0000-00-00 00:00:00'),
(992, 5, 20, '{\"title\":\"New Event\",\"body\":\"[UNAME] invited you to attend an event : [ENAME].\",\"type\":\"create_event\",\"sound\":\"default\",\"referenceId\":\"73\",\"compId\":\"\",\"eventMemId\":\"393\",\"createrId\":\"5\"}', 'create_event', 73, 1, 0, 1, '2019-05-02 17:09:29', '0000-00-00 00:00:00'),
(993, 5, 3, '{\"title\":\"New Event\",\"body\":\"[UNAME] invited you to attend an event : [ENAME].\",\"type\":\"create_event\",\"sound\":\"default\",\"referenceId\":\"73\",\"compId\":\"\",\"eventMemId\":\"394\",\"createrId\":\"5\"}', 'create_event', 73, 1, 0, 1, '2019-05-02 17:09:29', '0000-00-00 00:00:00'),
(994, 5, 6, '{\"title\":\"Nuevo evento\",\"body\":\"[UNAME] te invito a asistir a un evento : [ENAME].\",\"type\":\"create_event\",\"sound\":\"default\",\"referenceId\":\"73\",\"compId\":\"\",\"eventMemId\":\"395\",\"createrId\":\"5\"}', 'create_event', 73, 1, 1, 1, '2019-05-02 17:09:29', '0000-00-00 00:00:00'),
(995, 5, 14, '{\"title\":\"New Event\",\"body\":\"[UNAME] invited you to attend an event : [ENAME].\",\"type\":\"create_event\",\"sound\":\"default\",\"referenceId\":\"73\",\"compId\":\"\",\"eventMemId\":\"396\",\"createrId\":\"5\"}', 'create_event', 73, 1, 0, 1, '2019-05-02 17:09:30', '0000-00-00 00:00:00'),
(996, 10, 5, '{\"title\":\"Join Event\",\"body\":\"[UNAME] joined your event : [ENAME]\",\"type\":\"join_event\",\"sound\":\"default\",\"referenceId\":\"73\",\"compId\":\"\",\"eventMemId\":\"388\",\"createrId\":\"5\"}', 'join_event', 73, 1, 0, 1, '2019-05-02 17:10:07', '0000-00-00 00:00:00'),
(997, 11, 5, '{\"title\":\"Join Event\",\"body\":\"[UNAME] joined your event : [ENAME].\",\"type\":\"join_event\",\"sound\":\"default\",\"referenceId\":\"73\",\"compId\":\"\",\"eventMemId\":\"384\",\"createrId\":\"5\"}', 'join_event', 73, 1, 0, 1, '2019-05-02 17:10:33', '0000-00-00 00:00:00'),
(998, 13, 5, '{\"title\":\"Join Event\",\"body\":\"[UNAME] joined your event : [ENAME].\",\"type\":\"join_event\",\"sound\":\"default\",\"referenceId\":\"73\",\"compId\":\"\",\"eventMemId\":\"382\",\"createrId\":\"5\"}', 'join_event', 73, 1, 0, 1, '2019-05-02 17:11:33', '0000-00-00 00:00:00'),
(999, 5, 3, '{\"title\":\"Friend Request\",\"body\":\"[UNAME] has sent you a friend request.\",\"type\":\"friend_request\",\"sound\":\"default\",\"referenceId\":\"5\"}', 'friend_request', 0, 1, 0, 1, '2019-05-02 12:07:24', '0000-00-00 00:00:00'),
(1002, 10, 6, '{\"title\":\"Like\",\"body\":\"[UNAME] likes your profile.\",\"type\":\"add_like\",\"sound\":\"default\",\"referenceId\":\"10\"}', 'add_like', 0, 1, 1, 1, '2019-05-02 18:22:20', '0000-00-00 00:00:00'),
(1003, 10, 6, '{\"title\":\"Favorite\",\"body\":\"[UNAME] added you as a favorite.\",\"type\":\"add_favorite\",\"sound\":\"default\",\"referenceId\":\"10\"}', 'add_favorite', 0, 1, 1, 1, '2019-05-02 18:22:26', '0000-00-00 00:00:00'),
(1004, 8, 7, '{\"title\":\"New Appointment\",\"body\":\"[UNAME] has created appointment with you.\",\"type\":\"create_appointment\",\"sound\":\"default\",\"referenceId\":106}', 'create_appointment', 0, 1, 0, 1, '2019-05-03 14:41:10', '0000-00-00 00:00:00'),
(1005, 7, 8, '{\"title\":\"Counter\",\"body\":\"[UNAME] has applied counter on your appointment.\",\"type\":\"apply_counter\",\"sound\":\"default\",\"referenceId\":\"106\"}', 'apply_counter', 0, 1, 0, 1, '2019-05-03 14:41:24', '0000-00-00 00:00:00'),
(1006, 8, 7, '{\"title\":\"New Appointment\",\"body\":\"[UNAME] has created appointment with you.\",\"type\":\"create_appointment\",\"sound\":\"default\",\"referenceId\":107}', 'create_appointment', 0, 1, 0, 1, '2019-05-03 14:42:28', '0000-00-00 00:00:00'),
(1007, 7, 8, '{\"title\":\"Counter\",\"body\":\"[UNAME] has applied counter on your appointment.\",\"type\":\"apply_counter\",\"sound\":\"default\",\"referenceId\":\"107\"}', 'apply_counter', 0, 1, 0, 1, '2019-05-03 14:42:42', '0000-00-00 00:00:00'),
(1008, 8, 7, '{\"title\":\"Counter\",\"body\":\"[UNAME] has accepted your counter for appointment.\",\"type\":\"update_counter\",\"sound\":\"default\",\"referenceId\":\"107\"}', 'update_counter', 0, 1, 0, 1, '2019-05-03 14:42:53', '0000-00-00 00:00:00'),
(1009, 8, 7, '{\"title\":\"Appointment Payment\",\"body\":\"[UNAME] paid for your appointment.\",\"type\":\"appointment_payment\",\"sound\":\"default\",\"referenceId\":\"107\"}', 'appointment_payment', 0, 1, 0, 1, '2019-05-03 14:43:19', '0000-00-00 00:00:00'),
(1010, 16, 8, '{\"title\":\"Like\",\"body\":\"[UNAME] likes your profile.\",\"type\":\"add_like\",\"sound\":\"default\",\"referenceId\":\"16\"}', 'add_like', 0, 1, 0, 1, '2019-05-03 09:35:26', '0000-00-00 00:00:00'),
(1011, 16, 8, '{\"title\":\"Favorite\",\"body\":\"[UNAME]  added you as a favorite.\",\"type\":\"add_favorite\",\"sound\":\"default\",\"referenceId\":\"16\"}', 'add_favorite', 0, 1, 0, 1, '2019-05-03 09:35:40', '0000-00-00 00:00:00'),
(1012, 8, 16, '{\"title\":\"Like\",\"body\":\"[UNAME] likes your profile.\",\"type\":\"add_like\",\"sound\":\"default\",\"referenceId\":\"8\"}', 'add_like', 0, 1, 1, 1, '2019-05-03 09:36:00', '0000-00-00 00:00:00'),
(1013, 8, 16, '{\"title\":\"Favorite\",\"body\":\"[UNAME]  added you as a favorite.\",\"type\":\"add_favorite\",\"sound\":\"default\",\"referenceId\":\"8\"}', 'add_favorite', 0, 1, 1, 1, '2019-05-03 09:36:04', '0000-00-00 00:00:00'),
(1014, 15, 8, '{\"title\":\"Join Event\",\"body\":\"[UNAME] joined your event : [ENAME]\",\"type\":\"join_event\",\"sound\":\"default\",\"referenceId\":\"47\",\"compId\":\"\",\"eventMemId\":\"237\",\"createrId\":\"8\"}', 'join_event', 47, 1, 0, 1, '2019-05-03 15:42:49', '0000-00-00 00:00:00'),
(1015, 15, 8, '{\"title\":\"Event Payment\",\"body\":\"[UNAME] has paid for your event : [ENAME].\",\"type\":\"event_payment\",\"sound\":\"default\",\"referenceId\":\"47\",\"compId\":\"\",\"eventMemId\":\"237\",\"createrId\":\"8\"}', 'event_payment', 47, 1, 0, 1, '2019-05-03 15:43:26', '0000-00-00 00:00:00'),
(1016, 15, 7, '{\"title\":\"Share Event\",\"body\":\"[UNAME] has shared an event : [ENAME]\",\"type\":\"share_event\",\"sound\":\"default\",\"referenceId\":\"47\",\"compId\":\"20\",\"eventMemId\":\"\",\"createrId\":\"15\"}', 'share_event', 47, 1, 1, 1, '2019-05-03 15:43:52', '0000-00-00 00:00:00'),
(1017, 15, 21, '{\"title\":\"Share Event\",\"body\":\"[UNAME] has shared an event : [ENAME]\",\"type\":\"share_event\",\"sound\":\"default\",\"referenceId\":\"47\",\"compId\":\"21\",\"eventMemId\":\"\",\"createrId\":\"15\"}', 'share_event', 47, 1, 0, 1, '2019-05-03 15:43:52', '0000-00-00 00:00:00'),
(1018, 15, 3, '{\"title\":\"Share Event\",\"body\":\"[UNAME] has shared an event : [ENAME]\",\"type\":\"share_event\",\"sound\":\"default\",\"referenceId\":\"47\",\"compId\":\"22\",\"eventMemId\":\"\",\"createrId\":\"15\"}', 'share_event', 47, 1, 0, 1, '2019-05-03 15:43:52', '0000-00-00 00:00:00'),
(1019, 7, 15, '{\"title\":\"Companion Accept\",\"body\":\"[UNAME] accepted your event request.\",\"type\":\"companion_accept\",\"sound\":\"default\",\"referenceId\":\"47\",\"compId\":\"\",\"eventMemId\":\"237\",\"createrId\":\"8\"}', 'companion_accept', 47, 1, 1, 1, '2019-05-03 15:46:16', '0000-00-00 00:00:00'),
(1020, 16, 8, '{\"title\":\"New Appointment\",\"body\":\"[UNAME] has created appointment with you.\",\"type\":\"create_appointment\",\"sound\":\"default\",\"referenceId\":108}', 'create_appointment', 0, 1, 1, 1, '2019-05-03 16:02:14', '0000-00-00 00:00:00'),
(1021, 8, 16, '{\"title\":\"Appointment confirmed\",\"body\":\"[UNAME] has confirmed your appointment.\",\"type\":\"confirmed_appointment\",\"sound\":\"default\",\"referenceId\":\"108\"}', 'confirmed_appointment', 0, 1, 1, 1, '2019-05-03 16:03:00', '0000-00-00 00:00:00'),
(1022, 16, 15, '{\"title\":\"New Appointment\",\"body\":\"[UNAME] has created appointment with you.\",\"type\":\"create_appointment\",\"sound\":\"default\",\"referenceId\":109}', 'create_appointment', 0, 1, 0, 1, '2019-05-03 16:05:51', '0000-00-00 00:00:00'),
(1023, 15, 16, '{\"title\":\"Appointment confirmed\",\"body\":\"[UNAME] has confirmed your appointment.\",\"type\":\"confirmed_appointment\",\"sound\":\"default\",\"referenceId\":\"109\"}', 'confirmed_appointment', 0, 1, 1, 1, '2019-05-03 16:06:24', '0000-00-00 00:00:00'),
(1024, 16, 7, '{\"title\":\"New Appointment\",\"body\":\"[UNAME] has created appointment with you.\",\"type\":\"create_appointment\",\"sound\":\"default\",\"referenceId\":110}', 'create_appointment', 0, 1, 0, 1, '2019-05-03 16:07:41', '0000-00-00 00:00:00'),
(1025, 7, 16, '{\"title\":\"Appointment confirmed\",\"body\":\"[UNAME] has confirmed your appointment.\",\"type\":\"confirmed_appointment\",\"sound\":\"default\",\"referenceId\":\"110\"}', 'confirmed_appointment', 0, 1, 1, 1, '2019-05-03 16:07:53', '0000-00-00 00:00:00'),
(1026, 16, 7, '{\"title\":\"New Appointment\",\"body\":\"[UNAME] has created appointment with you.\",\"type\":\"create_appointment\",\"sound\":\"default\",\"referenceId\":111}', 'create_appointment', 0, 1, 0, 1, '2019-05-03 16:08:37', '0000-00-00 00:00:00'),
(1027, 7, 16, '{\"title\":\"Counter\",\"body\":\"[UNAME] has applied counter on your appointment.\",\"type\":\"apply_counter\",\"sound\":\"default\",\"referenceId\":\"111\"}', 'apply_counter', 0, 1, 1, 1, '2019-05-03 16:08:50', '0000-00-00 00:00:00'),
(1028, 16, 7, '{\"title\":\"Counter\",\"body\":\"[UNAME] has accepted your counter for appointment.\",\"type\":\"update_counter\",\"sound\":\"default\",\"referenceId\":\"111\"}', 'update_counter', 0, 1, 0, 1, '2019-05-03 16:09:00', '0000-00-00 00:00:00'),
(1029, 16, 7, '{\"title\":\"Appointment Payment\",\"body\":\"[UNAME] paid for your appointment.\",\"type\":\"appointment_payment\",\"sound\":\"default\",\"referenceId\":\"111\"}', 'appointment_payment', 0, 1, 0, 1, '2019-05-03 16:10:13', '0000-00-00 00:00:00'),
(1030, 8, 7, '{\"title\":\"New Appointment\",\"body\":\"[UNAME] has created appointment with you.\",\"type\":\"create_appointment\",\"sound\":\"default\",\"referenceId\":112}', 'create_appointment', 0, 1, 0, 1, '2019-05-03 16:26:15', '0000-00-00 00:00:00'),
(1031, 7, 8, '{\"title\":\"Appointment confirmed\",\"body\":\"[UNAME] has confirmed your appointment.\",\"type\":\"confirmed_appointment\",\"sound\":\"default\",\"referenceId\":\"112\"}', 'confirmed_appointment', 0, 1, 0, 1, '2019-05-03 16:26:40', '0000-00-00 00:00:00'),
(1032, 8, 15, '{\"title\":\"New Appointment\",\"body\":\"[UNAME] has created appointment with you.\",\"type\":\"create_appointment\",\"sound\":\"default\",\"referenceId\":113}', 'create_appointment', 0, 1, 0, 1, '2019-05-03 16:39:31', '0000-00-00 00:00:00'),
(1033, 8, 20, '{\"title\":\"New Appointment\",\"body\":\"[UNAME] has created appointment with you.\",\"type\":\"create_appointment\",\"sound\":\"default\",\"referenceId\":114}', 'create_appointment', 0, 1, 0, 1, '2019-05-03 16:39:42', '0000-00-00 00:00:00'),
(1034, 8, 21, '{\"title\":\"New Appointment\",\"body\":\"[UNAME] has created appointment with you.\",\"type\":\"create_appointment\",\"sound\":\"default\",\"referenceId\":115}', 'create_appointment', 0, 1, 0, 1, '2019-05-03 16:39:53', '0000-00-00 00:00:00'),
(1035, 8, 3, '{\"title\":\"New Appointment\",\"body\":\"[UNAME] has created appointment with you.\",\"type\":\"create_appointment\",\"sound\":\"default\",\"referenceId\":116}', 'create_appointment', 0, 1, 0, 1, '2019-05-03 16:40:14', '0000-00-00 00:00:00'),
(1036, 8, 7, '{\"title\":\"Appointment Payment\",\"body\":\"[UNAME] paid for your appointment.\",\"type\":\"appointment_payment\",\"sound\":\"default\",\"referenceId\":\"112\"}', 'appointment_payment', 0, 1, 0, 1, '2019-05-03 16:41:53', '0000-00-00 00:00:00'),
(1037, 8, 7, '{\"title\":\"Finish Appointment\",\"body\":\"[UNAME] has finished appointment.\",\"type\":\"finish_appointment\",\"sound\":\"default\",\"referenceId\":\"112\"}', 'finish_appointment', 0, 1, 0, 1, '2019-05-03 16:41:58', '0000-00-00 00:00:00'),
(1038, 8, 7, '{\"title\":\"Appointment Reviews\",\"body\":\"[UNAME] has given you a review.\",\"type\":\"review_appointment\",\"sound\":\"default\",\"referenceId\":\"112\"}', 'review_appointment', 0, 1, 0, 1, '2019-05-03 16:42:22', '0000-00-00 00:00:00'),
(1039, 7, 8, '{\"title\":\"Appointment Reviews\",\"body\":\"[UNAME] has given you a review.\",\"type\":\"review_appointment\",\"sound\":\"default\",\"referenceId\":\"112\"}', 'review_appointment', 0, 1, 1, 1, '2019-05-03 16:43:51', '0000-00-00 00:00:00'),
(1040, 10, 3, '{\"title\":\"New Appointment\",\"body\":\"[UNAME] has created appointment with you.\",\"type\":\"create_appointment\",\"sound\":\"default\",\"referenceId\":117}', 'create_appointment', 0, 1, 0, 1, '2019-05-03 16:44:23', '0000-00-00 00:00:00'),
(1041, 10, 6, '{\"title\":\"New Appointment\",\"body\":\"[UNAME] has created appointment with you.\",\"type\":\"create_appointment\",\"sound\":\"default\",\"referenceId\":118}', 'create_appointment', 0, 1, 1, 1, '2019-05-03 16:47:32', '0000-00-00 00:00:00'),
(1042, 6, 10, '{\"title\":\"Appointment confirmed\",\"body\":\"[UNAME] has confirmed your appointment.\",\"type\":\"confirmed_appointment\",\"sound\":\"default\",\"referenceId\":\"118\"}', 'confirmed_appointment', 0, 1, 1, 1, '2019-05-03 16:51:24', '0000-00-00 00:00:00'),
(1043, 3, 7, '{\"title\":\"Join Event\",\"body\":\"[UNAME] joined your event : [ENAME].\",\"type\":\"join_event\",\"sound\":\"default\",\"referenceId\":\"64\",\"compId\":\"\",\"eventMemId\":\"329\",\"createrId\":\"7\"}', 'join_event', 64, 1, 0, 1, '2019-05-03 18:17:09', '0000-00-00 00:00:00'),
(1044, 3, 10, '{\"title\":\"Join Event\",\"body\":\"[UNAME] joined your event : [ENAME].\",\"type\":\"join_event\",\"sound\":\"default\",\"referenceId\":\"51\",\"compId\":\"\",\"eventMemId\":\"260\",\"createrId\":\"10\"}', 'join_event', 51, 1, 1, 1, '2019-05-03 18:18:01', '0000-00-00 00:00:00'),
(1045, 3, 10, '{\"title\":\"Appointment confirmed\",\"body\":\"[UNAME] has confirmed your appointment.\",\"type\":\"confirmed_appointment\",\"sound\":\"default\",\"referenceId\":\"117\"}', 'confirmed_appointment', 0, 1, 1, 1, '2019-05-03 18:28:39', '0000-00-00 00:00:00'),
(1046, 7, 15, '{\"title\":\"New Appointment\",\"body\":\"[UNAME] has created appointment with you.\",\"type\":\"create_appointment\",\"sound\":\"default\",\"referenceId\":119}', 'create_appointment', 0, 1, 0, 1, '2019-05-06 12:26:19', '0000-00-00 00:00:00'),
(1047, 10, 13, '{\"title\":\"Request Accepted\",\"body\":\"[UNAME] has accepted your friend request.\",\"type\":\"accept_request\",\"sound\":\"default\",\"referenceId\":\"10\"}', 'accept_request', 0, 1, 0, 1, '2019-05-06 12:37:41', '0000-00-00 00:00:00'),
(1048, 13, 11, '{\"title\":\"New Event\",\"body\":\"[UNAME] invited you to attend an event : [ENAME].\",\"type\":\"create_event\",\"sound\":\"default\",\"referenceId\":\"74\",\"compId\":\"\",\"eventMemId\":\"398\",\"createrId\":\"13\"}', 'create_event', 74, 1, 1, 1, '2019-05-06 15:28:00', '0000-00-00 00:00:00'),
(1049, 13, 12, '{\"title\":\"New Event\",\"body\":\"[UNAME] invited you to attend an event : [ENAME].\",\"type\":\"create_event\",\"sound\":\"default\",\"referenceId\":\"74\",\"compId\":\"\",\"eventMemId\":\"399\",\"createrId\":\"13\"}', 'create_event', 74, 1, 0, 1, '2019-05-06 15:28:00', '0000-00-00 00:00:00'),
(1050, 13, 5, '{\"title\":\"New Event\",\"body\":\"[UNAME] invited you to attend an event : [ENAME].\",\"type\":\"create_event\",\"sound\":\"default\",\"referenceId\":\"74\",\"compId\":\"\",\"eventMemId\":\"400\",\"createrId\":\"13\"}', 'create_event', 74, 1, 0, 1, '2019-05-06 15:28:01', '0000-00-00 00:00:00'),
(1051, 13, 5, '{\"title\":\"Event Reviews\",\"body\":\"[UNAME] has given you a review.\",\"type\":\"review_appointment\",\"sound\":\"default\",\"referenceId\":\"73\"}', 'review_appointment', 0, 1, 0, 1, '2019-05-06 15:28:30', '0000-00-00 00:00:00'),
(1052, 13, 11, '{\"title\":\"Event Reviews\",\"body\":\"[UNAME] has given you a review.\",\"type\":\"review_appointment\",\"sound\":\"default\",\"referenceId\":\"72\"}', 'review_appointment', 0, 1, 1, 1, '2019-05-06 15:29:09', '0000-00-00 00:00:00'),
(1053, 13, 9, '{\"title\":\"Event Reviews\",\"body\":\"[UNAME] has given you a review.\",\"type\":\"review_appointment\",\"sound\":\"default\",\"referenceId\":\"69\"}', 'review_appointment', 0, 1, 0, 1, '2019-05-06 15:29:58', '0000-00-00 00:00:00'),
(1054, 5, 13, '{\"title\":\"Join Event\",\"body\":\"[UNAME] joined your event : [ENAME].\",\"type\":\"join_event\",\"sound\":\"default\",\"referenceId\":\"74\",\"compId\":\"\",\"eventMemId\":\"400\",\"createrId\":\"13\"}', 'join_event', 74, 1, 0, 1, '2019-05-06 15:30:08', '0000-00-00 00:00:00'),
(1055, 13, 5, '{\"title\":\"Event Reviews\",\"body\":\"[UNAME] has given you a review.\",\"type\":\"review_appointment\",\"sound\":\"default\",\"referenceId\":\"68\"}', 'review_appointment', 0, 1, 0, 1, '2019-05-06 15:30:25', '0000-00-00 00:00:00'),
(1056, 11, 14, '{\"title\":\"New Event\",\"body\":\"[UNAME] invited you to attend an event : [ENAME].\",\"type\":\"create_event\",\"sound\":\"default\",\"referenceId\":\"75\",\"compId\":\"\",\"eventMemId\":\"402\",\"createrId\":\"11\"}', 'create_event', 75, 1, 0, 1, '2019-05-06 16:07:42', '0000-00-00 00:00:00'),
(1057, 11, 13, '{\"title\":\"New Event\",\"body\":\"[UNAME] invited you to attend an event : [ENAME].\",\"type\":\"create_event\",\"sound\":\"default\",\"referenceId\":\"75\",\"compId\":\"\",\"eventMemId\":\"403\",\"createrId\":\"11\"}', 'create_event', 75, 1, 0, 1, '2019-05-06 16:07:42', '0000-00-00 00:00:00'),
(1058, 11, 12, '{\"title\":\"New Event\",\"body\":\"[UNAME] invited you to attend an event : [ENAME].\",\"type\":\"create_event\",\"sound\":\"default\",\"referenceId\":\"75\",\"compId\":\"\",\"eventMemId\":\"404\",\"createrId\":\"11\"}', 'create_event', 75, 1, 0, 1, '2019-05-06 16:07:42', '0000-00-00 00:00:00'),
(1059, 11, 5, '{\"title\":\"New Event\",\"body\":\"[UNAME] invited you to attend an event : [ENAME].\",\"type\":\"create_event\",\"sound\":\"default\",\"referenceId\":\"75\",\"compId\":\"\",\"eventMemId\":\"405\",\"createrId\":\"11\"}', 'create_event', 75, 1, 0, 1, '2019-05-06 16:07:43', '0000-00-00 00:00:00'),
(1060, 3, 11, '{\"title\":\"Like\",\"body\":\"[UNAME] likes your profile.\",\"type\":\"add_like\",\"sound\":\"default\",\"referenceId\":\"3\"}', 'add_like', 0, 1, 1, 1, '2019-05-06 10:44:26', '0000-00-00 00:00:00'),
(1061, 7, 6, '{\"title\":\"New Event\",\"body\":\"[UNAME] invited you to attend an event : [ENAME].\",\"type\":\"create_event\",\"sound\":\"default\",\"referenceId\":\"76\",\"compId\":\"\",\"eventMemId\":\"407\",\"createrId\":\"7\"}', 'create_event', 76, 1, 1, 1, '2019-05-06 16:18:55', '0000-00-00 00:00:00'),
(1062, 7, 3, '{\"title\":\"Nuevo evento\",\"body\":\"[UNAME] te invito a asistir a un evento : [ENAME].\",\"type\":\"create_event\",\"sound\":\"default\",\"referenceId\":\"76\",\"compId\":\"\",\"eventMemId\":\"408\",\"createrId\":\"7\"}', 'create_event', 76, 1, 0, 1, '2019-05-06 16:18:55', '0000-00-00 00:00:00'),
(1063, 7, 20, '{\"title\":\"New Event\",\"body\":\"[UNAME] invited you to attend an event : [ENAME].\",\"type\":\"create_event\",\"sound\":\"default\",\"referenceId\":\"76\",\"compId\":\"\",\"eventMemId\":\"409\",\"createrId\":\"7\"}', 'create_event', 76, 1, 0, 1, '2019-05-06 16:18:55', '0000-00-00 00:00:00'),
(1064, 7, 19, '{\"title\":\"New Event\",\"body\":\"[UNAME] invited you to attend an event : [ENAME].\",\"type\":\"create_event\",\"sound\":\"default\",\"referenceId\":\"76\",\"compId\":\"\",\"eventMemId\":\"410\",\"createrId\":\"7\"}', 'create_event', 76, 1, 0, 1, '2019-05-06 16:18:56', '0000-00-00 00:00:00'),
(1065, 7, 16, '{\"title\":\"New Event\",\"body\":\"[UNAME] invited you to attend an event : [ENAME].\",\"type\":\"create_event\",\"sound\":\"default\",\"referenceId\":\"76\",\"compId\":\"\",\"eventMemId\":\"411\",\"createrId\":\"7\"}', 'create_event', 76, 1, 1, 1, '2019-05-06 16:18:56', '0000-00-00 00:00:00'),
(1066, 7, 15, '{\"title\":\"New Event\",\"body\":\"[UNAME] invited you to attend an event : [ENAME].\",\"type\":\"create_event\",\"sound\":\"default\",\"referenceId\":\"76\",\"compId\":\"\",\"eventMemId\":\"412\",\"createrId\":\"7\"}', 'create_event', 76, 1, 0, 1, '2019-05-06 16:18:56', '0000-00-00 00:00:00'),
(1067, 7, 8, '{\"title\":\"New Event\",\"body\":\"[UNAME] invited you to attend an event : [ENAME].\",\"type\":\"create_event\",\"sound\":\"default\",\"referenceId\":\"76\",\"compId\":\"\",\"eventMemId\":\"413\",\"createrId\":\"7\"}', 'create_event', 76, 1, 0, 1, '2019-05-06 16:18:56', '0000-00-00 00:00:00'),
(1068, 7, 6, '{\"title\":\"New Event\",\"body\":\"[UNAME] invited you to attend an event : [ENAME].\",\"type\":\"create_event\",\"sound\":\"default\",\"referenceId\":\"76\",\"compId\":\"\",\"eventMemId\":\"407\",\"createrId\":\"7\"}', 'create_event', 76, 1, 1, 1, '2019-05-06 16:19:37', '0000-00-00 00:00:00'),
(1069, 7, 3, '{\"title\":\"Nuevo evento\",\"body\":\"[UNAME] te invito a asistir a un evento : [ENAME].\",\"type\":\"create_event\",\"sound\":\"default\",\"referenceId\":\"76\",\"compId\":\"\",\"eventMemId\":\"408\",\"createrId\":\"7\"}', 'create_event', 76, 1, 0, 1, '2019-05-06 16:19:38', '0000-00-00 00:00:00'),
(1070, 7, 20, '{\"title\":\"New Event\",\"body\":\"[UNAME] invited you to attend an event : [ENAME].\",\"type\":\"create_event\",\"sound\":\"default\",\"referenceId\":\"76\",\"compId\":\"\",\"eventMemId\":\"409\",\"createrId\":\"7\"}', 'create_event', 76, 1, 0, 1, '2019-05-06 16:19:38', '0000-00-00 00:00:00'),
(1071, 7, 19, '{\"title\":\"New Event\",\"body\":\"[UNAME] invited you to attend an event : [ENAME].\",\"type\":\"create_event\",\"sound\":\"default\",\"referenceId\":\"76\",\"compId\":\"\",\"eventMemId\":\"410\",\"createrId\":\"7\"}', 'create_event', 76, 1, 0, 1, '2019-05-06 16:19:38', '0000-00-00 00:00:00'),
(1072, 7, 16, '{\"title\":\"New Event\",\"body\":\"[UNAME] invited you to attend an event : [ENAME].\",\"type\":\"create_event\",\"sound\":\"default\",\"referenceId\":\"76\",\"compId\":\"\",\"eventMemId\":\"411\",\"createrId\":\"7\"}', 'create_event', 76, 1, 1, 1, '2019-05-06 16:19:38', '0000-00-00 00:00:00'),
(1073, 7, 15, '{\"title\":\"New Event\",\"body\":\"[UNAME] invited you to attend an event : [ENAME].\",\"type\":\"create_event\",\"sound\":\"default\",\"referenceId\":\"76\",\"compId\":\"\",\"eventMemId\":\"412\",\"createrId\":\"7\"}', 'create_event', 76, 1, 0, 1, '2019-05-06 16:19:38', '0000-00-00 00:00:00'),
(1074, 7, 8, '{\"title\":\"New Event\",\"body\":\"[UNAME] invited you to attend an event : [ENAME].\",\"type\":\"create_event\",\"sound\":\"default\",\"referenceId\":\"76\",\"compId\":\"\",\"eventMemId\":\"413\",\"createrId\":\"7\"}', 'create_event', 76, 1, 0, 1, '2019-05-06 16:19:38', '0000-00-00 00:00:00'),
(1075, 3, 7, '{\"title\":\"Join Event\",\"body\":\"[UNAME] joined your event : [ENAME].\",\"type\":\"join_event\",\"sound\":\"default\",\"referenceId\":\"76\",\"compId\":\"\",\"eventMemId\":\"408\",\"createrId\":\"7\"}', 'join_event', 76, 1, 0, 1, '2019-05-06 16:20:38', '0000-00-00 00:00:00'),
(1076, 7, 6, '{\"title\":\"New Event\",\"body\":\"[UNAME] invited you to attend an event : [ENAME].\",\"type\":\"create_event\",\"sound\":\"default\",\"referenceId\":\"77\",\"compId\":\"\",\"eventMemId\":\"415\",\"createrId\":\"7\"}', 'create_event', 77, 1, 1, 1, '2019-05-06 16:21:26', '0000-00-00 00:00:00'),
(1077, 7, 3, '{\"title\":\"Nuevo evento\",\"body\":\"[UNAME] te invito a asistir a un evento : [ENAME].\",\"type\":\"create_event\",\"sound\":\"default\",\"referenceId\":\"77\",\"compId\":\"\",\"eventMemId\":\"416\",\"createrId\":\"7\"}', 'create_event', 77, 1, 0, 1, '2019-05-06 16:21:26', '0000-00-00 00:00:00'),
(1078, 7, 19, '{\"title\":\"New Event\",\"body\":\"[UNAME] invited you to attend an event : [ENAME].\",\"type\":\"create_event\",\"sound\":\"default\",\"referenceId\":\"77\",\"compId\":\"\",\"eventMemId\":\"417\",\"createrId\":\"7\"}', 'create_event', 77, 1, 0, 1, '2019-05-06 16:21:26', '0000-00-00 00:00:00'),
(1079, 7, 20, '{\"title\":\"New Event\",\"body\":\"[UNAME] invited you to attend an event : [ENAME].\",\"type\":\"create_event\",\"sound\":\"default\",\"referenceId\":\"77\",\"compId\":\"\",\"eventMemId\":\"418\",\"createrId\":\"7\"}', 'create_event', 77, 1, 0, 1, '2019-05-06 16:21:26', '0000-00-00 00:00:00'),
(1080, 7, 16, '{\"title\":\"New Event\",\"body\":\"[UNAME] invited you to attend an event : [ENAME].\",\"type\":\"create_event\",\"sound\":\"default\",\"referenceId\":\"77\",\"compId\":\"\",\"eventMemId\":\"419\",\"createrId\":\"7\"}', 'create_event', 77, 1, 1, 1, '2019-05-06 16:21:26', '0000-00-00 00:00:00'),
(1081, 7, 15, '{\"title\":\"New Event\",\"body\":\"[UNAME] invited you to attend an event : [ENAME].\",\"type\":\"create_event\",\"sound\":\"default\",\"referenceId\":\"77\",\"compId\":\"\",\"eventMemId\":\"420\",\"createrId\":\"7\"}', 'create_event', 77, 1, 0, 1, '2019-05-06 16:21:26', '0000-00-00 00:00:00'),
(1082, 7, 4, '{\"title\":\"New Event\",\"body\":\"[UNAME] invited you to attend an event : [ENAME].\",\"type\":\"create_event\",\"sound\":\"default\",\"referenceId\":\"77\",\"compId\":\"\",\"eventMemId\":\"421\",\"createrId\":\"7\"}', 'create_event', 77, 1, 0, 1, '2019-05-06 16:21:27', '0000-00-00 00:00:00'),
(1083, 7, 21, '{\"title\":\"New Event\",\"body\":\"[UNAME] invited you to attend an event : [ENAME].\",\"type\":\"create_event\",\"sound\":\"default\",\"referenceId\":\"77\",\"compId\":\"\",\"eventMemId\":\"422\",\"createrId\":\"7\"}', 'create_event', 77, 1, 0, 1, '2019-05-06 16:21:27', '0000-00-00 00:00:00'),
(1084, 7, 8, '{\"title\":\"New Event\",\"body\":\"[UNAME] invited you to attend an event : [ENAME].\",\"type\":\"create_event\",\"sound\":\"default\",\"referenceId\":\"77\",\"compId\":\"\",\"eventMemId\":\"423\",\"createrId\":\"7\"}', 'create_event', 77, 1, 0, 1, '2019-05-06 16:21:27', '0000-00-00 00:00:00'),
(1085, 7, 3, '{\"title\":\"Nuevo evento\",\"body\":\"[UNAME] te invito a asistir a un evento : [ENAME].\",\"type\":\"create_event\",\"sound\":\"default\",\"referenceId\":\"78\",\"compId\":\"\",\"eventMemId\":\"425\",\"createrId\":\"7\"}', 'create_event', 78, 1, 0, 1, '2019-05-06 16:27:11', '0000-00-00 00:00:00'),
(1086, 7, 16, '{\"title\":\"New Event\",\"body\":\"[UNAME] invited you to attend an event : [ENAME].\",\"type\":\"create_event\",\"sound\":\"default\",\"referenceId\":\"78\",\"compId\":\"\",\"eventMemId\":\"426\",\"createrId\":\"7\"}', 'create_event', 78, 1, 1, 1, '2019-05-06 16:27:12', '0000-00-00 00:00:00'),
(1087, 7, 21, '{\"title\":\"New Event\",\"body\":\"[UNAME] invited you to attend an event : [ENAME].\",\"type\":\"create_event\",\"sound\":\"default\",\"referenceId\":\"78\",\"compId\":\"\",\"eventMemId\":\"427\",\"createrId\":\"7\"}', 'create_event', 78, 1, 0, 1, '2019-05-06 16:27:12', '0000-00-00 00:00:00'),
(1088, 7, 4, '{\"title\":\"New Event\",\"body\":\"[UNAME] invited you to attend an event : [ENAME].\",\"type\":\"create_event\",\"sound\":\"default\",\"referenceId\":\"78\",\"compId\":\"\",\"eventMemId\":\"428\",\"createrId\":\"7\"}', 'create_event', 78, 1, 0, 1, '2019-05-06 16:27:12', '0000-00-00 00:00:00'),
(1089, 7, 8, '{\"title\":\"New Event\",\"body\":\"[UNAME] invited you to attend an event : [ENAME].\",\"type\":\"create_event\",\"sound\":\"default\",\"referenceId\":\"78\",\"compId\":\"\",\"eventMemId\":\"429\",\"createrId\":\"7\"}', 'create_event', 78, 1, 0, 1, '2019-05-06 16:27:12', '0000-00-00 00:00:00'),
(1090, 3, 13, '{\"title\":\"Like\",\"body\":\"[UNAME] likes your profile.\",\"type\":\"add_like\",\"sound\":\"default\",\"referenceId\":\"3\"}', 'add_like', 0, 1, 0, 1, '2019-05-06 10:58:31', '0000-00-00 00:00:00'),
(1091, 7, 3, '{\"title\":\"Nuevo evento\",\"body\":\"[UNAME] te invito a asistir a un evento : [ENAME].\",\"type\":\"create_event\",\"sound\":\"default\",\"referenceId\":\"79\",\"compId\":\"\",\"eventMemId\":\"431\",\"createrId\":\"7\"}', 'create_event', 79, 1, 0, 1, '2019-05-06 16:31:27', '0000-00-00 00:00:00'),
(1092, 7, 8, '{\"title\":\"New Event\",\"body\":\"[UNAME] invited you to attend an event : [ENAME].\",\"type\":\"create_event\",\"sound\":\"default\",\"referenceId\":\"79\",\"compId\":\"\",\"eventMemId\":\"432\",\"createrId\":\"7\"}', 'create_event', 79, 1, 0, 1, '2019-05-06 16:31:27', '0000-00-00 00:00:00'),
(1093, 7, 17, '{\"title\":\"New Event\",\"body\":\"[UNAME] invited you to attend an event : [ENAME].\",\"type\":\"create_event\",\"sound\":\"default\",\"referenceId\":\"79\",\"compId\":\"\",\"eventMemId\":\"433\",\"createrId\":\"7\"}', 'create_event', 79, 1, 0, 1, '2019-05-06 16:31:28', '0000-00-00 00:00:00'),
(1094, 7, 3, '{\"title\":\"Nuevo evento\",\"body\":\"[UNAME] te invito a asistir a un evento : [ENAME].\",\"type\":\"create_event\",\"sound\":\"default\",\"referenceId\":\"80\",\"compId\":\"\",\"eventMemId\":\"435\",\"createrId\":\"7\"}', 'create_event', 80, 1, 0, 1, '2019-05-06 16:41:55', '0000-00-00 00:00:00'),
(1095, 7, 8, '{\"title\":\"New Event\",\"body\":\"[UNAME] invited you to attend an event : [ENAME].\",\"type\":\"create_event\",\"sound\":\"default\",\"referenceId\":\"80\",\"compId\":\"\",\"eventMemId\":\"436\",\"createrId\":\"7\"}', 'create_event', 80, 1, 0, 1, '2019-05-06 16:41:56', '0000-00-00 00:00:00'),
(1096, 7, 3, '{\"title\":\"Nuevo evento\",\"body\":\"[UNAME] te invito a asistir a un evento : [ENAME].\",\"type\":\"create_event\",\"sound\":\"default\",\"referenceId\":\"81\",\"compId\":\"\",\"eventMemId\":\"438\",\"createrId\":\"7\"}', 'create_event', 81, 1, 0, 1, '2019-05-06 16:56:36', '0000-00-00 00:00:00'),
(1097, 7, 8, '{\"title\":\"New Event\",\"body\":\"[UNAME] invited you to attend an event : [ENAME].\",\"type\":\"create_event\",\"sound\":\"default\",\"referenceId\":\"81\",\"compId\":\"\",\"eventMemId\":\"439\",\"createrId\":\"7\"}', 'create_event', 81, 1, 0, 1, '2019-05-06 16:56:37', '0000-00-00 00:00:00'),
(1098, 21, 8, '{\"title\":\"Appointment confirmed\",\"body\":\"[UNAME] has confirmed your appointment.\",\"type\":\"confirmed_appointment\",\"sound\":\"default\",\"referenceId\":\"81\"}', 'confirmed_appointment', 0, 1, 0, 1, '2019-05-06 17:00:38', '0000-00-00 00:00:00'),
(1099, 21, 8, '{\"title\":\"Finish Appointment\",\"body\":\"[UNAME] has finished appointment.\",\"type\":\"finish_appointment\",\"sound\":\"default\",\"referenceId\":\"81\"}', 'finish_appointment', 0, 1, 0, 1, '2019-05-06 17:01:05', '0000-00-00 00:00:00'),
(1100, 21, 8, '{\"title\":\"Appointment Reviews\",\"body\":\"[UNAME] has given you a review.\",\"type\":\"review_appointment\",\"sound\":\"default\",\"referenceId\":\"81\"}', 'review_appointment', 0, 1, 0, 1, '2019-05-06 17:01:18', '0000-00-00 00:00:00'),
(1101, 21, 17, '{\"title\":\"New Appointment\",\"body\":\"[UNAME] has created appointment with you.\",\"type\":\"create_appointment\",\"sound\":\"default\",\"referenceId\":120}', 'create_appointment', 0, 1, 0, 1, '2019-05-06 17:01:53', '0000-00-00 00:00:00'),
(1102, 17, 21, '{\"title\":\"Appointment confirmed\",\"body\":\"[UNAME] has confirmed your appointment.\",\"type\":\"confirmed_appointment\",\"sound\":\"default\",\"referenceId\":\"120\"}', 'confirmed_appointment', 0, 1, 0, 1, '2019-05-06 17:02:19', '0000-00-00 00:00:00'),
(1103, 17, 21, '{\"title\":\"Finish Appointment\",\"body\":\"[UNAME] has finished appointment.\",\"type\":\"finish_appointment\",\"sound\":\"default\",\"referenceId\":\"120\"}', 'finish_appointment', 0, 1, 0, 1, '2019-05-06 17:02:36', '0000-00-00 00:00:00'),
(1104, 7, 8, '{\"title\":\"New Event\",\"body\":\"[UNAME] invited you to attend an event : [ENAME].\",\"type\":\"create_event\",\"sound\":\"default\",\"referenceId\":\"82\",\"compId\":\"\",\"eventMemId\":\"441\",\"createrId\":\"7\"}', 'create_event', 82, 1, 0, 1, '2019-05-06 17:03:55', '0000-00-00 00:00:00'),
(1105, 17, 6, '{\"title\":\"New Appointment\",\"body\":\"[UNAME] has created appointment with you.\",\"type\":\"create_appointment\",\"sound\":\"default\",\"referenceId\":121}', 'create_appointment', 0, 1, 1, 1, '2019-05-06 17:38:24', '0000-00-00 00:00:00'),
(1106, 17, 3, '{\"title\":\"Nuevo evento\",\"body\":\"[UNAME] te invito a asistir a un evento : [ENAME].\",\"type\":\"create_event\",\"sound\":\"default\",\"referenceId\":\"83\",\"compId\":\"\",\"eventMemId\":\"443\",\"createrId\":\"17\"}', 'create_event', 83, 1, 0, 1, '2019-05-06 17:39:51', '0000-00-00 00:00:00'),
(1107, 17, 20, '{\"title\":\"New Event\",\"body\":\"[UNAME] invited you to attend an event : [ENAME].\",\"type\":\"create_event\",\"sound\":\"default\",\"referenceId\":\"83\",\"compId\":\"\",\"eventMemId\":\"444\",\"createrId\":\"17\"}', 'create_event', 83, 1, 0, 1, '2019-05-06 17:39:51', '0000-00-00 00:00:00'),
(1108, 17, 19, '{\"title\":\"New Event\",\"body\":\"[UNAME] invited you to attend an event : [ENAME].\",\"type\":\"create_event\",\"sound\":\"default\",\"referenceId\":\"83\",\"compId\":\"\",\"eventMemId\":\"445\",\"createrId\":\"17\"}', 'create_event', 83, 1, 0, 1, '2019-05-06 17:39:51', '0000-00-00 00:00:00'),
(1109, 17, 5, '{\"title\":\"New Event\",\"body\":\"[UNAME] invited you to attend an event : [ENAME].\",\"type\":\"create_event\",\"sound\":\"default\",\"referenceId\":\"83\",\"compId\":\"\",\"eventMemId\":\"446\",\"createrId\":\"17\"}', 'create_event', 83, 1, 0, 1, '2019-05-06 17:39:52', '0000-00-00 00:00:00'),
(1110, 17, 16, '{\"title\":\"New Event\",\"body\":\"[UNAME] invited you to attend an event : [ENAME].\",\"type\":\"create_event\",\"sound\":\"default\",\"referenceId\":\"83\",\"compId\":\"\",\"eventMemId\":\"447\",\"createrId\":\"17\"}', 'create_event', 83, 1, 1, 1, '2019-05-06 17:39:52', '0000-00-00 00:00:00'),
(1111, 17, 15, '{\"title\":\"New Event\",\"body\":\"[UNAME] invited you to attend an event : [ENAME].\",\"type\":\"create_event\",\"sound\":\"default\",\"referenceId\":\"83\",\"compId\":\"\",\"eventMemId\":\"448\",\"createrId\":\"17\"}', 'create_event', 83, 1, 0, 1, '2019-05-06 17:39:52', '0000-00-00 00:00:00'),
(1112, 17, 10, '{\"title\":\"New Event\",\"body\":\"[UNAME] invited you to attend an event : [ENAME].\",\"type\":\"create_event\",\"sound\":\"default\",\"referenceId\":\"83\",\"compId\":\"\",\"eventMemId\":\"449\",\"createrId\":\"17\"}', 'create_event', 83, 1, 1, 1, '2019-05-06 17:39:52', '0000-00-00 00:00:00'),
(1113, 17, 3, '{\"title\":\"Nuevo evento\",\"body\":\"[UNAME] te invito a asistir a un evento : [ENAME].\",\"type\":\"create_event\",\"sound\":\"default\",\"referenceId\":\"83\",\"compId\":\"\",\"eventMemId\":\"443\",\"createrId\":\"17\"}', 'create_event', 83, 1, 0, 1, '2019-05-06 17:40:09', '0000-00-00 00:00:00'),
(1114, 17, 20, '{\"title\":\"New Event\",\"body\":\"[UNAME] invited you to attend an event : [ENAME].\",\"type\":\"create_event\",\"sound\":\"default\",\"referenceId\":\"83\",\"compId\":\"\",\"eventMemId\":\"444\",\"createrId\":\"17\"}', 'create_event', 83, 1, 0, 1, '2019-05-06 17:40:10', '0000-00-00 00:00:00'),
(1115, 17, 19, '{\"title\":\"New Event\",\"body\":\"[UNAME] invited you to attend an event : [ENAME].\",\"type\":\"create_event\",\"sound\":\"default\",\"referenceId\":\"83\",\"compId\":\"\",\"eventMemId\":\"445\",\"createrId\":\"17\"}', 'create_event', 83, 1, 0, 1, '2019-05-06 17:40:10', '0000-00-00 00:00:00'),
(1116, 17, 5, '{\"title\":\"New Event\",\"body\":\"[UNAME] invited you to attend an event : [ENAME].\",\"type\":\"create_event\",\"sound\":\"default\",\"referenceId\":\"83\",\"compId\":\"\",\"eventMemId\":\"446\",\"createrId\":\"17\"}', 'create_event', 83, 1, 0, 1, '2019-05-06 17:40:10', '0000-00-00 00:00:00'),
(1117, 17, 16, '{\"title\":\"New Event\",\"body\":\"[UNAME] invited you to attend an event : [ENAME].\",\"type\":\"create_event\",\"sound\":\"default\",\"referenceId\":\"83\",\"compId\":\"\",\"eventMemId\":\"447\",\"createrId\":\"17\"}', 'create_event', 83, 1, 1, 1, '2019-05-06 17:40:10', '0000-00-00 00:00:00'),
(1118, 17, 15, '{\"title\":\"New Event\",\"body\":\"[UNAME] invited you to attend an event : [ENAME].\",\"type\":\"create_event\",\"sound\":\"default\",\"referenceId\":\"83\",\"compId\":\"\",\"eventMemId\":\"448\",\"createrId\":\"17\"}', 'create_event', 83, 1, 0, 1, '2019-05-06 17:40:10', '0000-00-00 00:00:00'),
(1119, 17, 10, '{\"title\":\"New Event\",\"body\":\"[UNAME] invited you to attend an event : [ENAME].\",\"type\":\"create_event\",\"sound\":\"default\",\"referenceId\":\"83\",\"compId\":\"\",\"eventMemId\":\"449\",\"createrId\":\"17\"}', 'create_event', 83, 1, 1, 1, '2019-05-06 17:40:10', '0000-00-00 00:00:00'),
(1120, 3, 20, '{\"title\":\"New Appointment\",\"body\":\"[UNAME] has created appointment with you.\",\"type\":\"create_appointment\",\"sound\":\"default\",\"referenceId\":122}', 'create_appointment', 0, 1, 0, 1, '2019-05-06 17:42:14', '0000-00-00 00:00:00'),
(1121, 3, 19, '{\"title\":\"New Event\",\"body\":\"[UNAME] invited you to attend an event : [ENAME].\",\"type\":\"create_event\",\"sound\":\"default\",\"referenceId\":\"84\",\"compId\":\"\",\"eventMemId\":\"451\",\"createrId\":\"3\"}', 'create_event', 84, 1, 0, 1, '2019-05-06 17:46:01', '0000-00-00 00:00:00'),
(1122, 3, 20, '{\"title\":\"New Event\",\"body\":\"[UNAME] invited you to attend an event : [ENAME].\",\"type\":\"create_event\",\"sound\":\"default\",\"referenceId\":\"84\",\"compId\":\"\",\"eventMemId\":\"452\",\"createrId\":\"3\"}', 'create_event', 84, 1, 0, 1, '2019-05-06 17:46:01', '0000-00-00 00:00:00'),
(1123, 3, 6, '{\"title\":\"New Event\",\"body\":\"[UNAME] invited you to attend an event : [ENAME].\",\"type\":\"create_event\",\"sound\":\"default\",\"referenceId\":\"84\",\"compId\":\"\",\"eventMemId\":\"453\",\"createrId\":\"3\"}', 'create_event', 84, 1, 1, 1, '2019-05-06 17:46:01', '0000-00-00 00:00:00'),
(1124, 3, 7, '{\"title\":\"New Event\",\"body\":\"[UNAME] invited you to attend an event : [ENAME].\",\"type\":\"create_event\",\"sound\":\"default\",\"referenceId\":\"84\",\"compId\":\"\",\"eventMemId\":\"454\",\"createrId\":\"3\"}', 'create_event', 84, 1, 0, 1, '2019-05-06 17:46:01', '0000-00-00 00:00:00'),
(1125, 3, 19, '{\"title\":\"New Event\",\"body\":\"[UNAME] invited you to attend an event : [ENAME].\",\"type\":\"create_event\",\"sound\":\"default\",\"referenceId\":\"84\",\"compId\":\"\",\"eventMemId\":\"451\",\"createrId\":\"3\"}', 'create_event', 84, 1, 0, 1, '2019-05-06 17:46:48', '0000-00-00 00:00:00'),
(1126, 3, 20, '{\"title\":\"New Event\",\"body\":\"[UNAME] invited you to attend an event : [ENAME].\",\"type\":\"create_event\",\"sound\":\"default\",\"referenceId\":\"84\",\"compId\":\"\",\"eventMemId\":\"452\",\"createrId\":\"3\"}', 'create_event', 84, 1, 0, 1, '2019-05-06 17:46:48', '0000-00-00 00:00:00'),
(1127, 3, 6, '{\"title\":\"New Event\",\"body\":\"[UNAME] invited you to attend an event : [ENAME].\",\"type\":\"create_event\",\"sound\":\"default\",\"referenceId\":\"84\",\"compId\":\"\",\"eventMemId\":\"453\",\"createrId\":\"3\"}', 'create_event', 84, 1, 1, 1, '2019-05-06 17:46:48', '0000-00-00 00:00:00'),
(1128, 3, 7, '{\"title\":\"New Event\",\"body\":\"[UNAME] invited you to attend an event : [ENAME].\",\"type\":\"create_event\",\"sound\":\"default\",\"referenceId\":\"84\",\"compId\":\"\",\"eventMemId\":\"454\",\"createrId\":\"3\"}', 'create_event', 84, 1, 0, 1, '2019-05-06 17:46:49', '0000-00-00 00:00:00'),
(1129, 10, 17, '{\"title\":\"Join Event\",\"body\":\"[UNAME] joined your event : [ENAME]\",\"type\":\"join_event\",\"sound\":\"default\",\"referenceId\":\"83\",\"compId\":\"\",\"eventMemId\":\"449\",\"createrId\":\"17\"}', 'join_event', 83, 1, 0, 1, '2019-05-06 19:04:41', '0000-00-00 00:00:00'),
(1130, 6, 7, '{\"title\":\"Friend Request\",\"body\":\"[UNAME] has sent you a friend request.\",\"type\":\"friend_request\",\"sound\":\"default\",\"referenceId\":\"6\"}', 'friend_request', 0, 1, 0, 1, '2019-05-06 13:37:25', '0000-00-00 00:00:00'),
(1131, 7, 6, '{\"title\":\"Friend Request\",\"body\":\"[UNAME] has sent you a friend request.\",\"type\":\"friend_request\",\"sound\":\"default\",\"referenceId\":\"7\"}', 'friend_request', 0, 1, 1, 1, '2019-05-06 13:37:58', '0000-00-00 00:00:00'),
(1132, 11, 14, '{\"title\":\"New Event\",\"body\":\"[UNAME] invited you to attend an event : [ENAME].\",\"type\":\"create_event\",\"sound\":\"default\",\"referenceId\":\"85\",\"compId\":\"\",\"eventMemId\":\"456\",\"createrId\":\"11\"}', 'create_event', 85, 1, 0, 1, '2019-05-06 20:14:36', '0000-00-00 00:00:00'),
(1133, 11, 17, '{\"title\":\"New Event\",\"body\":\"[UNAME] invited you to attend an event : [ENAME].\",\"type\":\"create_event\",\"sound\":\"default\",\"referenceId\":\"85\",\"compId\":\"\",\"eventMemId\":\"457\",\"createrId\":\"11\"}', 'create_event', 85, 1, 0, 1, '2019-05-06 20:14:36', '0000-00-00 00:00:00'),
(1134, 11, 12, '{\"title\":\"New Event\",\"body\":\"[UNAME] invited you to attend an event : [ENAME].\",\"type\":\"create_event\",\"sound\":\"default\",\"referenceId\":\"85\",\"compId\":\"\",\"eventMemId\":\"458\",\"createrId\":\"11\"}', 'create_event', 85, 1, 0, 1, '2019-05-06 20:14:36', '0000-00-00 00:00:00'),
(1135, 11, 8, '{\"title\":\"New Event\",\"body\":\"[UNAME] invited you to attend an event : [ENAME].\",\"type\":\"create_event\",\"sound\":\"default\",\"referenceId\":\"85\",\"compId\":\"\",\"eventMemId\":\"459\",\"createrId\":\"11\"}', 'create_event', 85, 1, 0, 1, '2019-05-06 20:14:37', '0000-00-00 00:00:00'),
(1136, 11, 4, '{\"title\":\"New Event\",\"body\":\"[UNAME] invited you to attend an event : [ENAME].\",\"type\":\"create_event\",\"sound\":\"default\",\"referenceId\":\"85\",\"compId\":\"\",\"eventMemId\":\"460\",\"createrId\":\"11\"}', 'create_event', 85, 1, 0, 1, '2019-05-06 20:14:37', '0000-00-00 00:00:00'),
(1137, 11, 21, '{\"title\":\"New Event\",\"body\":\"[UNAME] invited you to attend an event : [ENAME].\",\"type\":\"create_event\",\"sound\":\"default\",\"referenceId\":\"85\",\"compId\":\"\",\"eventMemId\":\"461\",\"createrId\":\"11\"}', 'create_event', 85, 1, 0, 1, '2019-05-06 20:14:37', '0000-00-00 00:00:00'),
(1138, 11, 5, '{\"title\":\"New Event\",\"body\":\"[UNAME] invited you to attend an event : [ENAME].\",\"type\":\"create_event\",\"sound\":\"default\",\"referenceId\":\"85\",\"compId\":\"\",\"eventMemId\":\"462\",\"createrId\":\"11\"}', 'create_event', 85, 1, 0, 1, '2019-05-06 20:14:37', '0000-00-00 00:00:00'),
(1139, 5, 11, '{\"title\":\"Join Event\",\"body\":\"[UNAME] joined your event : [ENAME].\",\"type\":\"join_event\",\"sound\":\"default\",\"referenceId\":\"85\",\"compId\":\"\",\"eventMemId\":\"462\",\"createrId\":\"11\"}', 'join_event', 85, 1, 1, 1, '2019-05-06 20:23:15', '0000-00-00 00:00:00'),
(1140, 6, 3, '{\"title\":\"Unirse al evento\",\"body\":\"[UNAME] se uni\\u00f3 a tu evento : [ENAME].\",\"type\":\"join_event\",\"sound\":\"default\",\"referenceId\":\"84\",\"compId\":\"\",\"eventMemId\":\"453\",\"createrId\":\"3\"}', 'join_event', 84, 1, 0, 1, '2019-05-07 16:05:02', '0000-00-00 00:00:00'),
(1141, 10, 6, '{\"title\":\"Appointment Payment\",\"body\":\"[UNAME] paid for your appointment.\",\"type\":\"appointment_payment\",\"sound\":\"default\",\"referenceId\":\"118\"}', 'appointment_payment', 0, 0, 1, 1, '2019-05-07 18:11:05', '0000-00-00 00:00:00'),
(1142, 10, 6, '{\"title\":\"Finish Appointment\",\"body\":\"[UNAME] has finished appointment.\",\"type\":\"finish_appointment\",\"sound\":\"default\",\"referenceId\":\"118\"}', 'finish_appointment', 0, 1, 1, 1, '2019-05-07 18:11:25', '0000-00-00 00:00:00'),
(1143, 10, 16, '{\"title\":\"Join Event\",\"body\":\"[UNAME] joined your event : [ENAME]\",\"type\":\"join_event\",\"sound\":\"default\",\"referenceId\":\"63\",\"compId\":\"\",\"eventMemId\":\"349\",\"createrId\":\"16\"}', 'join_event', 63, 0, 1, 1, '2019-05-07 18:12:20', '0000-00-00 00:00:00'),
(1144, 6, 7, '{\"title\":\"New Appointment\",\"body\":\"[UNAME] has created appointment with you.\",\"type\":\"create_appointment\",\"sound\":\"default\",\"referenceId\":123}', 'create_appointment', 0, 1, 0, 1, '2019-05-07 18:23:55', '0000-00-00 00:00:00'),
(1145, 7, 6, '{\"title\":\"Appointment confirmed\",\"body\":\"[UNAME] has confirmed your appointment.\",\"type\":\"confirmed_appointment\",\"sound\":\"default\",\"referenceId\":\"123\"}', 'confirmed_appointment', 0, 1, 1, 1, '2019-05-07 18:25:08', '0000-00-00 00:00:00'),
(1146, 6, 7, '{\"title\":\"Appointment Payment\",\"body\":\"[UNAME] paid for your appointment.\",\"type\":\"appointment_payment\",\"sound\":\"default\",\"referenceId\":\"123\"}', 'appointment_payment', 0, 1, 0, 1, '2019-05-07 18:25:37', '0000-00-00 00:00:00'),
(1147, 6, 7, '{\"title\":\"Finish Appointment\",\"body\":\"[UNAME] has finished appointment.\",\"type\":\"finish_appointment\",\"sound\":\"default\",\"referenceId\":\"123\"}', 'finish_appointment', 0, 1, 0, 1, '2019-05-07 18:25:43', '0000-00-00 00:00:00'),
(1148, 6, 7, '{\"title\":\"Appointment Reviews\",\"body\":\"[UNAME] has given you a review.\",\"type\":\"review_appointment\",\"sound\":\"default\",\"referenceId\":\"123\"}', 'review_appointment', 0, 1, 0, 1, '2019-05-07 18:26:02', '0000-00-00 00:00:00'),
(1149, 7, 6, '{\"title\":\"Appointment Reviews\",\"body\":\"[UNAME] has given you a review.\",\"type\":\"review_appointment\",\"sound\":\"default\",\"referenceId\":\"123\"}', 'review_appointment', 0, 1, 1, 1, '2019-05-07 18:26:11', '0000-00-00 00:00:00'),
(1150, 6, 21, '{\"title\":\"New Appointment\",\"body\":\"[UNAME] has created appointment with you.\",\"type\":\"create_appointment\",\"sound\":\"default\",\"referenceId\":124}', 'create_appointment', 0, 1, 0, 1, '2019-05-08 11:37:51', '0000-00-00 00:00:00'),
(1151, 16, 8, '{\"title\":\"New Appointment\",\"body\":\"[UNAME] has created appointment with you.\",\"type\":\"create_appointment\",\"sound\":\"default\",\"referenceId\":125}', 'create_appointment', 0, 1, 0, 1, '2019-05-08 12:08:51', '0000-00-00 00:00:00'),
(1152, 8, 16, '{\"title\":\"Counter\",\"body\":\"[UNAME] has applied counter on your appointment.\",\"type\":\"apply_counter\",\"sound\":\"default\",\"referenceId\":\"125\"}', 'apply_counter', 0, 1, 1, 1, '2019-05-08 12:09:05', '0000-00-00 00:00:00');
INSERT INTO `notifications` (`notId`, `notificationBy`, `notificationFor`, `message`, `notificationType`, `referenceId`, `isRead`, `webShow`, `status`, `crd`, `upd`) VALUES
(1153, 16, 8, '{\"title\":\"New Appointment\",\"body\":\"[UNAME] has created appointment with you.\",\"type\":\"create_appointment\",\"sound\":\"default\",\"referenceId\":126}', 'create_appointment', 0, 1, 0, 1, '2019-05-08 12:09:55', '0000-00-00 00:00:00'),
(1154, 16, 8, '{\"title\":\"New Appointment\",\"body\":\"[UNAME] has created appointment with you.\",\"type\":\"create_appointment\",\"sound\":\"default\",\"referenceId\":127}', 'create_appointment', 0, 1, 0, 1, '2019-05-08 12:10:53', '0000-00-00 00:00:00'),
(1155, 8, 16, '{\"title\":\"New Appointment\",\"body\":\"[UNAME] has created appointment with you.\",\"type\":\"create_appointment\",\"sound\":\"default\",\"referenceId\":128}', 'create_appointment', 0, 1, 1, 1, '2019-05-08 12:14:39', '0000-00-00 00:00:00'),
(1156, 16, 15, '{\"title\":\"New Event\",\"body\":\"[UNAME] invited you to attend an event : [ENAME].\",\"type\":\"create_event\",\"sound\":\"default\",\"referenceId\":\"86\",\"compId\":\"\",\"eventMemId\":\"464\",\"createrId\":\"16\"}', 'create_event', 86, 0, 1, 1, '2019-05-08 12:19:51', '0000-00-00 00:00:00'),
(1157, 16, 8, '{\"title\":\"New Event\",\"body\":\"[UNAME] invited you to attend an event : [ENAME].\",\"type\":\"create_event\",\"sound\":\"default\",\"referenceId\":\"86\",\"compId\":\"\",\"eventMemId\":\"465\",\"createrId\":\"16\"}', 'create_event', 86, 1, 0, 1, '2019-05-08 12:19:51', '0000-00-00 00:00:00'),
(1158, 16, 7, '{\"title\":\"New Event\",\"body\":\"[UNAME] invited you to attend an event : [ENAME].\",\"type\":\"create_event\",\"sound\":\"default\",\"referenceId\":\"86\",\"compId\":\"\",\"eventMemId\":\"466\",\"createrId\":\"16\"}', 'create_event', 86, 1, 0, 1, '2019-05-08 12:19:52', '0000-00-00 00:00:00'),
(1159, 16, 4, '{\"title\":\"New Event\",\"body\":\"[UNAME] invited you to attend an event : [ENAME].\",\"type\":\"create_event\",\"sound\":\"default\",\"referenceId\":\"86\",\"compId\":\"\",\"eventMemId\":\"467\",\"createrId\":\"16\"}', 'create_event', 86, 0, 0, 1, '2019-05-08 12:19:52', '0000-00-00 00:00:00'),
(1160, 16, 21, '{\"title\":\"New Event\",\"body\":\"[UNAME] invited you to attend an event : [ENAME].\",\"type\":\"create_event\",\"sound\":\"default\",\"referenceId\":\"86\",\"compId\":\"\",\"eventMemId\":\"468\",\"createrId\":\"16\"}', 'create_event', 86, 1, 0, 1, '2019-05-08 12:19:52', '0000-00-00 00:00:00'),
(1161, 16, 18, '{\"title\":\"New Event\",\"body\":\"[UNAME] invited you to attend an event : [ENAME].\",\"type\":\"create_event\",\"sound\":\"default\",\"referenceId\":\"86\",\"compId\":\"\",\"eventMemId\":\"469\",\"createrId\":\"16\"}', 'create_event', 86, 0, 0, 1, '2019-05-08 12:19:52', '0000-00-00 00:00:00'),
(1162, 16, 20, '{\"title\":\"New Event\",\"body\":\"[UNAME] invited you to attend an event : [ENAME].\",\"type\":\"create_event\",\"sound\":\"default\",\"referenceId\":\"86\",\"compId\":\"\",\"eventMemId\":\"470\",\"createrId\":\"16\"}', 'create_event', 86, 1, 0, 1, '2019-05-08 12:19:52', '0000-00-00 00:00:00'),
(1163, 16, 19, '{\"title\":\"New Event\",\"body\":\"[UNAME] invited you to attend an event : [ENAME].\",\"type\":\"create_event\",\"sound\":\"default\",\"referenceId\":\"86\",\"compId\":\"\",\"eventMemId\":\"471\",\"createrId\":\"16\"}', 'create_event', 86, 1, 0, 1, '2019-05-08 12:19:53', '0000-00-00 00:00:00'),
(1164, 16, 3, '{\"title\":\"Nuevo evento\",\"body\":\"[UNAME] te invito a asistir a un evento : [ENAME].\",\"type\":\"create_event\",\"sound\":\"default\",\"referenceId\":\"86\",\"compId\":\"\",\"eventMemId\":\"472\",\"createrId\":\"16\"}', 'create_event', 86, 1, 0, 1, '2019-05-08 12:19:53', '0000-00-00 00:00:00'),
(1165, 16, 6, '{\"title\":\"New Event\",\"body\":\"[UNAME] invited you to attend an event : [ENAME].\",\"type\":\"create_event\",\"sound\":\"default\",\"referenceId\":\"86\",\"compId\":\"\",\"eventMemId\":\"473\",\"createrId\":\"16\"}', 'create_event', 86, 1, 1, 1, '2019-05-08 12:19:53', '0000-00-00 00:00:00'),
(1166, 8, 16, '{\"title\":\"New Appointment\",\"body\":\"[UNAME] has created appointment with you.\",\"type\":\"create_appointment\",\"sound\":\"default\",\"referenceId\":129}', 'create_appointment', 0, 1, 1, 1, '2019-05-08 12:21:38', '0000-00-00 00:00:00'),
(1167, 8, 16, '{\"title\":\"New Appointment\",\"body\":\"[UNAME] has created appointment with you.\",\"type\":\"create_appointment\",\"sound\":\"default\",\"referenceId\":130}', 'create_appointment', 0, 1, 1, 1, '2019-05-08 12:22:03', '0000-00-00 00:00:00'),
(1168, 16, 8, '{\"title\":\"Update Appointment\",\"body\":\"[UNAME] has modified appointment with you.\",\"type\":\"update_appointment\",\"sound\":\"default\",\"referenceId\":\"127\"}', 'update_appointment', 0, 0, 0, 1, '2019-05-08 12:24:09', '0000-00-00 00:00:00'),
(1169, 16, 8, '{\"title\":\"Update Appointment\",\"body\":\"[UNAME] has modified appointment with you.\",\"type\":\"update_appointment\",\"sound\":\"default\",\"referenceId\":\"127\"}', 'update_appointment', 0, 0, 0, 1, '2019-05-08 12:24:18', '0000-00-00 00:00:00'),
(1170, 16, 8, '{\"title\":\"Update Appointment\",\"body\":\"[UNAME] has modified appointment with you.\",\"type\":\"update_appointment\",\"sound\":\"default\",\"referenceId\":\"127\"}', 'update_appointment', 0, 0, 0, 1, '2019-05-08 12:24:39', '0000-00-00 00:00:00'),
(1171, 16, 8, '{\"title\":\"Update Appointment\",\"body\":\"[UNAME] has modified appointment with you.\",\"type\":\"update_appointment\",\"sound\":\"default\",\"referenceId\":\"127\"}', 'update_appointment', 0, 0, 0, 1, '2019-05-08 12:24:45', '0000-00-00 00:00:00'),
(1172, 16, 8, '{\"title\":\"Update Appointment\",\"body\":\"[UNAME] has modified appointment with you.\",\"type\":\"update_appointment\",\"sound\":\"default\",\"referenceId\":\"127\"}', 'update_appointment', 0, 0, 0, 1, '2019-05-08 12:25:23', '0000-00-00 00:00:00'),
(1173, 8, 16, '{\"title\":\"New Appointment\",\"body\":\"[UNAME] has created appointment with you.\",\"type\":\"create_appointment\",\"sound\":\"default\",\"referenceId\":131}', 'create_appointment', 0, 1, 1, 1, '2019-05-08 12:26:50', '0000-00-00 00:00:00'),
(1179, 22, 23, '{\"title\":\"Friend Request\",\"body\":\"[UNAME] has sent you a friend request.\",\"type\":\"friend_request\",\"sound\":\"default\",\"referenceId\":\"22\"}', 'friend_request', 0, 1, 0, 1, '2019-05-08 07:43:18', '0000-00-00 00:00:00'),
(1180, 22, 23, '{\"title\":\"Favorite\",\"body\":\"[UNAME]  added you as a favorite.\",\"type\":\"add_favorite\",\"sound\":\"default\",\"referenceId\":\"22\"}', 'add_favorite', 0, 1, 0, 1, '2019-05-08 07:43:42', '0000-00-00 00:00:00'),
(1181, 23, 22, '{\"title\":\"Favorite\",\"body\":\"[UNAME]  added you as a favorite.\",\"type\":\"add_favorite\",\"sound\":\"default\",\"referenceId\":\"23\"}', 'add_favorite', 0, 1, 0, 1, '2019-05-08 07:43:45', '0000-00-00 00:00:00'),
(1182, 23, 22, '{\"title\":\"Like\",\"body\":\"[UNAME] likes your profile.\",\"type\":\"add_like\",\"sound\":\"default\",\"referenceId\":\"23\"}', 'add_like', 0, 1, 0, 1, '2019-05-08 07:44:04', '0000-00-00 00:00:00'),
(1183, 22, 23, '{\"title\":\"Like\",\"body\":\"[UNAME] likes your profile.\",\"type\":\"add_like\",\"sound\":\"default\",\"referenceId\":\"22\"}', 'add_like', 0, 1, 0, 1, '2019-05-08 07:44:06', '0000-00-00 00:00:00'),
(1184, 23, 22, '{\"title\":\"Friend Request\",\"body\":\"[UNAME] has sent you a friend request.\",\"type\":\"friend_request\",\"sound\":\"default\",\"referenceId\":\"23\"}', 'friend_request', 0, 1, 0, 1, '2019-05-08 07:44:41', '0000-00-00 00:00:00'),
(1185, 22, 8, '{\"title\":\"New Event\",\"body\":\"[UNAME] invited you to attend an event : [ENAME].\",\"type\":\"create_event\",\"sound\":\"default\",\"referenceId\":\"88\",\"compId\":\"\",\"eventMemId\":\"479\",\"createrId\":\"22\"}', 'create_event', 88, 1, 0, 1, '2019-05-08 14:01:53', '0000-00-00 00:00:00'),
(1186, 22, 23, '{\"title\":\"New Event\",\"body\":\"[UNAME] invited you to attend an event : [ENAME].\",\"type\":\"create_event\",\"sound\":\"default\",\"referenceId\":\"88\",\"compId\":\"\",\"eventMemId\":\"480\",\"createrId\":\"22\"}', 'create_event', 88, 1, 0, 1, '2019-05-08 14:01:53', '0000-00-00 00:00:00'),
(1187, 22, 15, '{\"title\":\"New Event\",\"body\":\"[UNAME] invited you to attend an event : [ENAME].\",\"type\":\"create_event\",\"sound\":\"default\",\"referenceId\":\"88\",\"compId\":\"\",\"eventMemId\":\"481\",\"createrId\":\"22\"}', 'create_event', 88, 1, 0, 1, '2019-05-08 14:01:54', '0000-00-00 00:00:00'),
(1188, 22, 8, '{\"title\":\"New Event\",\"body\":\"[UNAME] invited you to attend an event : [ENAME].\",\"type\":\"create_event\",\"sound\":\"default\",\"referenceId\":\"89\",\"compId\":\"\",\"eventMemId\":\"483\",\"createrId\":\"22\"}', 'create_event', 89, 1, 0, 1, '2019-05-08 14:01:55', '0000-00-00 00:00:00'),
(1189, 22, 23, '{\"title\":\"New Event\",\"body\":\"[UNAME] invited you to attend an event : [ENAME].\",\"type\":\"create_event\",\"sound\":\"default\",\"referenceId\":\"89\",\"compId\":\"\",\"eventMemId\":\"484\",\"createrId\":\"22\"}', 'create_event', 89, 1, 0, 1, '2019-05-08 14:01:55', '0000-00-00 00:00:00'),
(1190, 22, 15, '{\"title\":\"New Event\",\"body\":\"[UNAME] invited you to attend an event : [ENAME].\",\"type\":\"create_event\",\"sound\":\"default\",\"referenceId\":\"89\",\"compId\":\"\",\"eventMemId\":\"485\",\"createrId\":\"22\"}', 'create_event', 89, 1, 0, 1, '2019-05-08 14:01:55', '0000-00-00 00:00:00'),
(1191, 22, 8, '{\"title\":\"New Event\",\"body\":\"[UNAME] invited you to attend an event : [ENAME].\",\"type\":\"create_event\",\"sound\":\"default\",\"referenceId\":\"90\",\"compId\":\"\",\"eventMemId\":\"487\",\"createrId\":\"22\"}', 'create_event', 90, 1, 0, 1, '2019-05-08 14:01:57', '0000-00-00 00:00:00'),
(1192, 22, 23, '{\"title\":\"New Event\",\"body\":\"[UNAME] invited you to attend an event : [ENAME].\",\"type\":\"create_event\",\"sound\":\"default\",\"referenceId\":\"90\",\"compId\":\"\",\"eventMemId\":\"488\",\"createrId\":\"22\"}', 'create_event', 90, 1, 0, 1, '2019-05-08 14:01:57', '0000-00-00 00:00:00'),
(1193, 22, 15, '{\"title\":\"New Event\",\"body\":\"[UNAME] invited you to attend an event : [ENAME].\",\"type\":\"create_event\",\"sound\":\"default\",\"referenceId\":\"90\",\"compId\":\"\",\"eventMemId\":\"489\",\"createrId\":\"22\"}', 'create_event', 90, 1, 0, 1, '2019-05-08 14:01:57', '0000-00-00 00:00:00'),
(1194, 22, 8, '{\"title\":\"New Event\",\"body\":\"[UNAME] invited you to attend an event : [ENAME].\",\"type\":\"create_event\",\"sound\":\"default\",\"referenceId\":\"91\",\"compId\":\"\",\"eventMemId\":\"491\",\"createrId\":\"22\"}', 'create_event', 91, 1, 0, 1, '2019-05-08 14:06:32', '0000-00-00 00:00:00'),
(1195, 22, 10, '{\"title\":\"New Event\",\"body\":\"[UNAME] invited you to attend an event : [ENAME].\",\"type\":\"create_event\",\"sound\":\"default\",\"referenceId\":\"91\",\"compId\":\"\",\"eventMemId\":\"492\",\"createrId\":\"22\"}', 'create_event', 91, 1, 1, 1, '2019-05-08 14:06:33', '0000-00-00 00:00:00'),
(1196, 22, 19, '{\"title\":\"New Event\",\"body\":\"[UNAME] invited you to attend an event : [ENAME].\",\"type\":\"create_event\",\"sound\":\"default\",\"referenceId\":\"91\",\"compId\":\"\",\"eventMemId\":\"493\",\"createrId\":\"22\"}', 'create_event', 91, 1, 0, 1, '2019-05-08 14:06:33', '0000-00-00 00:00:00'),
(1197, 22, 20, '{\"title\":\"New Event\",\"body\":\"[UNAME] invited you to attend an event : [ENAME].\",\"type\":\"create_event\",\"sound\":\"default\",\"referenceId\":\"91\",\"compId\":\"\",\"eventMemId\":\"494\",\"createrId\":\"22\"}', 'create_event', 91, 1, 0, 1, '2019-05-08 14:06:33', '0000-00-00 00:00:00'),
(1198, 22, 6, '{\"title\":\"New Event\",\"body\":\"[UNAME] invited you to attend an event : [ENAME].\",\"type\":\"create_event\",\"sound\":\"default\",\"referenceId\":\"91\",\"compId\":\"\",\"eventMemId\":\"495\",\"createrId\":\"22\"}', 'create_event', 91, 1, 1, 1, '2019-05-08 14:06:33', '0000-00-00 00:00:00'),
(1199, 22, 3, '{\"title\":\"Nuevo evento\",\"body\":\"[UNAME] te invito a asistir a un evento : [ENAME].\",\"type\":\"create_event\",\"sound\":\"default\",\"referenceId\":\"91\",\"compId\":\"\",\"eventMemId\":\"496\",\"createrId\":\"22\"}', 'create_event', 91, 1, 0, 1, '2019-05-08 14:06:33', '0000-00-00 00:00:00'),
(1200, 22, 8, '{\"title\":\"New Event\",\"body\":\"[UNAME] invited you to attend an event : [ENAME].\",\"type\":\"create_event\",\"sound\":\"default\",\"referenceId\":\"92\",\"compId\":\"\",\"eventMemId\":\"498\",\"createrId\":\"22\"}', 'create_event', 92, 1, 0, 1, '2019-05-08 14:06:35', '0000-00-00 00:00:00'),
(1201, 22, 10, '{\"title\":\"New Event\",\"body\":\"[UNAME] invited you to attend an event : [ENAME].\",\"type\":\"create_event\",\"sound\":\"default\",\"referenceId\":\"92\",\"compId\":\"\",\"eventMemId\":\"499\",\"createrId\":\"22\"}', 'create_event', 92, 1, 1, 1, '2019-05-08 14:06:35', '0000-00-00 00:00:00'),
(1202, 22, 19, '{\"title\":\"New Event\",\"body\":\"[UNAME] invited you to attend an event : [ENAME].\",\"type\":\"create_event\",\"sound\":\"default\",\"referenceId\":\"92\",\"compId\":\"\",\"eventMemId\":\"500\",\"createrId\":\"22\"}', 'create_event', 92, 1, 0, 1, '2019-05-08 14:06:35', '0000-00-00 00:00:00'),
(1203, 22, 20, '{\"title\":\"New Event\",\"body\":\"[UNAME] invited you to attend an event : [ENAME].\",\"type\":\"create_event\",\"sound\":\"default\",\"referenceId\":\"92\",\"compId\":\"\",\"eventMemId\":\"501\",\"createrId\":\"22\"}', 'create_event', 92, 1, 0, 1, '2019-05-08 14:06:36', '0000-00-00 00:00:00'),
(1204, 22, 6, '{\"title\":\"New Event\",\"body\":\"[UNAME] invited you to attend an event : [ENAME].\",\"type\":\"create_event\",\"sound\":\"default\",\"referenceId\":\"92\",\"compId\":\"\",\"eventMemId\":\"502\",\"createrId\":\"22\"}', 'create_event', 92, 1, 1, 1, '2019-05-08 14:06:36', '0000-00-00 00:00:00'),
(1205, 22, 3, '{\"title\":\"Nuevo evento\",\"body\":\"[UNAME] te invito a asistir a un evento : [ENAME].\",\"type\":\"create_event\",\"sound\":\"default\",\"referenceId\":\"92\",\"compId\":\"\",\"eventMemId\":\"503\",\"createrId\":\"22\"}', 'create_event', 92, 1, 0, 1, '2019-05-08 14:06:36', '0000-00-00 00:00:00'),
(1206, 3, 7, '{\"title\":\"New Event\",\"body\":\"[UNAME] invited you to attend an event : [ENAME].\",\"type\":\"create_event\",\"sound\":\"default\",\"referenceId\":\"93\",\"compId\":\"\",\"eventMemId\":\"505\",\"createrId\":\"3\"}', 'create_event', 93, 1, 0, 1, '2019-05-08 14:09:43', '0000-00-00 00:00:00'),
(1207, 3, 8, '{\"title\":\"New Event\",\"body\":\"[UNAME] invited you to attend an event : [ENAME].\",\"type\":\"create_event\",\"sound\":\"default\",\"referenceId\":\"93\",\"compId\":\"\",\"eventMemId\":\"506\",\"createrId\":\"3\"}', 'create_event', 93, 1, 0, 1, '2019-05-08 14:09:43', '0000-00-00 00:00:00'),
(1208, 3, 10, '{\"title\":\"New Event\",\"body\":\"[UNAME] invited you to attend an event : [ENAME].\",\"type\":\"create_event\",\"sound\":\"default\",\"referenceId\":\"93\",\"compId\":\"\",\"eventMemId\":\"507\",\"createrId\":\"3\"}', 'create_event', 93, 1, 1, 1, '2019-05-08 14:09:43', '0000-00-00 00:00:00'),
(1209, 3, 19, '{\"title\":\"New Event\",\"body\":\"[UNAME] invited you to attend an event : [ENAME].\",\"type\":\"create_event\",\"sound\":\"default\",\"referenceId\":\"93\",\"compId\":\"\",\"eventMemId\":\"508\",\"createrId\":\"3\"}', 'create_event', 93, 1, 0, 1, '2019-05-08 14:09:43', '0000-00-00 00:00:00'),
(1210, 3, 6, '{\"title\":\"New Event\",\"body\":\"[UNAME] invited you to attend an event : [ENAME].\",\"type\":\"create_event\",\"sound\":\"default\",\"referenceId\":\"93\",\"compId\":\"\",\"eventMemId\":\"509\",\"createrId\":\"3\"}', 'create_event', 93, 1, 1, 1, '2019-05-08 14:09:43', '0000-00-00 00:00:00'),
(1211, 22, 16, '{\"title\":\"New Event\",\"body\":\"[UNAME] invited you to attend an event : [ENAME].\",\"type\":\"create_event\",\"sound\":\"default\",\"referenceId\":\"88\",\"compId\":\"\",\"eventMemId\":\"511\",\"createrId\":\"22\"}', 'create_event', 88, 1, 1, 1, '2019-05-08 14:12:14', '0000-00-00 00:00:00'),
(1212, 22, 16, '{\"title\":\"New Event\",\"body\":\"[UNAME] invited you to attend an event : [ENAME].\",\"type\":\"create_event\",\"sound\":\"default\",\"referenceId\":\"88\",\"compId\":\"\",\"eventMemId\":\"511\",\"createrId\":\"22\"}', 'create_event', 88, 1, 1, 1, '2019-05-08 14:12:14', '0000-00-00 00:00:00'),
(1213, 23, 22, '{\"title\":\"New Event\",\"body\":\"[UNAME] invited you to attend an event : [ENAME].\",\"type\":\"create_event\",\"sound\":\"default\",\"referenceId\":\"94\",\"compId\":\"\",\"eventMemId\":\"512\",\"createrId\":\"23\"}', 'create_event', 94, 1, 0, 1, '2019-05-08 14:18:44', '0000-00-00 00:00:00'),
(1214, 23, 16, '{\"title\":\"New Event\",\"body\":\"[UNAME] invited you to attend an event : [ENAME].\",\"type\":\"create_event\",\"sound\":\"default\",\"referenceId\":\"94\",\"compId\":\"\",\"eventMemId\":\"513\",\"createrId\":\"23\"}', 'create_event', 94, 1, 1, 1, '2019-05-08 14:18:44', '0000-00-00 00:00:00'),
(1215, 23, 22, '{\"title\":\"New Event\",\"body\":\"[UNAME] invited you to attend an event : [ENAME].\",\"type\":\"create_event\",\"sound\":\"default\",\"referenceId\":\"94\",\"compId\":\"\",\"eventMemId\":\"512\",\"createrId\":\"23\"}', 'create_event', 94, 1, 0, 1, '2019-05-08 14:23:03', '0000-00-00 00:00:00'),
(1216, 22, 8, '{\"title\":\"New Event\",\"body\":\"[UNAME] invited you to attend an event : [ENAME].\",\"type\":\"create_event\",\"sound\":\"default\",\"referenceId\":\"90\",\"compId\":\"\",\"eventMemId\":\"487\",\"createrId\":\"22\"}', 'create_event', 90, 1, 0, 1, '2019-05-08 14:23:48', '0000-00-00 00:00:00'),
(1217, 22, 23, '{\"title\":\"New Event\",\"body\":\"[UNAME] invited you to attend an event : [ENAME].\",\"type\":\"create_event\",\"sound\":\"default\",\"referenceId\":\"90\",\"compId\":\"\",\"eventMemId\":\"488\",\"createrId\":\"22\"}', 'create_event', 90, 1, 0, 1, '2019-05-08 14:23:48', '0000-00-00 00:00:00'),
(1218, 22, 15, '{\"title\":\"New Event\",\"body\":\"[UNAME] invited you to attend an event : [ENAME].\",\"type\":\"create_event\",\"sound\":\"default\",\"referenceId\":\"90\",\"compId\":\"\",\"eventMemId\":\"489\",\"createrId\":\"22\"}', 'create_event', 90, 1, 0, 1, '2019-05-08 14:23:48', '0000-00-00 00:00:00'),
(1219, 23, 22, '{\"title\":\"New Event\",\"body\":\"[UNAME] invited you to attend an event : [ENAME].\",\"type\":\"create_event\",\"sound\":\"default\",\"referenceId\":\"94\",\"compId\":\"\",\"eventMemId\":\"512\",\"createrId\":\"23\"}', 'create_event', 94, 1, 0, 1, '2019-05-08 14:27:47', '0000-00-00 00:00:00'),
(1220, 23, 22, '{\"title\":\"New Event\",\"body\":\"[UNAME] invited you to attend an event : [ENAME].\",\"type\":\"create_event\",\"sound\":\"default\",\"referenceId\":\"94\",\"compId\":\"\",\"eventMemId\":\"512\",\"createrId\":\"23\"}', 'create_event', 94, 1, 0, 1, '2019-05-08 14:33:57', '0000-00-00 00:00:00'),
(1221, 23, 18, '{\"title\":\"New Event\",\"body\":\"[UNAME] invited you to attend an event : [ENAME].\",\"type\":\"create_event\",\"sound\":\"default\",\"referenceId\":\"94\",\"compId\":\"\",\"eventMemId\":\"515\",\"createrId\":\"23\"}', 'create_event', 94, 1, 0, 1, '2019-05-08 14:33:57', '0000-00-00 00:00:00'),
(1222, 23, 21, '{\"title\":\"New Event\",\"body\":\"[UNAME] invited you to attend an event : [ENAME].\",\"type\":\"create_event\",\"sound\":\"default\",\"referenceId\":\"94\",\"compId\":\"\",\"eventMemId\":\"516\",\"createrId\":\"23\"}', 'create_event', 94, 1, 0, 1, '2019-05-08 14:33:57', '0000-00-00 00:00:00'),
(1223, 23, 4, '{\"title\":\"New Event\",\"body\":\"[UNAME] invited you to attend an event : [ENAME].\",\"type\":\"create_event\",\"sound\":\"default\",\"referenceId\":\"94\",\"compId\":\"\",\"eventMemId\":\"517\",\"createrId\":\"23\"}', 'create_event', 94, 1, 0, 1, '2019-05-08 14:33:57', '0000-00-00 00:00:00'),
(1224, 23, 7, '{\"title\":\"New Event\",\"body\":\"[UNAME] invited you to attend an event : [ENAME].\",\"type\":\"create_event\",\"sound\":\"default\",\"referenceId\":\"94\",\"compId\":\"\",\"eventMemId\":\"518\",\"createrId\":\"23\"}', 'create_event', 94, 1, 0, 1, '2019-05-08 14:33:58', '0000-00-00 00:00:00'),
(1225, 22, 23, '{\"title\":\"Request Accepted\",\"body\":\"[UNAME] has accepted your friend request.\",\"type\":\"accept_request\",\"sound\":\"default\",\"referenceId\":\"22\"}', 'accept_request', 0, 1, 0, 1, '2019-05-08 09:04:55', '0000-00-00 00:00:00'),
(1226, 22, 23, '{\"title\":\"Join Event\",\"body\":\"[UNAME] joined your event : [ENAME].\",\"type\":\"join_event\",\"sound\":\"default\",\"referenceId\":\"94\",\"compId\":\"\",\"eventMemId\":\"512\",\"createrId\":\"23\"}', 'join_event', 94, 1, 0, 1, '2019-05-08 14:39:38', '0000-00-00 00:00:00'),
(1227, 23, 22, '{\"title\":\"Join Event\",\"body\":\"[UNAME] joined your event : [ENAME].\",\"type\":\"join_event\",\"sound\":\"default\",\"referenceId\":\"90\",\"compId\":\"\",\"eventMemId\":\"488\",\"createrId\":\"22\"}', 'join_event', 90, 1, 0, 1, '2019-05-08 14:40:19', '0000-00-00 00:00:00'),
(1228, 22, 16, '{\"title\":\"Share Event\",\"body\":\"[UNAME] has shared an event : [ENAME]\",\"type\":\"share_event\",\"sound\":\"default\",\"referenceId\":\"94\",\"compId\":\"23\",\"eventMemId\":\"\",\"createrId\":\"22\"}', 'share_event', 94, 1, 1, 1, '2019-05-08 14:47:44', '0000-00-00 00:00:00'),
(1229, 23, 16, '{\"title\":\"Share Event\",\"body\":\"[UNAME] has shared an event : [ENAME]\",\"type\":\"share_event\",\"sound\":\"default\",\"referenceId\":\"90\",\"compId\":\"24\",\"eventMemId\":\"\",\"createrId\":\"23\"}', 'share_event', 90, 1, 1, 1, '2019-05-08 14:48:09', '0000-00-00 00:00:00'),
(1230, 23, 15, '{\"title\":\"Share Event\",\"body\":\"[UNAME] has shared an event : [ENAME]\",\"type\":\"share_event\",\"sound\":\"default\",\"referenceId\":\"90\",\"compId\":\"25\",\"eventMemId\":\"\",\"createrId\":\"23\"}', 'share_event', 90, 1, 0, 1, '2019-05-08 14:48:09', '0000-00-00 00:00:00'),
(1231, 16, 22, '{\"title\":\"Companion Accept\",\"body\":\"[UNAME] accepted your event request.\",\"type\":\"companion_accept\",\"sound\":\"default\",\"referenceId\":\"94\",\"compId\":\"\",\"eventMemId\":\"512\",\"createrId\":\"23\"}', 'companion_accept', 94, 1, 0, 1, '2019-05-08 14:51:18', '0000-00-00 00:00:00'),
(1232, 11, 13, '{\"title\":\"New Event\",\"body\":\"[UNAME] invited you to attend an event : [ENAME].\",\"type\":\"create_event\",\"sound\":\"default\",\"referenceId\":\"95\",\"compId\":\"\",\"eventMemId\":\"519\",\"createrId\":\"11\"}', 'create_event', 95, 1, 0, 1, '2019-05-08 15:23:37', '0000-00-00 00:00:00'),
(1233, 11, 14, '{\"title\":\"New Event\",\"body\":\"[UNAME] invited you to attend an event : [ENAME].\",\"type\":\"create_event\",\"sound\":\"default\",\"referenceId\":\"95\",\"compId\":\"\",\"eventMemId\":\"520\",\"createrId\":\"11\"}', 'create_event', 95, 1, 0, 1, '2019-05-08 15:23:37', '0000-00-00 00:00:00'),
(1234, 11, 12, '{\"title\":\"New Event\",\"body\":\"[UNAME] invited you to attend an event : [ENAME].\",\"type\":\"create_event\",\"sound\":\"default\",\"referenceId\":\"95\",\"compId\":\"\",\"eventMemId\":\"521\",\"createrId\":\"11\"}', 'create_event', 95, 1, 0, 1, '2019-05-08 15:23:38', '0000-00-00 00:00:00'),
(1235, 11, 9, '{\"title\":\"New Event\",\"body\":\"[UNAME] invited you to attend an event : [ENAME].\",\"type\":\"create_event\",\"sound\":\"default\",\"referenceId\":\"95\",\"compId\":\"\",\"eventMemId\":\"522\",\"createrId\":\"11\"}', 'create_event', 95, 1, 0, 1, '2019-05-08 15:23:38', '0000-00-00 00:00:00'),
(1236, 11, 13, '{\"title\":\"New Event\",\"body\":\"[UNAME] invited you to attend an event : [ENAME].\",\"type\":\"create_event\",\"sound\":\"default\",\"referenceId\":\"96\",\"compId\":\"\",\"eventMemId\":\"525\",\"createrId\":\"11\"}', 'create_event', 96, 1, 0, 1, '2019-05-08 15:40:23', '0000-00-00 00:00:00'),
(1237, 11, 12, '{\"title\":\"New Event\",\"body\":\"[UNAME] invited you to attend an event : [ENAME].\",\"type\":\"create_event\",\"sound\":\"default\",\"referenceId\":\"96\",\"compId\":\"\",\"eventMemId\":\"526\",\"createrId\":\"11\"}', 'create_event', 96, 1, 0, 1, '2019-05-08 15:40:23', '0000-00-00 00:00:00'),
(1238, 11, 9, '{\"title\":\"New Event\",\"body\":\"[UNAME] invited you to attend an event : [ENAME].\",\"type\":\"create_event\",\"sound\":\"default\",\"referenceId\":\"96\",\"compId\":\"\",\"eventMemId\":\"527\",\"createrId\":\"11\"}', 'create_event', 96, 1, 0, 1, '2019-05-08 15:40:23', '0000-00-00 00:00:00'),
(1239, 11, 13, '{\"title\":\"New Event\",\"body\":\"[UNAME] invited you to attend an event : [ENAME].\",\"type\":\"create_event\",\"sound\":\"default\",\"referenceId\":\"97\",\"compId\":\"\",\"eventMemId\":\"530\",\"createrId\":\"11\"}', 'create_event', 97, 1, 0, 1, '2019-05-08 15:43:32', '0000-00-00 00:00:00'),
(1240, 11, 12, '{\"title\":\"New Event\",\"body\":\"[UNAME] invited you to attend an event : [ENAME].\",\"type\":\"create_event\",\"sound\":\"default\",\"referenceId\":\"97\",\"compId\":\"\",\"eventMemId\":\"531\",\"createrId\":\"11\"}', 'create_event', 97, 1, 0, 1, '2019-05-08 15:43:32', '0000-00-00 00:00:00'),
(1241, 11, 9, '{\"title\":\"New Event\",\"body\":\"[UNAME] invited you to attend an event : [ENAME].\",\"type\":\"create_event\",\"sound\":\"default\",\"referenceId\":\"97\",\"compId\":\"\",\"eventMemId\":\"532\",\"createrId\":\"11\"}', 'create_event', 97, 1, 0, 1, '2019-05-08 15:43:32', '0000-00-00 00:00:00'),
(1242, 22, 7, '{\"title\":\"New Event\",\"body\":\"[UNAME] invited you to attend an event : [ENAME].\",\"type\":\"create_event\",\"sound\":\"default\",\"referenceId\":\"98\",\"compId\":\"\",\"eventMemId\":\"535\",\"createrId\":\"22\"}', 'create_event', 98, 1, 0, 1, '2019-05-08 15:47:08', '0000-00-00 00:00:00'),
(1243, 22, 3, '{\"title\":\"Nuevo evento\",\"body\":\"[UNAME] te invito a asistir a un evento : [ENAME].\",\"type\":\"create_event\",\"sound\":\"default\",\"referenceId\":\"98\",\"compId\":\"\",\"eventMemId\":\"536\",\"createrId\":\"22\"}', 'create_event', 98, 1, 0, 1, '2019-05-08 15:47:08', '0000-00-00 00:00:00'),
(1244, 22, 20, '{\"title\":\"New Event\",\"body\":\"[UNAME] invited you to attend an event : [ENAME].\",\"type\":\"create_event\",\"sound\":\"default\",\"referenceId\":\"98\",\"compId\":\"\",\"eventMemId\":\"537\",\"createrId\":\"22\"}', 'create_event', 98, 1, 0, 1, '2019-05-08 15:47:08', '0000-00-00 00:00:00'),
(1245, 22, 6, '{\"title\":\"New Event\",\"body\":\"[UNAME] invited you to attend an event : [ENAME].\",\"type\":\"create_event\",\"sound\":\"default\",\"referenceId\":\"99\",\"compId\":\"\",\"eventMemId\":\"539\",\"createrId\":\"22\"}', 'create_event', 99, 1, 1, 1, '2019-05-08 15:50:26', '0000-00-00 00:00:00'),
(1246, 22, 3, '{\"title\":\"Nuevo evento\",\"body\":\"[UNAME] te invito a asistir a un evento : [ENAME].\",\"type\":\"create_event\",\"sound\":\"default\",\"referenceId\":\"99\",\"compId\":\"\",\"eventMemId\":\"540\",\"createrId\":\"22\"}', 'create_event', 99, 1, 0, 1, '2019-05-08 15:50:26', '0000-00-00 00:00:00'),
(1247, 22, 13, '{\"title\":\"New Event\",\"body\":\"[UNAME] invited you to attend an event : [ENAME].\",\"type\":\"create_event\",\"sound\":\"default\",\"referenceId\":\"100\",\"compId\":\"\",\"eventMemId\":\"542\",\"createrId\":\"22\"}', 'create_event', 100, 1, 0, 1, '2019-05-08 15:52:54', '0000-00-00 00:00:00'),
(1248, 22, 11, '{\"title\":\"New Event\",\"body\":\"[UNAME] invited you to attend an event : [ENAME].\",\"type\":\"create_event\",\"sound\":\"default\",\"referenceId\":\"100\",\"compId\":\"\",\"eventMemId\":\"543\",\"createrId\":\"22\"}', 'create_event', 100, 1, 1, 1, '2019-05-08 15:52:54', '0000-00-00 00:00:00'),
(1249, 22, 9, '{\"title\":\"New Event\",\"body\":\"[UNAME] invited you to attend an event : [ENAME].\",\"type\":\"create_event\",\"sound\":\"default\",\"referenceId\":\"100\",\"compId\":\"\",\"eventMemId\":\"544\",\"createrId\":\"22\"}', 'create_event', 100, 1, 0, 1, '2019-05-08 15:52:55', '0000-00-00 00:00:00'),
(1250, 11, 14, '{\"title\":\"New Event\",\"body\":\"[UNAME] invited you to attend an event : [ENAME].\",\"type\":\"create_event\",\"sound\":\"default\",\"referenceId\":\"101\",\"compId\":\"\",\"eventMemId\":\"547\",\"createrId\":\"11\"}', 'create_event', 101, 1, 0, 1, '2019-05-08 15:59:07', '0000-00-00 00:00:00'),
(1251, 11, 13, '{\"title\":\"New Event\",\"body\":\"[UNAME] invited you to attend an event : [ENAME].\",\"type\":\"create_event\",\"sound\":\"default\",\"referenceId\":\"101\",\"compId\":\"\",\"eventMemId\":\"548\",\"createrId\":\"11\"}', 'create_event', 101, 1, 0, 1, '2019-05-08 15:59:07', '0000-00-00 00:00:00'),
(1252, 11, 7, '{\"title\":\"New Event\",\"body\":\"[UNAME] invited you to attend an event : [ENAME].\",\"type\":\"create_event\",\"sound\":\"default\",\"referenceId\":\"101\",\"compId\":\"\",\"eventMemId\":\"549\",\"createrId\":\"11\"}', 'create_event', 101, 1, 0, 1, '2019-05-08 15:59:07', '0000-00-00 00:00:00'),
(1253, 11, 14, '{\"title\":\"New Event\",\"body\":\"[UNAME] invited you to attend an event : [ENAME].\",\"type\":\"create_event\",\"sound\":\"default\",\"referenceId\":\"102\",\"compId\":\"\",\"eventMemId\":\"551\",\"createrId\":\"11\"}', 'create_event', 102, 1, 0, 1, '2019-05-08 16:08:59', '0000-00-00 00:00:00'),
(1254, 11, 13, '{\"title\":\"New Event\",\"body\":\"[UNAME] invited you to attend an event : [ENAME].\",\"type\":\"create_event\",\"sound\":\"default\",\"referenceId\":\"102\",\"compId\":\"\",\"eventMemId\":\"552\",\"createrId\":\"11\"}', 'create_event', 102, 1, 0, 1, '2019-05-08 16:09:00', '0000-00-00 00:00:00'),
(1255, 11, 19, '{\"title\":\"New Event\",\"body\":\"[UNAME] invited you to attend an event : [ENAME].\",\"type\":\"create_event\",\"sound\":\"default\",\"referenceId\":\"102\",\"compId\":\"\",\"eventMemId\":\"554\",\"createrId\":\"11\"}', 'create_event', 102, 1, 0, 1, '2019-05-08 16:09:00', '0000-00-00 00:00:00'),
(1256, 22, 3, '{\"title\":\"Nueva cita\",\"body\":\"[UNAME] ha creado una cita contigo.\",\"type\":\"create_appointment\",\"sound\":\"default\",\"referenceId\":132}', 'create_appointment', 0, 1, 0, 1, '2019-05-08 16:13:12', '0000-00-00 00:00:00'),
(1257, 17, 14, '{\"title\":\"New Event\",\"body\":\"[UNAME] invited you to attend an event : [ENAME].\",\"type\":\"create_event\",\"sound\":\"default\",\"referenceId\":\"103\",\"compId\":\"\",\"eventMemId\":\"556\",\"createrId\":\"17\"}', 'create_event', 103, 1, 0, 1, '2019-05-08 16:16:16', '0000-00-00 00:00:00'),
(1258, 17, 13, '{\"title\":\"New Event\",\"body\":\"[UNAME] invited you to attend an event : [ENAME].\",\"type\":\"create_event\",\"sound\":\"default\",\"referenceId\":\"103\",\"compId\":\"\",\"eventMemId\":\"557\",\"createrId\":\"17\"}', 'create_event', 103, 1, 0, 1, '2019-05-08 16:16:16', '0000-00-00 00:00:00'),
(1259, 17, 7, '{\"title\":\"New Event\",\"body\":\"[UNAME] invited you to attend an event : [ENAME].\",\"type\":\"create_event\",\"sound\":\"default\",\"referenceId\":\"103\",\"compId\":\"\",\"eventMemId\":\"558\",\"createrId\":\"17\"}', 'create_event', 103, 1, 0, 1, '2019-05-08 16:16:16', '0000-00-00 00:00:00'),
(1260, 17, 11, '{\"title\":\"New Event\",\"body\":\"[UNAME] invited you to attend an event : [ENAME].\",\"type\":\"create_event\",\"sound\":\"default\",\"referenceId\":\"103\",\"compId\":\"\",\"eventMemId\":\"559\",\"createrId\":\"17\"}', 'create_event', 103, 1, 1, 1, '2019-05-08 16:16:17', '0000-00-00 00:00:00'),
(1261, 17, 12, '{\"title\":\"New Event\",\"body\":\"[UNAME] invited you to attend an event : [ENAME].\",\"type\":\"create_event\",\"sound\":\"default\",\"referenceId\":\"103\",\"compId\":\"\",\"eventMemId\":\"560\",\"createrId\":\"17\"}', 'create_event', 103, 1, 0, 1, '2019-05-08 16:16:17', '0000-00-00 00:00:00'),
(1262, 11, 19, '{\"title\":\"New Event\",\"body\":\"[UNAME] invited you to attend an event : [ENAME].\",\"type\":\"create_event\",\"sound\":\"default\",\"referenceId\":\"104\",\"compId\":\"\",\"eventMemId\":\"563\",\"createrId\":\"11\"}', 'create_event', 104, 1, 0, 1, '2019-05-08 16:17:47', '0000-00-00 00:00:00'),
(1263, 11, 20, '{\"title\":\"New Event\",\"body\":\"[UNAME] invited you to attend an event : [ENAME].\",\"type\":\"create_event\",\"sound\":\"default\",\"referenceId\":\"104\",\"compId\":\"\",\"eventMemId\":\"564\",\"createrId\":\"11\"}', 'create_event', 104, 1, 0, 1, '2019-05-08 16:17:47', '0000-00-00 00:00:00'),
(1264, 11, 3, '{\"title\":\"Nuevo evento\",\"body\":\"[UNAME] te invito a asistir a un evento : [ENAME].\",\"type\":\"create_event\",\"sound\":\"default\",\"referenceId\":\"104\",\"compId\":\"\",\"eventMemId\":\"565\",\"createrId\":\"11\"}', 'create_event', 104, 1, 0, 1, '2019-05-08 16:17:47', '0000-00-00 00:00:00'),
(1265, 11, 15, '{\"title\":\"New Event\",\"body\":\"[UNAME] invited you to attend an event : [ENAME].\",\"type\":\"create_event\",\"sound\":\"default\",\"referenceId\":\"105\",\"compId\":\"\",\"eventMemId\":\"567\",\"createrId\":\"11\"}', 'create_event', 105, 1, 0, 1, '2019-05-08 16:23:10', '0000-00-00 00:00:00'),
(1266, 11, 19, '{\"title\":\"New Event\",\"body\":\"[UNAME] invited you to attend an event : [ENAME].\",\"type\":\"create_event\",\"sound\":\"default\",\"referenceId\":\"105\",\"compId\":\"\",\"eventMemId\":\"569\",\"createrId\":\"11\"}', 'create_event', 105, 1, 0, 1, '2019-05-08 16:23:10', '0000-00-00 00:00:00'),
(1267, 11, 20, '{\"title\":\"New Event\",\"body\":\"[UNAME] invited you to attend an event : [ENAME].\",\"type\":\"create_event\",\"sound\":\"default\",\"referenceId\":\"105\",\"compId\":\"\",\"eventMemId\":\"570\",\"createrId\":\"11\"}', 'create_event', 105, 1, 0, 1, '2019-05-08 16:23:10', '0000-00-00 00:00:00'),
(1268, 11, 14, '{\"title\":\"New Event\",\"body\":\"[UNAME] invited you to attend an event : [ENAME].\",\"type\":\"create_event\",\"sound\":\"default\",\"referenceId\":\"106\",\"compId\":\"\",\"eventMemId\":\"572\",\"createrId\":\"11\"}', 'create_event', 106, 1, 0, 1, '2019-05-08 16:27:08', '0000-00-00 00:00:00'),
(1269, 11, 13, '{\"title\":\"New Event\",\"body\":\"[UNAME] invited you to attend an event : [ENAME].\",\"type\":\"create_event\",\"sound\":\"default\",\"referenceId\":\"106\",\"compId\":\"\",\"eventMemId\":\"573\",\"createrId\":\"11\"}', 'create_event', 106, 1, 0, 1, '2019-05-08 16:27:08', '0000-00-00 00:00:00'),
(1270, 11, 12, '{\"title\":\"New Event\",\"body\":\"[UNAME] invited you to attend an event : [ENAME].\",\"type\":\"create_event\",\"sound\":\"default\",\"referenceId\":\"106\",\"compId\":\"\",\"eventMemId\":\"574\",\"createrId\":\"11\"}', 'create_event', 106, 1, 0, 1, '2019-05-08 16:27:08', '0000-00-00 00:00:00'),
(1271, 11, 13, '{\"title\":\"New Event\",\"body\":\"[UNAME] invited you to attend an event : [ENAME].\",\"type\":\"create_event\",\"sound\":\"default\",\"referenceId\":\"107\",\"compId\":\"\",\"eventMemId\":\"577\",\"createrId\":\"11\"}', 'create_event', 107, 1, 0, 1, '2019-05-08 16:31:37', '0000-00-00 00:00:00'),
(1272, 11, 12, '{\"title\":\"New Event\",\"body\":\"[UNAME] invited you to attend an event : [ENAME].\",\"type\":\"create_event\",\"sound\":\"default\",\"referenceId\":\"107\",\"compId\":\"\",\"eventMemId\":\"578\",\"createrId\":\"11\"}', 'create_event', 107, 1, 0, 1, '2019-05-08 16:31:38', '0000-00-00 00:00:00'),
(1273, 13, 14, '{\"title\":\"New Event\",\"body\":\"[UNAME] invited you to attend an event : [ENAME].\",\"type\":\"create_event\",\"sound\":\"default\",\"referenceId\":\"108\",\"compId\":\"\",\"eventMemId\":\"581\",\"createrId\":\"13\"}', 'create_event', 108, 1, 0, 1, '2019-05-08 16:32:51', '0000-00-00 00:00:00'),
(1274, 13, 11, '{\"title\":\"New Event\",\"body\":\"[UNAME] invited you to attend an event : [ENAME].\",\"type\":\"create_event\",\"sound\":\"default\",\"referenceId\":\"108\",\"compId\":\"\",\"eventMemId\":\"582\",\"createrId\":\"13\"}', 'create_event', 108, 1, 1, 1, '2019-05-08 16:32:51', '0000-00-00 00:00:00'),
(1275, 13, 12, '{\"title\":\"New Event\",\"body\":\"[UNAME] invited you to attend an event : [ENAME].\",\"type\":\"create_event\",\"sound\":\"default\",\"referenceId\":\"108\",\"compId\":\"\",\"eventMemId\":\"583\",\"createrId\":\"13\"}', 'create_event', 108, 1, 0, 1, '2019-05-08 16:32:51', '0000-00-00 00:00:00'),
(1276, 13, 9, '{\"title\":\"New Event\",\"body\":\"[UNAME] invited you to attend an event : [ENAME].\",\"type\":\"create_event\",\"sound\":\"default\",\"referenceId\":\"108\",\"compId\":\"\",\"eventMemId\":\"584\",\"createrId\":\"13\"}', 'create_event', 108, 1, 0, 1, '2019-05-08 16:32:52', '0000-00-00 00:00:00'),
(1277, 20, 3, '{\"title\":\"Nuevo evento\",\"body\":\"[UNAME] te invito a asistir a un evento : [ENAME].\",\"type\":\"create_event\",\"sound\":\"default\",\"referenceId\":\"109\",\"compId\":\"\",\"eventMemId\":\"586\",\"createrId\":\"20\"}', 'create_event', 109, 1, 0, 1, '2019-05-08 16:39:24', '0000-00-00 00:00:00'),
(1278, 20, 6, '{\"title\":\"New Event\",\"body\":\"[UNAME] invited you to attend an event : [ENAME].\",\"type\":\"create_event\",\"sound\":\"default\",\"referenceId\":\"109\",\"compId\":\"\",\"eventMemId\":\"587\",\"createrId\":\"20\"}', 'create_event', 109, 1, 1, 1, '2019-05-08 16:39:24', '0000-00-00 00:00:00'),
(1279, 20, 19, '{\"title\":\"New Event\",\"body\":\"[UNAME] invited you to attend an event : [ENAME].\",\"type\":\"create_event\",\"sound\":\"default\",\"referenceId\":\"109\",\"compId\":\"\",\"eventMemId\":\"588\",\"createrId\":\"20\"}', 'create_event', 109, 1, 0, 1, '2019-05-08 16:39:24', '0000-00-00 00:00:00'),
(1280, 3, 20, '{\"title\":\"Join Event\",\"body\":\"[UNAME] joined your event : [ENAME].\",\"type\":\"join_event\",\"sound\":\"default\",\"referenceId\":\"109\",\"compId\":\"\",\"eventMemId\":\"586\",\"createrId\":\"20\"}', 'join_event', 109, 1, 0, 1, '2019-05-08 16:39:42', '0000-00-00 00:00:00'),
(1281, 19, 20, '{\"title\":\"Join Event\",\"body\":\"[UNAME] joined your event : [ENAME].\",\"type\":\"join_event\",\"sound\":\"default\",\"referenceId\":\"109\",\"compId\":\"\",\"eventMemId\":\"588\",\"createrId\":\"20\"}', 'join_event', 109, 1, 0, 1, '2019-05-08 16:40:19', '0000-00-00 00:00:00'),
(1282, 11, 13, '{\"title\":\"New Event\",\"body\":\"[UNAME] invited you to attend an event : [ENAME].\",\"type\":\"create_event\",\"sound\":\"default\",\"referenceId\":\"110\",\"compId\":\"\",\"eventMemId\":\"590\",\"createrId\":\"11\"}', 'create_event', 110, 1, 0, 1, '2019-05-08 16:42:35', '0000-00-00 00:00:00'),
(1283, 11, 12, '{\"title\":\"New Event\",\"body\":\"[UNAME] invited you to attend an event : [ENAME].\",\"type\":\"create_event\",\"sound\":\"default\",\"referenceId\":\"110\",\"compId\":\"\",\"eventMemId\":\"591\",\"createrId\":\"11\"}', 'create_event', 110, 1, 0, 1, '2019-05-08 16:42:36', '0000-00-00 00:00:00'),
(1284, 5, 13, '{\"title\":\"New Event\",\"body\":\"[UNAME] invited you to attend an event : [ENAME].\",\"type\":\"create_event\",\"sound\":\"default\",\"referenceId\":\"111\",\"compId\":\"\",\"eventMemId\":\"594\",\"createrId\":\"5\"}', 'create_event', 111, 1, 0, 1, '2019-05-08 16:47:39', '0000-00-00 00:00:00'),
(1285, 5, 3, '{\"title\":\"Nuevo evento\",\"body\":\"[UNAME] te invito a asistir a un evento : [ENAME].\",\"type\":\"create_event\",\"sound\":\"default\",\"referenceId\":\"111\",\"compId\":\"\",\"eventMemId\":\"595\",\"createrId\":\"5\"}', 'create_event', 111, 1, 0, 1, '2019-05-08 16:47:39', '0000-00-00 00:00:00'),
(1286, 23, 22, '{\"title\":\"New Event\",\"body\":\"[UNAME] invited you to attend an event : [ENAME].\",\"type\":\"create_event\",\"sound\":\"default\",\"referenceId\":\"94\",\"compId\":\"\",\"eventMemId\":\"512\",\"createrId\":\"23\"}', 'create_event', 94, 1, 0, 1, '2019-05-08 18:15:56', '0000-00-00 00:00:00'),
(1287, 23, 18, '{\"title\":\"New Event\",\"body\":\"[UNAME] invited you to attend an event : [ENAME].\",\"type\":\"create_event\",\"sound\":\"default\",\"referenceId\":\"94\",\"compId\":\"\",\"eventMemId\":\"515\",\"createrId\":\"23\"}', 'create_event', 94, 1, 0, 1, '2019-05-08 18:15:56', '0000-00-00 00:00:00'),
(1288, 23, 21, '{\"title\":\"New Event\",\"body\":\"[UNAME] invited you to attend an event : [ENAME].\",\"type\":\"create_event\",\"sound\":\"default\",\"referenceId\":\"94\",\"compId\":\"\",\"eventMemId\":\"516\",\"createrId\":\"23\"}', 'create_event', 94, 1, 0, 1, '2019-05-08 18:15:56', '0000-00-00 00:00:00'),
(1289, 23, 4, '{\"title\":\"New Event\",\"body\":\"[UNAME] invited you to attend an event : [ENAME].\",\"type\":\"create_event\",\"sound\":\"default\",\"referenceId\":\"94\",\"compId\":\"\",\"eventMemId\":\"517\",\"createrId\":\"23\"}', 'create_event', 94, 1, 0, 1, '2019-05-08 18:15:56', '0000-00-00 00:00:00'),
(1290, 23, 7, '{\"title\":\"New Event\",\"body\":\"[UNAME] invited you to attend an event : [ENAME].\",\"type\":\"create_event\",\"sound\":\"default\",\"referenceId\":\"94\",\"compId\":\"\",\"eventMemId\":\"518\",\"createrId\":\"23\"}', 'create_event', 94, 1, 0, 1, '2019-05-08 18:15:57', '0000-00-00 00:00:00'),
(1291, 10, 3, '{\"title\":\"Unirse al evento\",\"body\":\"[UNAME] se uni\\u00f3 a tu evento : [ENAME]\",\"type\":\"join_event\",\"sound\":\"default\",\"referenceId\":\"93\",\"compId\":\"\",\"eventMemId\":\"507\",\"createrId\":\"3\"}', 'join_event', 93, 1, 0, 1, '2019-05-08 18:21:51', '0000-00-00 00:00:00'),
(1292, 20, 3, '{\"title\":\"Nuevo evento\",\"body\":\"[UNAME] te invito a asistir a un evento : [ENAME].\",\"type\":\"create_event\",\"sound\":\"default\",\"referenceId\":\"109\",\"compId\":\"\",\"eventMemId\":\"586\",\"createrId\":\"20\"}', 'create_event', 109, 1, 0, 1, '2019-05-08 19:01:11', '0000-00-00 00:00:00'),
(1293, 20, 6, '{\"title\":\"New Event\",\"body\":\"[UNAME] invited you to attend an event : [ENAME].\",\"type\":\"create_event\",\"sound\":\"default\",\"referenceId\":\"109\",\"compId\":\"\",\"eventMemId\":\"587\",\"createrId\":\"20\"}', 'create_event', 109, 1, 1, 1, '2019-05-08 19:01:11', '0000-00-00 00:00:00'),
(1294, 20, 19, '{\"title\":\"New Event\",\"body\":\"[UNAME] invited you to attend an event : [ENAME].\",\"type\":\"create_event\",\"sound\":\"default\",\"referenceId\":\"109\",\"compId\":\"\",\"eventMemId\":\"588\",\"createrId\":\"20\"}', 'create_event', 109, 1, 0, 1, '2019-05-08 19:01:11', '0000-00-00 00:00:00'),
(1295, 14, 11, '{\"title\":\"New Event\",\"body\":\"[UNAME] invited you to attend an event : [ENAME].\",\"type\":\"create_event\",\"sound\":\"default\",\"referenceId\":\"112\",\"compId\":\"\",\"eventMemId\":\"597\",\"createrId\":\"14\"}', 'create_event', 112, 1, 1, 1, '2019-05-08 19:43:14', '0000-00-00 00:00:00'),
(1296, 14, 12, '{\"title\":\"New Event\",\"body\":\"[UNAME] invited you to attend an event : [ENAME].\",\"type\":\"create_event\",\"sound\":\"default\",\"referenceId\":\"112\",\"compId\":\"\",\"eventMemId\":\"598\",\"createrId\":\"14\"}', 'create_event', 112, 1, 1, 1, '2019-05-08 19:43:14', '0000-00-00 00:00:00'),
(1297, 14, 13, '{\"title\":\"New Event\",\"body\":\"[UNAME] invited you to attend an event : [ENAME].\",\"type\":\"create_event\",\"sound\":\"default\",\"referenceId\":\"112\",\"compId\":\"\",\"eventMemId\":\"599\",\"createrId\":\"14\"}', 'create_event', 112, 1, 0, 1, '2019-05-08 19:43:15', '0000-00-00 00:00:00'),
(1298, 11, 14, '{\"title\":\"Join Event\",\"body\":\"[UNAME] joined your event : [ENAME].\",\"type\":\"join_event\",\"sound\":\"default\",\"referenceId\":\"112\",\"compId\":\"\",\"eventMemId\":\"597\",\"createrId\":\"14\"}', 'join_event', 112, 1, 0, 1, '2019-05-08 19:43:39', '0000-00-00 00:00:00'),
(1299, 11, 14, '{\"title\":\"New Event\",\"body\":\"[UNAME] invited you to attend an event : [ENAME].\",\"type\":\"create_event\",\"sound\":\"default\",\"referenceId\":\"113\",\"compId\":\"\",\"eventMemId\":\"601\",\"createrId\":\"11\"}', 'create_event', 113, 1, 0, 1, '2019-05-08 19:47:25', '0000-00-00 00:00:00'),
(1300, 11, 13, '{\"title\":\"New Event\",\"body\":\"[UNAME] invited you to attend an event : [ENAME].\",\"type\":\"create_event\",\"sound\":\"default\",\"referenceId\":\"113\",\"compId\":\"\",\"eventMemId\":\"602\",\"createrId\":\"11\"}', 'create_event', 113, 1, 0, 1, '2019-05-08 19:47:25', '0000-00-00 00:00:00'),
(1301, 11, 12, '{\"title\":\"New Event\",\"body\":\"[UNAME] invited you to attend an event : [ENAME].\",\"type\":\"create_event\",\"sound\":\"default\",\"referenceId\":\"113\",\"compId\":\"\",\"eventMemId\":\"603\",\"createrId\":\"11\"}', 'create_event', 113, 1, 0, 1, '2019-05-08 19:47:25', '0000-00-00 00:00:00'),
(1302, 11, 9, '{\"title\":\"New Event\",\"body\":\"[UNAME] invited you to attend an event : [ENAME].\",\"type\":\"create_event\",\"sound\":\"default\",\"referenceId\":\"113\",\"compId\":\"\",\"eventMemId\":\"604\",\"createrId\":\"11\"}', 'create_event', 113, 1, 0, 1, '2019-05-08 19:47:25', '0000-00-00 00:00:00'),
(1303, 14, 13, '{\"title\":\"Join Event\",\"body\":\"[UNAME] joined your event : [ENAME].\",\"type\":\"join_event\",\"sound\":\"default\",\"referenceId\":\"108\",\"compId\":\"\",\"eventMemId\":\"581\",\"createrId\":\"13\"}', 'join_event', 108, 1, 0, 1, '2019-05-08 19:48:28', '0000-00-00 00:00:00'),
(1304, 14, 11, '{\"title\":\"Join Event\",\"body\":\"[UNAME] joined your event : [ENAME].\",\"type\":\"join_event\",\"sound\":\"default\",\"referenceId\":\"113\",\"compId\":\"\",\"eventMemId\":\"601\",\"createrId\":\"11\"}', 'join_event', 113, 1, 1, 1, '2019-05-08 19:48:32', '0000-00-00 00:00:00'),
(1305, 14, 11, '{\"title\":\"Join Event\",\"body\":\"[UNAME] joined your event : [ENAME].\",\"type\":\"join_event\",\"sound\":\"default\",\"referenceId\":\"106\",\"compId\":\"\",\"eventMemId\":\"572\",\"createrId\":\"11\"}', 'join_event', 106, 1, 1, 1, '2019-05-08 19:48:40', '0000-00-00 00:00:00'),
(1306, 11, 9, '{\"title\":\"Friend Request\",\"body\":\"[UNAME] has sent you a friend request.\",\"type\":\"friend_request\",\"sound\":\"default\",\"referenceId\":\"11\"}', 'friend_request', 0, 1, 0, 1, '2019-05-08 14:21:13', '0000-00-00 00:00:00'),
(1307, 11, 9, '{\"title\":\"Favorite\",\"body\":\"[UNAME]  added you as a favorite.\",\"type\":\"add_favorite\",\"sound\":\"default\",\"referenceId\":\"11\"}', 'add_favorite', 0, 1, 0, 1, '2019-05-08 14:21:22', '0000-00-00 00:00:00'),
(1308, 11, 9, '{\"title\":\"New Appointment\",\"body\":\"[UNAME] has created appointment with you.\",\"type\":\"create_appointment\",\"sound\":\"default\",\"referenceId\":133}', 'create_appointment', 0, 1, 0, 1, '2019-05-08 19:53:20', '0000-00-00 00:00:00'),
(1309, 11, 13, '{\"title\":\"New Event\",\"body\":\"[UNAME] invited you to attend an event : [ENAME].\",\"type\":\"create_event\",\"sound\":\"default\",\"referenceId\":\"114\",\"compId\":\"\",\"eventMemId\":\"607\",\"createrId\":\"11\"}', 'create_event', 114, 1, 0, 1, '2019-05-09 12:33:02', '0000-00-00 00:00:00'),
(1310, 11, 14, '{\"title\":\"New Event\",\"body\":\"[UNAME] invited you to attend an event : [ENAME].\",\"type\":\"create_event\",\"sound\":\"default\",\"referenceId\":\"114\",\"compId\":\"\",\"eventMemId\":\"608\",\"createrId\":\"11\"}', 'create_event', 114, 1, 0, 1, '2019-05-09 12:33:02', '0000-00-00 00:00:00'),
(1311, 11, 12, '{\"title\":\"New Event\",\"body\":\"[UNAME] invited you to attend an event : [ENAME].\",\"type\":\"create_event\",\"sound\":\"default\",\"referenceId\":\"114\",\"compId\":\"\",\"eventMemId\":\"609\",\"createrId\":\"11\"}', 'create_event', 114, 1, 1, 1, '2019-05-09 12:33:02', '0000-00-00 00:00:00'),
(1312, 11, 9, '{\"title\":\"New Event\",\"body\":\"[UNAME] invited you to attend an event : [ENAME].\",\"type\":\"create_event\",\"sound\":\"default\",\"referenceId\":\"114\",\"compId\":\"\",\"eventMemId\":\"610\",\"createrId\":\"11\"}', 'create_event', 114, 1, 0, 1, '2019-05-09 12:33:02', '0000-00-00 00:00:00'),
(1313, 14, 11, '{\"title\":\"Join Event\",\"body\":\"[UNAME] joined your event : [ENAME].\",\"type\":\"join_event\",\"sound\":\"default\",\"referenceId\":\"114\",\"compId\":\"\",\"eventMemId\":\"608\",\"createrId\":\"11\"}', 'join_event', 114, 1, 0, 1, '2019-05-09 12:35:06', '0000-00-00 00:00:00'),
(1314, 12, 11, '{\"title\":\"Join Event\",\"body\":\"[UNAME] joined your event : [ENAME]\",\"type\":\"join_event\",\"sound\":\"default\",\"referenceId\":\"114\",\"compId\":\"\",\"eventMemId\":\"609\",\"createrId\":\"11\"}', 'join_event', 114, 1, 0, 1, '2019-05-09 12:35:22', '0000-00-00 00:00:00'),
(1315, 14, 11, '{\"title\":\"Event Payment\",\"body\":\"[UNAME] has paid for your event : [ENAME].\",\"type\":\"event_payment\",\"sound\":\"default\",\"referenceId\":\"114\",\"compId\":\"\",\"eventMemId\":\"608\",\"createrId\":\"11\"}', 'event_payment', 114, 1, 0, 1, '2019-05-09 12:35:42', '0000-00-00 00:00:00'),
(1316, 12, 11, '{\"title\":\"Event Payment\",\"body\":\"[UNAME] has paid for your event : [ENAME].\",\"type\":\"event_payment\",\"sound\":\"default\",\"referenceId\":\"114\",\"compId\":\"\",\"eventMemId\":\"609\",\"createrId\":\"11\"}', 'event_payment', 114, 1, 0, 1, '2019-05-09 12:36:06', '0000-00-00 00:00:00'),
(1317, 13, 11, '{\"title\":\"Join Event\",\"body\":\"[UNAME] joined your event : [ENAME].\",\"type\":\"join_event\",\"sound\":\"default\",\"referenceId\":\"114\",\"compId\":\"\",\"eventMemId\":\"607\",\"createrId\":\"11\"}', 'join_event', 114, 1, 0, 1, '2019-05-09 12:42:08', '0000-00-00 00:00:00'),
(1318, 12, 17, '{\"title\":\"Share Event\",\"body\":\"[UNAME] has shared an event : [ENAME]\",\"type\":\"share_event\",\"sound\":\"default\",\"referenceId\":\"114\",\"compId\":\"26\",\"eventMemId\":\"\",\"createrId\":\"12\"}', 'share_event', 114, 0, 0, 1, '2019-05-09 12:45:23', '0000-00-00 00:00:00'),
(1319, 5, 14, '{\"title\":\"Companion Accept\",\"body\":\"[UNAME] accepted your event request.\",\"type\":\"companion_accept\",\"sound\":\"default\",\"referenceId\":\"114\",\"compId\":\"\",\"eventMemId\":\"608\",\"createrId\":\"11\"}', 'companion_accept', 114, 1, 0, 1, '2019-05-09 12:52:51', '0000-00-00 00:00:00'),
(1320, 14, 11, '{\"title\":\"Event Payment\",\"body\":\"[UNAME] has paid for companion partner.\",\"type\":\"companion_payment\",\"sound\":\"default\",\"referenceId\":\"114\",\"compId\":\"27\",\"eventMemId\":\"\",\"createrId\":\"11\"}', 'companion_payment', 114, 1, 0, 1, '2019-05-09 12:55:15', '0000-00-00 00:00:00'),
(1321, 12, 14, '{\"title\":\"New Event\",\"body\":\"[UNAME] invited you to attend an event : [ENAME].\",\"type\":\"create_event\",\"sound\":\"default\",\"referenceId\":\"115\",\"compId\":\"\",\"eventMemId\":\"613\",\"createrId\":\"12\"}', 'create_event', 115, 1, 0, 1, '2019-05-09 13:02:46', '0000-00-00 00:00:00');
INSERT INTO `notifications` (`notId`, `notificationBy`, `notificationFor`, `message`, `notificationType`, `referenceId`, `isRead`, `webShow`, `status`, `crd`, `upd`) VALUES
(1322, 14, 12, '{\"title\":\"Join Event\",\"body\":\"[UNAME] joined your event : [ENAME].\",\"type\":\"join_event\",\"sound\":\"default\",\"referenceId\":\"115\",\"compId\":\"\",\"eventMemId\":\"613\",\"createrId\":\"12\"}', 'join_event', 115, 1, 1, 1, '2019-05-09 13:02:56', '0000-00-00 00:00:00'),
(1323, 14, 12, '{\"title\":\"Event Payment\",\"body\":\"[UNAME] has paid for your event : [ENAME].\",\"type\":\"event_payment\",\"sound\":\"default\",\"referenceId\":\"115\",\"compId\":\"\",\"eventMemId\":\"613\",\"createrId\":\"12\"}', 'event_payment', 115, 1, 1, 1, '2019-05-09 13:03:18', '0000-00-00 00:00:00'),
(1324, 14, 13, '{\"title\":\"Share Event\",\"body\":\"[UNAME] has shared an event : [ENAME]\",\"type\":\"share_event\",\"sound\":\"default\",\"referenceId\":\"115\",\"compId\":\"28\",\"eventMemId\":\"\",\"createrId\":\"14\"}', 'share_event', 115, 1, 0, 1, '2019-05-09 13:03:48', '0000-00-00 00:00:00'),
(1325, 14, 11, '{\"title\":\"Share Event\",\"body\":\"[UNAME] has shared an event : [ENAME]\",\"type\":\"share_event\",\"sound\":\"default\",\"referenceId\":\"115\",\"compId\":\"29\",\"eventMemId\":\"\",\"createrId\":\"14\"}', 'share_event', 115, 1, 0, 1, '2019-05-09 13:03:49', '0000-00-00 00:00:00'),
(1326, 5, 14, '{\"title\":\"Companion Accept\",\"body\":\"[UNAME] accepted your event request.\",\"type\":\"companion_accept\",\"sound\":\"default\",\"referenceId\":\"115\",\"compId\":\"\",\"eventMemId\":\"613\",\"createrId\":\"12\"}', 'companion_accept', 115, 1, 0, 1, '2019-05-09 13:04:24', '0000-00-00 00:00:00'),
(1327, 12, 14, '{\"title\":\"New Event\",\"body\":\"[UNAME] invited you to attend an event : [ENAME].\",\"type\":\"create_event\",\"sound\":\"default\",\"referenceId\":\"116\",\"compId\":\"\",\"eventMemId\":\"615\",\"createrId\":\"12\"}', 'create_event', 116, 1, 0, 1, '2019-05-09 13:11:37', '0000-00-00 00:00:00'),
(1328, 12, 13, '{\"title\":\"New Event\",\"body\":\"[UNAME] invited you to attend an event : [ENAME].\",\"type\":\"create_event\",\"sound\":\"default\",\"referenceId\":\"116\",\"compId\":\"\",\"eventMemId\":\"616\",\"createrId\":\"12\"}', 'create_event', 116, 0, 0, 1, '2019-05-09 13:11:37', '0000-00-00 00:00:00'),
(1329, 12, 7, '{\"title\":\"New Event\",\"body\":\"[UNAME] invited you to attend an event : [ENAME].\",\"type\":\"create_event\",\"sound\":\"default\",\"referenceId\":\"116\",\"compId\":\"\",\"eventMemId\":\"617\",\"createrId\":\"12\"}', 'create_event', 116, 1, 0, 1, '2019-05-09 13:11:37', '0000-00-00 00:00:00'),
(1330, 12, 11, '{\"title\":\"New Event\",\"body\":\"[UNAME] invited you to attend an event : [ENAME].\",\"type\":\"create_event\",\"sound\":\"default\",\"referenceId\":\"116\",\"compId\":\"\",\"eventMemId\":\"618\",\"createrId\":\"12\"}', 'create_event', 116, 1, 0, 1, '2019-05-09 13:11:37', '0000-00-00 00:00:00'),
(1331, 12, 8, '{\"title\":\"New Event\",\"body\":\"[UNAME] invited you to attend an event : [ENAME].\",\"type\":\"create_event\",\"sound\":\"default\",\"referenceId\":\"116\",\"compId\":\"\",\"eventMemId\":\"619\",\"createrId\":\"12\"}', 'create_event', 116, 1, 0, 1, '2019-05-09 13:11:37', '0000-00-00 00:00:00'),
(1332, 11, 14, '{\"title\":\"New Appointment\",\"body\":\"[UNAME] has created appointment with you.\",\"type\":\"create_appointment\",\"sound\":\"default\",\"referenceId\":134}', 'create_appointment', 0, 1, 0, 1, '2019-05-09 13:14:28', '0000-00-00 00:00:00'),
(1333, 14, 11, '{\"title\":\"Counter\",\"body\":\"[UNAME] has applied counter on your appointment.\",\"type\":\"apply_counter\",\"sound\":\"default\",\"referenceId\":\"134\"}', 'apply_counter', 0, 1, 0, 1, '2019-05-09 13:14:53', '0000-00-00 00:00:00'),
(1334, 11, 14, '{\"title\":\"Counter\",\"body\":\"[UNAME] has accepted your counter for appointment.\",\"type\":\"update_counter\",\"sound\":\"default\",\"referenceId\":\"134\"}', 'update_counter', 0, 1, 0, 1, '2019-05-09 13:15:52', '0000-00-00 00:00:00'),
(1335, 11, 14, '{\"title\":\"Appointment Payment\",\"body\":\"[UNAME] paid for your appointment.\",\"type\":\"appointment_payment\",\"sound\":\"default\",\"referenceId\":\"134\"}', 'appointment_payment', 0, 1, 0, 1, '2019-05-09 13:17:31', '0000-00-00 00:00:00'),
(1336, 11, 14, '{\"title\":\"Finish Appointment\",\"body\":\"[UNAME] has finished appointment.\",\"type\":\"finish_appointment\",\"sound\":\"default\",\"referenceId\":\"134\"}', 'finish_appointment', 0, 1, 0, 1, '2019-05-09 13:17:51', '0000-00-00 00:00:00'),
(1337, 14, 11, '{\"title\":\"Appointment Reviews\",\"body\":\"[UNAME] has given you a review.\",\"type\":\"review_appointment\",\"sound\":\"default\",\"referenceId\":\"134\"}', 'review_appointment', 0, 1, 0, 1, '2019-05-09 13:18:18', '0000-00-00 00:00:00'),
(1338, 11, 14, '{\"title\":\"Appointment Reviews\",\"body\":\"[UNAME] has given you a review.\",\"type\":\"review_appointment\",\"sound\":\"default\",\"referenceId\":\"134\"}', 'review_appointment', 0, 1, 0, 1, '2019-05-09 13:18:51', '0000-00-00 00:00:00'),
(1339, 14, 11, '{\"title\":\"New Event\",\"body\":\"[UNAME] invited you to attend an event : [ENAME].\",\"type\":\"create_event\",\"sound\":\"default\",\"referenceId\":\"117\",\"compId\":\"\",\"eventMemId\":\"622\",\"createrId\":\"14\"}', 'create_event', 117, 1, 0, 1, '2019-05-09 13:20:55', '0000-00-00 00:00:00'),
(1340, 5, 13, '{\"title\":\"New Event\",\"body\":\"[UNAME] invited you to attend an event : [ENAME].\",\"type\":\"create_event\",\"sound\":\"default\",\"referenceId\":\"118\",\"compId\":\"\",\"eventMemId\":\"624\",\"createrId\":\"5\"}', 'create_event', 118, 0, 0, 1, '2019-05-09 13:48:39', '0000-00-00 00:00:00'),
(1341, 5, 11, '{\"title\":\"New Event\",\"body\":\"[UNAME] invited you to attend an event : [ENAME].\",\"type\":\"create_event\",\"sound\":\"default\",\"referenceId\":\"118\",\"compId\":\"\",\"eventMemId\":\"625\",\"createrId\":\"5\"}', 'create_event', 118, 0, 0, 1, '2019-05-09 13:48:40', '0000-00-00 00:00:00'),
(1342, 5, 14, '{\"title\":\"New Event\",\"body\":\"[UNAME] invited you to attend an event : [ENAME].\",\"type\":\"create_event\",\"sound\":\"default\",\"referenceId\":\"118\",\"compId\":\"\",\"eventMemId\":\"626\",\"createrId\":\"5\"}', 'create_event', 118, 0, 1, 1, '2019-05-09 13:48:40', '0000-00-00 00:00:00'),
(1343, 5, 3, '{\"title\":\"Nuevo evento\",\"body\":\"[UNAME] te invito a asistir a un evento : [ENAME].\",\"type\":\"create_event\",\"sound\":\"default\",\"referenceId\":\"118\",\"compId\":\"\",\"eventMemId\":\"627\",\"createrId\":\"5\"}', 'create_event', 118, 1, 0, 1, '2019-05-09 13:48:40', '0000-00-00 00:00:00'),
(1344, 3, 25, '{\"title\":\"New Event\",\"body\":\"[UNAME] invited you to attend an event : [ENAME].\",\"type\":\"create_event\",\"sound\":\"default\",\"referenceId\":\"119\",\"compId\":\"\",\"eventMemId\":\"629\",\"createrId\":\"3\"}', 'create_event', 119, 1, 1, 1, '2019-05-09 14:19:30', '0000-00-00 00:00:00'),
(1345, 3, 10, '{\"title\":\"New Event\",\"body\":\"[UNAME] invited you to attend an event : [ENAME].\",\"type\":\"create_event\",\"sound\":\"default\",\"referenceId\":\"119\",\"compId\":\"\",\"eventMemId\":\"630\",\"createrId\":\"3\"}', 'create_event', 119, 1, 1, 1, '2019-05-09 14:19:30', '0000-00-00 00:00:00'),
(1346, 10, 3, '{\"title\":\"Unirse al evento\",\"body\":\"[UNAME] se uni\\u00f3 a tu evento : [ENAME]\",\"type\":\"join_event\",\"sound\":\"default\",\"referenceId\":\"119\",\"compId\":\"\",\"eventMemId\":\"630\",\"createrId\":\"3\"}', 'join_event', 119, 1, 0, 1, '2019-05-09 14:21:26', '0000-00-00 00:00:00'),
(1347, 10, 25, '{\"title\":\"Share Event\",\"body\":\"[UNAME] has shared an event : [ENAME]\",\"type\":\"share_event\",\"sound\":\"default\",\"referenceId\":\"119\",\"compId\":\"31\",\"eventMemId\":\"\",\"createrId\":\"10\"}', 'share_event', 119, 0, 1, 1, '2019-05-09 14:28:42', '0000-00-00 00:00:00'),
(1348, 3, 25, '{\"title\":\"New Event\",\"body\":\"[UNAME] invited you to attend an event : [ENAME].\",\"type\":\"create_event\",\"sound\":\"default\",\"referenceId\":\"120\",\"compId\":\"\",\"eventMemId\":\"632\",\"createrId\":\"3\"}', 'create_event', 120, 1, 1, 1, '2019-05-09 14:32:14', '0000-00-00 00:00:00'),
(1349, 3, 10, '{\"title\":\"New Event\",\"body\":\"[UNAME] invited you to attend an event : [ENAME].\",\"type\":\"create_event\",\"sound\":\"default\",\"referenceId\":\"120\",\"compId\":\"\",\"eventMemId\":\"633\",\"createrId\":\"3\"}', 'create_event', 120, 1, 1, 1, '2019-05-09 14:32:15', '0000-00-00 00:00:00'),
(1350, 10, 3, '{\"title\":\"Unirse al evento\",\"body\":\"[UNAME] se uni\\u00f3 a tu evento : [ENAME]\",\"type\":\"join_event\",\"sound\":\"default\",\"referenceId\":\"120\",\"compId\":\"\",\"eventMemId\":\"633\",\"createrId\":\"3\"}', 'join_event', 120, 1, 0, 1, '2019-05-09 14:32:38', '0000-00-00 00:00:00'),
(1351, 10, 3, '{\"title\":\"Pago del evento\",\"body\":\"[UNAME] ha pagado por su evento : [ENAME].\",\"type\":\"event_payment\",\"sound\":\"default\",\"referenceId\":\"120\",\"compId\":\"\",\"eventMemId\":\"633\",\"createrId\":\"3\"}', 'event_payment', 120, 1, 0, 1, '2019-05-09 14:33:09', '0000-00-00 00:00:00'),
(1352, 10, 25, '{\"title\":\"Share Event\",\"body\":\"[UNAME] has shared an event : [ENAME]\",\"type\":\"share_event\",\"sound\":\"default\",\"referenceId\":\"120\",\"compId\":\"32\",\"eventMemId\":\"\",\"createrId\":\"10\"}', 'share_event', 120, 1, 1, 1, '2019-05-09 14:34:37', '0000-00-00 00:00:00'),
(1353, 25, 3, '{\"title\":\"Unirse al evento\",\"body\":\"[UNAME] se uni\\u00f3 a tu evento : [ENAME].\",\"type\":\"join_event\",\"sound\":\"default\",\"referenceId\":\"120\",\"compId\":\"\",\"eventMemId\":\"632\",\"createrId\":\"3\"}', 'join_event', 120, 1, 0, 1, '2019-05-09 14:36:23', '0000-00-00 00:00:00'),
(1354, 25, 3, '{\"title\":\"Pago del evento\",\"body\":\"[UNAME] ha pagado por su evento : [ENAME].\",\"type\":\"event_payment\",\"sound\":\"default\",\"referenceId\":\"120\",\"compId\":\"\",\"eventMemId\":\"632\",\"createrId\":\"3\"}', 'event_payment', 120, 1, 0, 1, '2019-05-09 14:37:25', '0000-00-00 00:00:00'),
(1355, 25, 24, '{\"title\":\"Share Event\",\"body\":\"[UNAME] has shared an event : [ENAME]\",\"type\":\"share_event\",\"sound\":\"default\",\"referenceId\":\"120\",\"compId\":\"33\",\"eventMemId\":\"\",\"createrId\":\"25\"}', 'share_event', 120, 1, 1, 1, '2019-05-09 14:38:12', '0000-00-00 00:00:00'),
(1356, 24, 25, '{\"title\":\"Companion Accept\",\"body\":\"[UNAME] accepted your event request.\",\"type\":\"companion_accept\",\"sound\":\"default\",\"referenceId\":\"120\",\"compId\":\"\",\"eventMemId\":\"632\",\"createrId\":\"3\"}', 'companion_accept', 120, 1, 1, 1, '2019-05-09 14:39:12', '0000-00-00 00:00:00'),
(1357, 25, 3, '{\"title\":\"Pago del evento\",\"body\":\"[UNAME] ha pagado por el compa\\u00f1ero compa\\u00f1ero.\",\"type\":\"companion_payment\",\"sound\":\"default\",\"referenceId\":\"120\",\"compId\":\"33\",\"eventMemId\":\"\",\"createrId\":\"3\"}', 'companion_payment', 120, 1, 0, 1, '2019-05-09 14:45:47', '0000-00-00 00:00:00'),
(1358, 10, 25, '{\"title\":\"New Event\",\"body\":\"[UNAME] invited you to attend an event : [ENAME].\",\"type\":\"create_event\",\"sound\":\"default\",\"referenceId\":\"121\",\"compId\":\"\",\"eventMemId\":\"635\",\"createrId\":\"10\"}', 'create_event', 121, 1, 1, 1, '2019-05-09 14:54:26', '0000-00-00 00:00:00'),
(1359, 10, 24, '{\"title\":\"New Event\",\"body\":\"[UNAME] invited you to attend an event : [ENAME].\",\"type\":\"create_event\",\"sound\":\"default\",\"referenceId\":\"121\",\"compId\":\"\",\"eventMemId\":\"636\",\"createrId\":\"10\"}', 'create_event', 121, 0, 1, 1, '2019-05-09 14:54:26', '0000-00-00 00:00:00'),
(1360, 10, 8, '{\"title\":\"Nuevo evento\",\"body\":\"[UNAME] te invito a asistir a un evento : [ENAME].\",\"type\":\"create_event\",\"sound\":\"default\",\"referenceId\":\"121\",\"compId\":\"\",\"eventMemId\":\"637\",\"createrId\":\"10\"}', 'create_event', 121, 1, 0, 1, '2019-05-09 14:54:26', '0000-00-00 00:00:00'),
(1361, 10, 4, '{\"title\":\"New Event\",\"body\":\"[UNAME] invited you to attend an event : [ENAME].\",\"type\":\"create_event\",\"sound\":\"default\",\"referenceId\":\"121\",\"compId\":\"\",\"eventMemId\":\"638\",\"createrId\":\"10\"}', 'create_event', 121, 0, 0, 1, '2019-05-09 14:54:27', '0000-00-00 00:00:00'),
(1362, 10, 21, '{\"title\":\"New Event\",\"body\":\"[UNAME] invited you to attend an event : [ENAME].\",\"type\":\"create_event\",\"sound\":\"default\",\"referenceId\":\"121\",\"compId\":\"\",\"eventMemId\":\"639\",\"createrId\":\"10\"}', 'create_event', 121, 0, 0, 1, '2019-05-09 14:54:27', '0000-00-00 00:00:00'),
(1363, 10, 15, '{\"title\":\"New Event\",\"body\":\"[UNAME] invited you to attend an event : [ENAME].\",\"type\":\"create_event\",\"sound\":\"default\",\"referenceId\":\"121\",\"compId\":\"\",\"eventMemId\":\"640\",\"createrId\":\"10\"}', 'create_event', 121, 0, 1, 1, '2019-05-09 14:54:27', '0000-00-00 00:00:00'),
(1364, 25, 10, '{\"title\":\"Join Event\",\"body\":\"[UNAME] joined your event : [ENAME].\",\"type\":\"join_event\",\"sound\":\"default\",\"referenceId\":\"121\",\"compId\":\"\",\"eventMemId\":\"635\",\"createrId\":\"10\"}', 'join_event', 121, 1, 1, 1, '2019-05-09 14:54:38', '0000-00-00 00:00:00'),
(1365, 25, 3, '{\"title\":\"Compartir evento\",\"body\":\"[UNAME] ha compartido un evento : [ENAME]\",\"type\":\"share_event\",\"sound\":\"default\",\"referenceId\":\"121\",\"compId\":\"34\",\"eventMemId\":\"\",\"createrId\":\"25\"}', 'share_event', 121, 1, 0, 1, '2019-05-09 14:54:50', '0000-00-00 00:00:00'),
(1366, 8, 25, '{\"title\":\"New Event\",\"body\":\"[UNAME] invited you to attend an event : [ENAME].\",\"type\":\"create_event\",\"sound\":\"default\",\"referenceId\":\"122\",\"compId\":\"\",\"eventMemId\":\"642\",\"createrId\":\"8\"}', 'create_event', 122, 1, 1, 1, '2019-05-09 16:09:30', '0000-00-00 00:00:00'),
(1367, 8, 10, '{\"title\":\"New Event\",\"body\":\"[UNAME] invited you to attend an event : [ENAME].\",\"type\":\"create_event\",\"sound\":\"default\",\"referenceId\":\"122\",\"compId\":\"\",\"eventMemId\":\"643\",\"createrId\":\"8\"}', 'create_event', 122, 1, 1, 1, '2019-05-09 16:09:31', '0000-00-00 00:00:00'),
(1368, 10, 8, '{\"title\":\"Compartir evento\",\"body\":\"[UNAME] ha compartido un evento : [ENAME]\",\"type\":\"share_event\",\"sound\":\"default\",\"referenceId\":\"120\",\"compId\":\"35\",\"eventMemId\":\"\",\"createrId\":\"10\"}', 'share_event', 120, 0, 0, 1, '2019-05-09 16:10:01', '0000-00-00 00:00:00'),
(1369, 8, 25, '{\"title\":\"New Event\",\"body\":\"[UNAME] invited you to attend an event : [ENAME].\",\"type\":\"create_event\",\"sound\":\"default\",\"referenceId\":\"122\",\"compId\":\"\",\"eventMemId\":\"642\",\"createrId\":\"8\"}', 'create_event', 122, 1, 1, 1, '2019-05-09 16:10:29', '0000-00-00 00:00:00'),
(1370, 8, 10, '{\"title\":\"New Event\",\"body\":\"[UNAME] invited you to attend an event : [ENAME].\",\"type\":\"create_event\",\"sound\":\"default\",\"referenceId\":\"122\",\"compId\":\"\",\"eventMemId\":\"643\",\"createrId\":\"8\"}', 'create_event', 122, 1, 1, 1, '2019-05-09 16:10:29', '0000-00-00 00:00:00'),
(1371, 10, 8, '{\"title\":\"Unirse al evento\",\"body\":\"[UNAME] se uni\\u00f3 a tu evento : [ENAME]\",\"type\":\"join_event\",\"sound\":\"default\",\"referenceId\":\"122\",\"compId\":\"\",\"eventMemId\":\"643\",\"createrId\":\"8\"}', 'join_event', 122, 1, 0, 1, '2019-05-09 16:10:55', '0000-00-00 00:00:00'),
(1372, 10, 25, '{\"title\":\"Share Event\",\"body\":\"[UNAME] has shared an event : [ENAME]\",\"type\":\"share_event\",\"sound\":\"default\",\"referenceId\":\"122\",\"compId\":\"36\",\"eventMemId\":\"\",\"createrId\":\"10\"}', 'share_event', 122, 1, 1, 1, '2019-05-09 16:11:07', '0000-00-00 00:00:00'),
(1373, 10, 24, '{\"title\":\"Share Event\",\"body\":\"[UNAME] has shared an event : [ENAME]\",\"type\":\"share_event\",\"sound\":\"default\",\"referenceId\":\"122\",\"compId\":\"37\",\"eventMemId\":\"\",\"createrId\":\"10\"}', 'share_event', 122, 0, 0, 1, '2019-05-09 16:11:07', '0000-00-00 00:00:00'),
(1374, 25, 10, '{\"title\":\"Companion Accept\",\"body\":\"[UNAME] accepted your event request.\",\"type\":\"companion_accept\",\"sound\":\"default\",\"referenceId\":\"122\",\"compId\":\"\",\"eventMemId\":\"643\",\"createrId\":\"8\"}', 'companion_accept', 122, 1, 1, 1, '2019-05-09 16:11:52', '0000-00-00 00:00:00'),
(1375, 7, 12, '{\"title\":\"Join Event\",\"body\":\"[UNAME] joined your event : [ENAME].\",\"type\":\"join_event\",\"sound\":\"default\",\"referenceId\":\"116\",\"compId\":\"\",\"eventMemId\":\"617\",\"createrId\":\"12\"}', 'join_event', 116, 1, 1, 1, '2019-05-09 16:17:35', '0000-00-00 00:00:00'),
(1376, 9, 11, '{\"title\":\"Join Event\",\"body\":\"[UNAME] joined your event : [ENAME].\",\"type\":\"join_event\",\"sound\":\"default\",\"referenceId\":\"114\",\"compId\":\"\",\"eventMemId\":\"610\",\"createrId\":\"11\"}', 'join_event', 114, 0, 0, 1, '2019-05-09 21:01:46', '0000-00-00 00:00:00'),
(1377, 3, 25, '{\"title\":\"Companion Accept\",\"body\":\"[UNAME] accepted your event request.\",\"type\":\"companion_accept\",\"sound\":\"default\",\"referenceId\":\"121\",\"compId\":\"\",\"eventMemId\":\"635\",\"createrId\":\"10\"}', 'companion_accept', 121, 0, 1, 1, '2019-05-10 11:21:33', '0000-00-00 00:00:00'),
(1378, 3, 6, '{\"title\":\"New Event\",\"body\":\"[UNAME] invited you to attend an event : [ENAME].\",\"type\":\"create_event\",\"sound\":\"default\",\"referenceId\":\"123\",\"compId\":\"\",\"eventMemId\":\"645\",\"createrId\":\"3\"}', 'create_event', 123, 1, 1, 1, '2019-05-10 11:28:20', '0000-00-00 00:00:00'),
(1379, 3, 20, '{\"title\":\"New Event\",\"body\":\"[UNAME] invited you to attend an event : [ENAME].\",\"type\":\"create_event\",\"sound\":\"default\",\"referenceId\":\"123\",\"compId\":\"\",\"eventMemId\":\"646\",\"createrId\":\"3\"}', 'create_event', 123, 1, 0, 1, '2019-05-10 11:28:20', '0000-00-00 00:00:00'),
(1380, 3, 19, '{\"title\":\"New Event\",\"body\":\"[UNAME] invited you to attend an event : [ENAME].\",\"type\":\"create_event\",\"sound\":\"default\",\"referenceId\":\"123\",\"compId\":\"\",\"eventMemId\":\"647\",\"createrId\":\"3\"}', 'create_event', 123, 1, 0, 1, '2019-05-10 11:28:20', '0000-00-00 00:00:00'),
(1381, 3, 10, '{\"title\":\"New Event\",\"body\":\"[UNAME] invited you to attend an event : [ENAME].\",\"type\":\"create_event\",\"sound\":\"default\",\"referenceId\":\"123\",\"compId\":\"\",\"eventMemId\":\"648\",\"createrId\":\"3\"}', 'create_event', 123, 1, 1, 1, '2019-05-10 11:28:20', '0000-00-00 00:00:00'),
(1382, 10, 3, '{\"title\":\"Unirse al evento\",\"body\":\"[UNAME] se uni\\u00f3 a tu evento : [ENAME].\",\"type\":\"join_event\",\"sound\":\"default\",\"referenceId\":\"123\",\"compId\":\"\",\"eventMemId\":\"648\",\"createrId\":\"3\"}', 'join_event', 123, 1, 0, 1, '2019-05-10 11:28:29', '0000-00-00 00:00:00'),
(1383, 10, 18, '{\"title\":\"Share Event\",\"body\":\"[UNAME] has shared an event : [ENAME]\",\"type\":\"share_event\",\"sound\":\"default\",\"referenceId\":\"123\",\"compId\":\"38\",\"eventMemId\":\"\",\"createrId\":\"10\"}', 'share_event', 123, 0, 0, 1, '2019-05-10 11:29:06', '0000-00-00 00:00:00'),
(1384, 10, 23, '{\"title\":\"Share Event\",\"body\":\"[UNAME] has shared an event : [ENAME]\",\"type\":\"share_event\",\"sound\":\"default\",\"referenceId\":\"123\",\"compId\":\"39\",\"eventMemId\":\"\",\"createrId\":\"10\"}', 'share_event', 123, 0, 0, 1, '2019-05-10 11:29:06', '0000-00-00 00:00:00'),
(1385, 10, 4, '{\"title\":\"Share Event\",\"body\":\"[UNAME] has shared an event : [ENAME]\",\"type\":\"share_event\",\"sound\":\"default\",\"referenceId\":\"123\",\"compId\":\"40\",\"eventMemId\":\"\",\"createrId\":\"10\"}', 'share_event', 123, 0, 0, 1, '2019-05-10 11:29:07', '0000-00-00 00:00:00'),
(1386, 10, 21, '{\"title\":\"Share Event\",\"body\":\"[UNAME] has shared an event : [ENAME]\",\"type\":\"share_event\",\"sound\":\"default\",\"referenceId\":\"123\",\"compId\":\"41\",\"eventMemId\":\"\",\"createrId\":\"10\"}', 'share_event', 123, 0, 0, 1, '2019-05-10 11:29:07', '0000-00-00 00:00:00'),
(1387, 10, 8, '{\"title\":\"Compartir evento\",\"body\":\"[UNAME] ha compartido un evento : [ENAME]\",\"type\":\"share_event\",\"sound\":\"default\",\"referenceId\":\"123\",\"compId\":\"42\",\"eventMemId\":\"\",\"createrId\":\"10\"}', 'share_event', 123, 1, 0, 1, '2019-05-10 11:29:07', '0000-00-00 00:00:00'),
(1388, 10, 6, '{\"title\":\"Share Event\",\"body\":\"[UNAME] has shared an event : [ENAME]\",\"type\":\"share_event\",\"sound\":\"default\",\"referenceId\":\"123\",\"compId\":\"43\",\"eventMemId\":\"\",\"createrId\":\"10\"}', 'share_event', 123, 1, 1, 1, '2019-05-10 11:29:07', '0000-00-00 00:00:00'),
(1389, 6, 10, '{\"title\":\"Companion Accept\",\"body\":\"[UNAME] accepted your event request.\",\"type\":\"companion_accept\",\"sound\":\"default\",\"referenceId\":\"123\",\"compId\":\"\",\"eventMemId\":\"648\",\"createrId\":\"3\"}', 'companion_accept', 123, 1, 0, 1, '2019-05-10 11:29:48', '0000-00-00 00:00:00'),
(1390, 19, 3, '{\"title\":\"Unirse al evento\",\"body\":\"[UNAME] se uni\\u00f3 a tu evento : [ENAME].\",\"type\":\"join_event\",\"sound\":\"default\",\"referenceId\":\"123\",\"compId\":\"\",\"eventMemId\":\"647\",\"createrId\":\"3\"}', 'join_event', 123, 0, 0, 1, '2019-05-10 11:30:25', '0000-00-00 00:00:00'),
(1391, 20, 3, '{\"title\":\"Unirse al evento\",\"body\":\"[UNAME] se uni\\u00f3 a tu evento : [ENAME].\",\"type\":\"join_event\",\"sound\":\"default\",\"referenceId\":\"123\",\"compId\":\"\",\"eventMemId\":\"646\",\"createrId\":\"3\"}', 'join_event', 123, 0, 0, 1, '2019-05-10 11:30:57', '0000-00-00 00:00:00'),
(1392, 19, 8, '{\"title\":\"Compartir evento\",\"body\":\"[UNAME] ha compartido un evento : [ENAME]\",\"type\":\"share_event\",\"sound\":\"default\",\"referenceId\":\"123\",\"compId\":\"44\",\"eventMemId\":\"\",\"createrId\":\"19\"}', 'share_event', 123, 1, 0, 1, '2019-05-10 12:18:14', '0000-00-00 00:00:00'),
(1393, 19, 15, '{\"title\":\"Share Event\",\"body\":\"[UNAME] has shared an event : [ENAME]\",\"type\":\"share_event\",\"sound\":\"default\",\"referenceId\":\"123\",\"compId\":\"45\",\"eventMemId\":\"\",\"createrId\":\"19\"}', 'share_event', 123, 0, 1, 1, '2019-05-10 12:18:14', '0000-00-00 00:00:00'),
(1394, 19, 16, '{\"title\":\"Share Event\",\"body\":\"[UNAME] has shared an event : [ENAME]\",\"type\":\"share_event\",\"sound\":\"default\",\"referenceId\":\"123\",\"compId\":\"46\",\"eventMemId\":\"\",\"createrId\":\"19\"}', 'share_event', 123, 0, 1, 1, '2019-05-10 12:18:14', '0000-00-00 00:00:00'),
(1395, 10, 3, '{\"title\":\"Pago del evento\",\"body\":\"[UNAME] ha pagado por el compa\\u00f1ero compa\\u00f1ero.\",\"type\":\"companion_payment\",\"sound\":\"default\",\"referenceId\":\"120\",\"compId\":\"35\",\"eventMemId\":\"\",\"createrId\":\"3\"}', 'companion_payment', 120, 0, 0, 1, '2019-05-10 16:47:49', '0000-00-00 00:00:00'),
(1396, 6, 10, '{\"title\":\"Join Event\",\"body\":\"[UNAME] joined your event : [ENAME]\",\"type\":\"join_event\",\"sound\":\"default\",\"referenceId\":\"125\",\"compId\":\"\",\"eventMemId\":\"656\",\"createrId\":\"10\"}', 'join_event', 125, 1, 1, 1, '2019-05-13 16:06:39', '0000-00-00 00:00:00'),
(1397, 6, 10, '{\"title\":\"Join Event\",\"body\":\"[UNAME] joined your event : [ENAME]\",\"type\":\"join_event\",\"sound\":\"default\",\"referenceId\":\"124\",\"compId\":\"\",\"eventMemId\":\"652\",\"createrId\":\"10\"}', 'join_event', 124, 1, 1, 1, '2019-05-13 16:06:41', '0000-00-00 00:00:00'),
(1398, 10, 11, '{\"title\":\"New Appointment\",\"body\":\"[UNAME] has created appointment with you.\",\"type\":\"create_appointment\",\"sound\":\"default\",\"referenceId\":135}', 'create_appointment', 0, 0, 0, 1, '2019-05-17 11:50:14', '0000-00-00 00:00:00'),
(1399, 10, 11, '{\"title\":\"Update Appointment\",\"body\":\"[UNAME] has modified appointment with you.\",\"type\":\"update_appointment\",\"sound\":\"default\",\"referenceId\":\"135\"}', 'update_appointment', 0, 0, 0, 1, '2019-05-17 11:50:50', '0000-00-00 00:00:00'),
(1400, 10, 11, '{\"title\":\"Update Appointment\",\"body\":\"[UNAME] has modified appointment with you.\",\"type\":\"update_appointment\",\"sound\":\"default\",\"referenceId\":\"135\"}', 'update_appointment', 0, 0, 0, 1, '2019-05-17 15:38:26', '0000-00-00 00:00:00'),
(1401, 10, 11, '{\"title\":\"Update Appointment\",\"body\":\"[UNAME] has modified appointment with you.\",\"type\":\"update_appointment\",\"sound\":\"default\",\"referenceId\":\"135\"}', 'update_appointment', 0, 0, 0, 1, '2019-05-17 15:43:44', '0000-00-00 00:00:00'),
(1402, 10, 6, '{\"title\":\"New Appointment\",\"body\":\"[UNAME] has created appointment with you.\",\"type\":\"create_appointment\",\"sound\":\"default\",\"referenceId\":136}', 'create_appointment', 0, 1, 1, 1, '2019-05-21 11:44:23', '0000-00-00 00:00:00'),
(1403, 6, 10, '{\"title\":\"Appointment confirmed\",\"body\":\"[UNAME] has confirmed your appointment.\",\"type\":\"confirmed_appointment\",\"sound\":\"default\",\"referenceId\":\"136\"}', 'confirmed_appointment', 0, 1, 0, 1, '2019-05-21 11:44:37', '0000-00-00 00:00:00'),
(1404, 10, 6, '{\"title\":\"Appointment Payment\",\"body\":\"[UNAME] paid for your appointment.\",\"type\":\"appointment_payment\",\"sound\":\"default\",\"referenceId\":\"136\"}', 'appointment_payment', 0, 0, 1, 1, '2019-05-21 11:46:35', '0000-00-00 00:00:00'),
(1405, 10, 19, '{\"title\":\"Join Event\",\"body\":\"[UNAME] joined your event : [ENAME]\",\"type\":\"join_event\",\"sound\":\"default\",\"referenceId\":\"128\",\"compId\":\"\",\"eventMemId\":\"669\",\"createrId\":\"19\"}', 'join_event', 128, 0, 0, 1, '2019-05-21 15:28:37', '0000-00-00 00:00:00'),
(1406, 10, 19, '{\"title\":\"Event Payment\",\"body\":\"[UNAME] has paid for your event : [ENAME].\",\"type\":\"event_payment\",\"sound\":\"default\",\"referenceId\":\"128\",\"compId\":\"\",\"eventMemId\":\"669\",\"createrId\":\"19\"}', 'event_payment', 128, 0, 0, 1, '2019-05-21 15:28:53', '0000-00-00 00:00:00'),
(1407, 16, 10, '{\"title\":\"Companion Accept\",\"body\":\"[UNAME] accepted your event request.\",\"type\":\"companion_accept\",\"sound\":\"default\",\"referenceId\":\"128\",\"compId\":\"\",\"eventMemId\":\"669\",\"createrId\":\"19\"}', 'companion_accept', 128, 1, 1, 1, '2019-05-21 15:30:49', '0000-00-00 00:00:00'),
(1408, 10, 19, '{\"title\":\"Event Payment\",\"body\":\"[UNAME] has paid for companion partner.\",\"type\":\"companion_payment\",\"sound\":\"default\",\"referenceId\":\"128\",\"compId\":\"53\",\"eventMemId\":\"\",\"createrId\":\"19\"}', 'companion_payment', 128, 0, 0, 1, '2019-05-21 15:32:44', '0000-00-00 00:00:00');

-- --------------------------------------------------------

--
-- Table structure for table `options`
--

CREATE TABLE `options` (
  `optionId` bigint(20) NOT NULL,
  `option_name` varchar(100) NOT NULL,
  `option_value` text NOT NULL,
  `crd` timestamp NOT NULL DEFAULT CURRENT_TIMESTAMP,
  `upd` timestamp NOT NULL DEFAULT CURRENT_TIMESTAMP ON UPDATE CURRENT_TIMESTAMP
) ENGINE=InnoDB DEFAULT CHARSET=latin1;

--
-- Dumping data for table `options`
--

INSERT INTO `options` (`optionId`, `option_name`, `option_value`, `crd`, `upd`) VALUES
(1, 'tc_page', '<p><strong>Lorem Ipsum</strong>&nbsp;is simply dummied text of the printing and typesetting industry. Lorem Ipsum has been the industry&#39;s standard dummy text ever since the 1500s, when an unknown printer took a galley of type and scram&nbsp;<strong>Lorem Ipsum</strong>&nbsp;is simply dummied text of the printing and typesetting industry. Lorem Ipsum has been the industry&#39;s standard dummy text ever since the 1500s, when an unknown printer took a galley of type and scram&nbsp;<strong>Lorem Ipsum</strong>&nbsp;is simply dummied text of the printing and typesetting industry. Lorem Ipsum has been the industry&#39;s standard dummy text ever since the 1500s, when an unknown printer took a galley of type and scram&nbsp;<strong>Lorem Ipsum</strong>&nbsp;is simply dummied text of the printing and typesetting industry. Lorem Ipsum has been the industry&#39;s standard dummy text ever since the 1500s, when an unknown printer took a galley of type and scram&nbsp;<strong>Lorem Ipsum</strong>&nbsp;is simply dummied text of the printing and typesetting industry. Lorem Ipsum has been the industry&#39;s standard dummy text ever since the 1500s, when an unknown printer took a galley of type and scram</p>', '2018-06-13 13:56:46', '2019-01-30 07:23:36'),
(2, 'about_page', '<p><strong>Lorem Ipsum</strong>&nbsp;is simply dummied text of the printing and typesetting industry. Lorem Ipsum has been the industry&#39;s standard dummy text ever since the 1500s, when an unknown printer took a galley of type and scram&nbsp;<strong>Lorem Ipsum</strong>&nbsp;is simply dummied text of the printing and typesetting industry. Lorem Ipsum has been the industry&#39;s standard dummy text ever since the 1500s, when an unknown printer took a galley of type and scram&nbsp;<strong>Lorem Ipsum</strong>&nbsp;is simply dummied text of the printing and typesetting industry. Lorem Ipsum has been the industry&#39;s standard dummy text ever since the 1500s, when an unknown printer took a galley of type and scram&nbsp;<strong>Lorem Ipsum</strong>&nbsp;is simply dummied text of the printing and typesetting industry. Lorem Ipsum has been the industry&#39;s standard dummy text ever since the 1500s, when an unknown printer took a galley of type and scram&nbsp;<strong>Lorem Ipsum</strong>&nbsp;is simply dummied text of the printing and typesetting industry. Lorem Ipsum has been the industry&#39;s standard dummy text ever since the 1500s, when an unknown printer took a galley of type and scram</p>', '2018-06-13 13:57:24', '2018-07-03 12:51:28'),
(3, 'contact_type', '<p><strong><em>sdfsdfsdfsdf sdfsdf fgdfgfd</em></strong></p>', '2018-06-13 13:57:48', '2018-06-14 06:44:18'),
(4, 'pp_page', '<p><strong>Lorem Ipsum</strong>&nbsp;is simply dummied text of the printing and typesetting industry. Lorem Ipsum has been the industry&#39;s standard dummy text ever since the 1500s, when an unknown printer took a galley of type and scram&nbsp;<strong>Lorem Ipsum</strong>&nbsp;is simply dummied text of the printing and typesetting industry. Lorem Ipsum has been the industry&#39;s standard dummy text ever since the 1500s, when an unknown printer took a galley of type and scram&nbsp;<strong>Lorem Ipsum</strong>&nbsp;is simply dummied text of the printing and typesetting industry. Lorem Ipsum has been the industry&#39;s standard dummy text ever since the 1500s, when an unknown printer took a galley of type and scram&nbsp;<strong>Lorem Ipsum</strong>&nbsp;is simply dummied text of the printing and typesetting industry. Lorem Ipsum has been the industry&#39;s standard dummy text ever since the 1500s, when an unknown printer took a galley of type and scram&nbsp;<strong>Lorem Ipsum</strong>&nbsp;is simply dummied text of the printing and typesetting industry. Lorem Ipsum has been the industry&#39;s standard dummy text ever since the 1500s, when an unknown printer took a galley of type and scram</p>', '2018-07-13 06:33:13', '2019-01-30 07:23:45'),
(5, 'about_page_spanish', '<p>Lorem Ipsum es simplemente texto ficticio de la industria de impresi&oacute;n y tipograf&iacute;a. Lorem Ipsum ha sido el texto ficticio est&aacute;ndar de la industria desde la d&eacute;cada de 1500, cuando una impresora desconocida tom&oacute; una galera de tipos y se confundi&oacute;. Lorem Ipsum es simplemente texto ficticio de la industria de impresi&oacute;n y tipograf&iacute;a. Lorem Ipsum ha sido el texto ficticio est&aacute;ndar de la industria desde la d&eacute;cada de 1500, cuando una impresora desconocida tom&oacute; una galera de tipos y se confundi&oacute;. Lorem Ipsum es simplemente texto ficticio de la industria de impresi&oacute;n y tipograf&iacute;a. Lorem Ipsum ha sido el texto ficticio est&aacute;ndar de la industria desde la d&eacute;cada de 1500, cuando una impresora desconocida tom&oacute; una galera de tipos y se confundi&oacute;. Lorem Ipsum es simplemente texto ficticio de la industria de impresi&oacute;n y tipograf&iacute;a. Lorem Ipsum ha sido el texto ficticio est&aacute;ndar de la industria desde la d&eacute;cada de 1500, cuando una impresora desconocida tom&oacute; una galera de tipos y se confundi&oacute;. Lorem Ipsum es simplemente texto ficticio de la industria de impresi&oacute;n y tipograf&iacute;a. Lorem Ipsum ha sido el texto de relleno est&aacute;ndar de la industria desde la d&eacute;cada de 1500, cuando una impresora desconocida tom&oacute; una galera de tipos y programas.</p>\r\n', '2019-04-09 10:58:29', '2019-04-09 10:58:29'),
(6, 'about_page_english', '<p>Lorem Ipsum is simply dummied text of the printing and typesetting industry. Lorem Ipsum has been the industry&#39;s standard dummy text ever since the 1500s, when an unknown printer took a galley of type and scram Lorem Ipsum is simply dummied text of the printing and typesetting industry. Lorem Ipsum has been the industry&#39;s standard dummy text ever since the 1500s, when an unknown printer took a galley of type and scram Lorem Ipsum is simply dummied text of the printing and typesetting industry. Lorem Ipsum has been the industry&#39;s standard dummy text ever since the 1500s, when an unknown printer took a galley of type and scram Lorem Ipsum is simply dummied text of the printing and typesetting industry. Lorem Ipsum has been the industry&#39;s standard dummy text ever since the 1500s, when an unknown printer took a galley of type and scram Lorem Ipsum is simply dummied text of the printing and typesetting industry. Lorem Ipsum has been the industry&#39;s standard dummy text ever since the 1500s, when an unknown printer took a galley of type and scram</p>', '2019-04-09 10:58:47', '2019-04-09 10:58:47'),
(7, 'tc_page_english', '<p>Lorem Ipsum is simply dummied text of the printing and typesetting industry. Lorem Ipsum has been the industry&#39;s standard dummy text ever since the 1500s, when an unknown printer took a galley of type and scram Lorem Ipsum is simply dummied text of the printing and typesetting industry. Lorem Ipsum has been the industry&#39;s standard dummy text ever since the 1500s, when an unknown printer took a galley of type and scram Lorem Ipsum is simply dummied text of the printing and typesetting industry. Lorem Ipsum has been the industry&#39;s standard dummy text ever since the 1500s, when an unknown printer took a galley of type and scram Lorem Ipsum is simply dummied text of the printing and typesetting industry. Lorem Ipsum has been the industry&#39;s standard dummy text ever since the 1500s, when an unknown printer took a galley of type and scram Lorem Ipsum is simply dummied text of the printing and typesetting industry. Lorem Ipsum has been the industry&#39;s standard dummy text ever since the 1500s, when an unknown printer took a galley of type and scram</p>', '2019-04-09 10:59:09', '2019-04-09 10:59:09'),
(8, 'tc_page_spanish', '<p>Lorem Ipsum es simplemente texto ficticio de la industria de impresi&oacute;n y tipograf&iacute;a. Lorem Ipsum ha sido el texto ficticio est&aacute;ndar de la industria desde la d&eacute;cada de 1500, cuando una impresora desconocida tom&oacute; una galera de tipos y se confundi&oacute;. Lorem Ipsum es simplemente texto ficticio de la industria de impresi&oacute;n y tipograf&iacute;a. Lorem Ipsum ha sido el texto ficticio est&aacute;ndar de la industria desde la d&eacute;cada de 1500, cuando una impresora desconocida tom&oacute; una galera de tipos y se confundi&oacute;. Lorem Ipsum es simplemente texto ficticio de la industria de impresi&oacute;n y tipograf&iacute;a. Lorem Ipsum ha sido el texto ficticio est&aacute;ndar de la industria desde la d&eacute;cada de 1500, cuando una impresora desconocida tom&oacute; una galera de tipos y se confundi&oacute;. Lorem Ipsum es simplemente texto ficticio de la industria de impresi&oacute;n y tipograf&iacute;a. Lorem Ipsum ha sido el texto ficticio est&aacute;ndar de la industria desde la d&eacute;cada de 1500, cuando una impresora desconocida tom&oacute; una galera de tipos y se confundi&oacute;. Lorem Ipsum es simplemente texto ficticio de la industria de impresi&oacute;n y tipograf&iacute;a. Lorem Ipsum ha sido el texto de relleno est&aacute;ndar de la industria desde la d&eacute;cada de 1500, cuando una impresora desconocida tom&oacute; una galera de tipos y programas.<br />\r\n&nbsp;</p>\r\n', '2019-04-09 10:59:22', '2019-04-09 10:59:22'),
(9, 'pp_page_english', '<p>Lorem Ipsum is simply dummied text of the printing and typesetting industry. Lorem Ipsum has been the industry&#39;s standard dummy text ever since the 1500s, when an unknown printer took a galley of type and scram Lorem Ipsum is simply dummied text of the printing and typesetting industry. Lorem Ipsum has been the industry&#39;s standard dummy text ever since the 1500s, when an unknown printer took a galley of type and scram Lorem Ipsum is simply dummied text of the printing and typesetting industry. Lorem Ipsum has been the industry&#39;s standard dummy text ever since the 1500s, when an unknown printer took a galley of type and scram Lorem Ipsum is simply dummied text of the printing and typesetting industry. Lorem Ipsum has been the industry&#39;s standard dummy text ever since the 1500s, when an unknown printer took a galley of type and scram Lorem Ipsum is simply dummied text of the printing and typesetting industry. Lorem Ipsum has been the industry&#39;s standard dummy text ever since the 1500s, when an unknown printer took a galley of type and scram</p>', '2019-04-09 11:00:04', '2019-04-09 11:00:04'),
(10, 'pp_page_spanish', '<p>Lorem Ipsum es simplemente texto ficticio de la industria de impresi&oacute;n y tipograf&iacute;a. Lorem Ipsum ha sido el texto ficticio est&aacute;ndar de la industria desde la d&eacute;cada de 1500, cuando una impresora desconocida tom&oacute; una galera de tipos y se confundi&oacute;. Lorem Ipsum es simplemente texto ficticio de la industria de impresi&oacute;n y tipograf&iacute;a. Lorem Ipsum ha sido el texto ficticio est&aacute;ndar de la industria desde la d&eacute;cada de 1500, cuando una impresora desconocida tom&oacute; una galera de tipos y se confundi&oacute;. Lorem Ipsum es simplemente texto ficticio de la industria de impresi&oacute;n y tipograf&iacute;a. Lorem Ipsum ha sido el texto ficticio est&aacute;ndar de la industria desde la d&eacute;cada de 1500, cuando una impresora desconocida tom&oacute; una galera de tipos y se confundi&oacute;. Lorem Ipsum es simplemente texto ficticio de la industria de impresi&oacute;n y tipograf&iacute;a. Lorem Ipsum ha sido el texto ficticio est&aacute;ndar de la industria desde la d&eacute;cada de 1500, cuando una impresora desconocida tom&oacute; una galera de tipos y se confundi&oacute;. Lorem Ipsum es simplemente texto ficticio de la industria de impresi&oacute;n y tipograf&iacute;a. Lorem Ipsum ha sido el texto de relleno est&aacute;ndar de la industria desde la d&eacute;cada de 1500, cuando una impresora desconocida tom&oacute; una galera de tipos y programas.<br />\r\n&nbsp;</p>\r\n', '2019-04-09 11:00:17', '2019-04-09 11:00:17');

-- --------------------------------------------------------

--
-- Table structure for table `payment_transactions`
--

CREATE TABLE `payment_transactions` (
  `id` int(11) NOT NULL,
  `user_id` int(11) NOT NULL,
  `transactionId` varchar(255) COLLATE utf8_unicode_ci NOT NULL,
  `chargeId` varchar(500) COLLATE utf8_unicode_ci NOT NULL,
  `refundId` varchar(500) COLLATE utf8_unicode_ci NOT NULL,
  `transactionType` varchar(50) COLLATE utf8_unicode_ci NOT NULL DEFAULT 'payment',
  `amount` varchar(255) COLLATE utf8_unicode_ci NOT NULL,
  `paymentStatus` varchar(255) COLLATE utf8_unicode_ci NOT NULL,
  `paymentType` tinyint(4) NOT NULL DEFAULT '0' COMMENT '1:ShowTopUser,2:ViewMap,3:EventJoinPayment,4:CompanionPayment,5:MemberShipSub,6:BusinessSub,7:AppointmentPayment',
  `referenceId` int(11) NOT NULL,
  `paymentDetail` longtext COLLATE utf8_unicode_ci NOT NULL,
  `crd` datetime NOT NULL,
  `upd` datetime NOT NULL
) ENGINE=InnoDB DEFAULT CHARSET=utf8 COLLATE=utf8_unicode_ci;

--
-- Dumping data for table `payment_transactions`
--

INSERT INTO `payment_transactions` (`id`, `user_id`, `transactionId`, `chargeId`, `refundId`, `transactionType`, `amount`, `paymentStatus`, `paymentType`, `referenceId`, `paymentDetail`, `crd`, `upd`) VALUES
(1, 7, 'txn_1ESh7XKtTgsRzJjJ1wKj5wy7', 'ch_1ESh7XKtTgsRzJjJ3AAOkKyP', '', 'payment', '100', 'succeeded', 2, 0, '', '2019-04-24 09:10:27', '0000-00-00 00:00:00'),
(2, 7, '', 'sub_EwaJn10IZu3oBW', '', 'payment', '200', 'active', 0, 0, '', '2019-04-24 09:11:53', '0000-00-00 00:00:00'),
(3, 7, 'txn_1ESjI6KtTgsRzJjJLH3SN1hd', 'ch_1ESjI6KtTgsRzJjJ0a8O19jC', '', 'payment', '100', 'succeeded', 1, 0, '', '2019-04-24 11:29:30', '0000-00-00 00:00:00'),
(4, 8, '', 'sub_EweWDu4NvnvWZb', '', 'payment', '200', 'active', 0, 0, '', '2019-04-24 13:33:02', '0000-00-00 00:00:00'),
(5, 8, 'txn_1ESlPJKtTgsRzJjJGlpklGmv', 'ch_1ESlPIKtTgsRzJjJwVA1j6Bm', '', 'payment', '100', 'succeeded', 1, 0, '', '2019-04-24 13:45:05', '0000-00-00 00:00:00'),
(6, 8, 'txn_1ESlQ8KtTgsRzJjJsMXuCj2n', 'ch_1ESlQ8KtTgsRzJjJWZpaV2KJ', '', 'payment', '100', 'succeeded', 2, 0, '', '2019-04-24 13:45:56', '0000-00-00 00:00:00'),
(7, 6, 'txn_1ESlSlKtTgsRzJjJtHolH5TA', 'ch_1ESlSlKtTgsRzJjJ6WO5Xkmd', '', 'payment', '100', 'succeeded', 2, 0, '', '2019-04-24 13:48:39', '0000-00-00 00:00:00'),
(8, 6, '', 'sub_Ewer0kFlPyE1dD', '', 'payment', '200', 'active', 0, 0, '', '2019-04-24 13:54:10', '0000-00-00 00:00:00'),
(9, 6, 'txn_1EUV9jKtTgsRzJjJyppTALb1', 'ch_1EUV9iKtTgsRzJjJ0pBqJcUG', '', 'stripeToBank', '700', 'succeeded', 7, 14, '', '2019-04-29 14:18:12', '0000-00-00 00:00:00'),
(10, 7, 'txn_1EUVHMKtTgsRzJjJTEd7eX0o', 'ch_1EUVHLKtTgsRzJjJi9ilI2cN', '', 'stripeToBank', '57657.0', 'succeeded', 7, 15, '', '2019-04-29 14:26:04', '0000-00-00 00:00:00'),
(11, 15, '', 'sub_EySH0byomJzTpS', '', 'payment', '200', 'active', 6, 0, '', '2019-04-29 14:32:07', '0000-00-00 00:00:00'),
(12, 15, 'txn_1EUWNTKtTgsRzJjJ5bFs0Mnf', 'ch_1EUWNTKtTgsRzJjJivoY3ac5', '', 'stripeToBank', '233.0', 'succeeded', 7, 22, '', '2019-04-29 15:36:27', '0000-00-00 00:00:00'),
(13, 8, 'txn_1EUX6YKtTgsRzJjJVmA91R90', 'ch_1EUX6XKtTgsRzJjJE4bap2iC', '', 'stripeToBank', '6534', 'succeeded', 7, 24, '', '2019-04-29 16:23:02', '0000-00-00 00:00:00'),
(14, 10, 'txn_1EUq4iKtTgsRzJjJXzCPts4Y', 'ch_1EUq4hKtTgsRzJjJnTiLWWHD', '', 'stripeToBank', '123', 'succeeded', 3, 47, '', '2019-04-30 12:38:24', '0000-00-00 00:00:00'),
(15, 8, 'txn_1EUtmFKtTgsRzJjJUWTohvda', 'ch_1EUtmFKtTgsRzJjJtj9geADw', '', 'stripeToBank', '250', 'succeeded', 7, 48, '', '2019-04-30 16:35:37', '0000-00-00 00:00:00'),
(16, 21, '', 'sub_Eysd3cUeJYUm8d', '', 'payment', '200', 'active', 6, 0, '', '2019-04-30 17:46:05', '0000-00-00 00:00:00'),
(17, 16, 'txn_1EUvwqKtTgsRzJjJT9aowzOq', 'ch_1EUvwqKtTgsRzJjJpqdbDEuM', '', 'payment', '100', 'succeeded', 2, 0, '', '2019-04-30 13:24:41', '0000-00-00 00:00:00'),
(18, 16, 'txn_1EUvxGKtTgsRzJjJBKvv0IcG', 'ch_1EUvxFKtTgsRzJjJxlv9YJ0q', '', 'payment', '100', 'succeeded', 1, 0, '', '2019-04-30 13:25:06', '0000-00-00 00:00:00'),
(19, 16, '', 'sub_EytlNOkg2xeB1O', '', 'payment', '200', 'active', 0, 0, '', '2019-04-30 13:25:48', '0000-00-00 00:00:00'),
(20, 15, '', 'sub_EytqJz09fO2LpE', '', 'payment', '200', 'active', 0, 0, '', '2019-04-30 13:31:05', '0000-00-00 00:00:00'),
(21, 15, 'txn_1EUw54KtTgsRzJjJkIvdotDL', 'ch_1EUw53KtTgsRzJjJfY0b836V', '', 'payment', '100', 'succeeded', 2, 0, '', '2019-04-30 13:33:10', '0000-00-00 00:00:00'),
(22, 15, 'txn_1EUwDNKtTgsRzJjJa24kM5Pp', 'ch_1EUwDNKtTgsRzJjJvqMrJBf3', '', 'payment', '100', 'succeeded', 1, 0, '', '2019-04-30 13:41:45', '0000-00-00 00:00:00'),
(23, 16, 'txn_1EVFdkKtTgsRzJjJPnoOeYf4', 'ch_1EVFdjKtTgsRzJjJLM1TejOE', '', 'stripeToBank', '36', 'succeeded', 7, 69, '', '2019-05-01 15:56:16', '0000-00-00 00:00:00'),
(24, 15, 'txn_1EVIaHKtTgsRzJjJ0jLnonht', 'ch_1EVIaHKtTgsRzJjJF15W7zoR', '', 'stripeToBank', '32', 'succeeded', 7, 91, '', '2019-05-01 19:04:54', '0000-00-00 00:00:00'),
(25, 8, 'txn_1EVItAKtTgsRzJjJNdjVRtpN', 'ch_1EVIt9KtTgsRzJjJ1JxvuedJ', '', 'stripeToBank', '350', 'succeeded', 7, 95, '', '2019-05-01 19:24:25', '0000-00-00 00:00:00'),
(26, 3, 'txn_1EVbKrKtTgsRzJjJilLoOlL2', 'ch_1EVbKrKtTgsRzJjJ7yeDRYBU', '', 'stripeToBank', '78.0', 'succeeded', 7, 104, '', '2019-05-02 15:06:14', '0000-00-00 00:00:00'),
(27, 16, 'txn_1EVcj4KtTgsRzJjJfas0hCzj', 'ch_1EVcj3KtTgsRzJjJ3pjPvVzI', '', 'stripeToBank', '25.0', 'succeeded', 7, 105, '', '2019-05-02 16:35:19', '0000-00-00 00:00:00'),
(28, 8, 'txn_1EVxSDKtTgsRzJjJMMPh2YTy', 'ch_1EVxSDKtTgsRzJjJaaLamYe4', '', 'stripeToBank', '30', 'succeeded', 7, 107, '', '2019-05-03 14:43:19', '0000-00-00 00:00:00'),
(29, 15, 'txn_1EVyOPKtTgsRzJjJmvAPtAam', 'ch_1EVyOPKtTgsRzJjJrG1sAjWO', '', 'stripeToBank', '123', 'succeeded', 3, 47, '', '2019-05-03 15:43:26', '0000-00-00 00:00:00'),
(30, 16, 'txn_1EVyoLKtTgsRzJjJPaaPUQc3', 'ch_1EVyoKKtTgsRzJjJGY9RwFL5', '', 'stripeToBank', '25', 'succeeded', 7, 111, '', '2019-05-03 16:10:13', '0000-00-00 00:00:00'),
(31, 8, 'txn_1EVzIyKtTgsRzJjJblEfW27S', 'ch_1EVzIyKtTgsRzJjJ7GimpN6G', '', 'stripeToBank', '23.0', 'succeeded', 7, 112, '', '2019-05-03 16:41:53', '0000-00-00 00:00:00'),
(32, 3, 'txn_1EW0MeKtTgsRzJjJC3h5EWxZ', 'ch_1EW0MeKtTgsRzJjJ4axX5CoM', '', 'payment', '100', 'succeeded', 2, 0, '', '2019-05-03 12:19:44', '0000-00-00 00:00:00'),
(33, 17, 'txn_1EX5bzKtTgsRzJjJl3iERsVC', 'ch_1EX5bzKtTgsRzJjJGMPY8YFt', '', 'payment', '100', 'succeeded', 2, 0, '', '2019-05-06 12:08:04', '0000-00-00 00:00:00'),
(34, 10, 'txn_1EXSbTKtTgsRzJjJXdRPpahZ', 'ch_1EXSbTKtTgsRzJjJRx3SCIQT', '', 'stripeToBank', '44', 'succeeded', 7, 118, '', '2019-05-07 18:11:04', '0000-00-00 00:00:00'),
(35, 6, 'txn_1EXSpYKtTgsRzJjJuPAqSKqq', 'ch_1EXSpYKtTgsRzJjJOAYJTgxp', '', 'stripeToBank', '45646.0', 'succeeded', 7, 123, '', '2019-05-07 18:25:37', '0000-00-00 00:00:00'),
(36, 14, 'txn_1EY6K1KtTgsRzJjJkt5OVq6S', 'ch_1EY6K1KtTgsRzJjJ2jB3Mwnd', '', 'stripeToBank', '100', 'succeeded', 3, 114, '', '2019-05-09 12:35:41', '0000-00-00 00:00:00'),
(37, 12, 'txn_1EY6KPKtTgsRzJjJns0MJZvs', 'ch_1EY6KOKtTgsRzJjJ1vQ0y4bd', '', 'stripeToBank', '100', 'succeeded', 3, 114, '', '2019-05-09 12:36:05', '0000-00-00 00:00:00'),
(38, 14, 'txn_1EY6cwKtTgsRzJjJsJvi2xsv', 'ch_1EY6cwKtTgsRzJjJD9UhfyDp', '', 'stripeToBank', '100', 'succeeded', 4, 114, '', '2019-05-09 12:55:14', '0000-00-00 00:00:00'),
(39, 14, 'txn_1EY6kkKtTgsRzJjJzCNnUmwG', 'ch_1EY6kjKtTgsRzJjJoHl1pHJ7', '', 'stripeToBank', '200', 'succeeded', 3, 115, '', '2019-05-09 13:03:18', '0000-00-00 00:00:00'),
(40, 11, 'txn_1EY6yVKtTgsRzJjJiWTpSdYR', 'ch_1EY6yUKtTgsRzJjJrIe2sdgW', '', 'stripeToBank', '250.0', 'succeeded', 7, 134, '', '2019-05-09 13:17:31', '0000-00-00 00:00:00'),
(41, 10, 'txn_1EY89gKtTgsRzJjJAm233MeF', 'ch_1EY89gKtTgsRzJjJtd1JW86p', '', 'stripeToBank', '25', 'succeeded', 3, 120, '', '2019-05-09 14:33:08', '0000-00-00 00:00:00'),
(42, 25, 'txn_1EY8DoKtTgsRzJjJv09BRCzP', 'ch_1EY8DoKtTgsRzJjJtKTam6Q1', '', 'stripeToBank', '25', 'succeeded', 3, 120, '', '2019-05-09 14:37:25', '0000-00-00 00:00:00'),
(43, 25, 'txn_1EY8LuKtTgsRzJjJxOwrZsAS', 'ch_1EY8LuKtTgsRzJjJlme6kBXN', '', 'stripeToBank', '25', 'succeeded', 4, 120, '', '2019-05-09 14:45:46', '0000-00-00 00:00:00'),
(44, 10, 'txn_1EYWjYKtTgsRzJjJAbl41SXh', 'ch_1EYWjYKtTgsRzJjJInQd5PEt', '', 'stripeToBank', '25', 'succeeded', 4, 120, '', '2019-05-10 16:47:49', '0000-00-00 00:00:00'),
(45, 10, 'txn_1EcRH4KtTgsRzJjJ0F8qZ7xS', 'ch_1EcRH3KtTgsRzJjJE9BKlrBN', '', 'stripeToBank', '50', 'succeeded', 7, 136, '{\"status\":true,\"message\":\"Transaction completed successfully\",\"data\":{\"id\":\"ch_1EcRH3KtTgsRzJjJE9BKlrBN\",\"object\":\"charge\",\"amount\":5000,\"amount_refunded\":0,\"application\":null,\"application_fee\":null,\"application_fee_amount\":null,\"balance_transaction\":\"txn_1EcRH4KtTgsRzJjJ0F8qZ7xS\",\"billing_details\":{\"address\":{\"city\":null,\"country\":null,\"line1\":null,\"line2\":null,\"postal_code\":\"42424\",\"state\":null},\"email\":null,\"name\":null,\"phone\":null},\"captured\":true,\"created\":1558419393,\"currency\":\"usd\",\"customer\":\"cus_EyngfE0NojILxb\",\"description\":null,\"destination\":\"acct_1ESfQREUltDo0i7o\",\"dispute\":null,\"failure_code\":null,\"failure_message\":null,\"fraud_details\":[],\"invoice\":null,\"livemode\":false,\"metadata\":[],\"on_behalf_of\":\"acct_1ESfQREUltDo0i7o\",\"order\":null,\"outcome\":{\"network_status\":\"approved_by_network\",\"reason\":null,\"risk_level\":\"normal\",\"risk_score\":7,\"seller_message\":\"Payment complete.\",\"type\":\"authorized\"},\"paid\":true,\"payment_intent\":null,\"payment_method\":\"card_1EcRH1KtTgsRzJjJRqC7fbdf\",\"payment_method_details\":{\"card\":{\"brand\":\"visa\",\"checks\":{\"address_line1_check\":null,\"address_postal_code_check\":\"pass\",\"cvc_check\":\"pass\"},\"country\":\"US\",\"description\":\"Visa Classic\",\"exp_month\":4,\"exp_year\":2024,\"fingerprint\":\"eEGJuVjzuZ8ObDOs\",\"funding\":\"credit\",\"last4\":\"4242\",\"three_d_secure\":null,\"wallet\":null},\"type\":\"card\"},\"receipt_email\":null,\"receipt_number\":null,\"receipt_url\":\"https:\\/\\/pay.stripe.com\\/receipts\\/acct_1BvBh4KtTgsRzJjJ\\/ch_1EcRH3KtTgsRzJjJE9BKlrBN\\/rcpt_F6ea5b3UvxMGlYfavoGQmbVcPRsds8g\",\"refunded\":false,\"refunds\":{\"object\":\"list\",\"data\":[],\"has_more\":false,\"total_count\":0,\"url\":\"\\/v1\\/charges\\/ch_1EcRH3KtTgsRzJjJE9BKlrBN\\/refunds\"},\"review\":null,\"shipping\":null,\"source\":{\"id\":\"card_1EcRH1KtTgsRzJjJRqC7fbdf\",\"object\":\"card\",\"address_city\":null,\"address_country\":null,\"address_line1\":null,\"address_line1_check\":null,\"address_line2\":null,\"address_state\":null,\"address_zip\":\"42424\",\"address_zip_check\":\"pass\",\"brand\":\"Visa\",\"country\":\"US\",\"customer\":\"cus_EyngfE0NojILxb\",\"cvc_check\":\"pass\",\"dynamic_last4\":null,\"exp_month\":4,\"exp_year\":2024,\"fingerprint\":\"eEGJuVjzuZ8ObDOs\",\"funding\":\"credit\",\"last4\":\"4242\",\"metadata\":[],\"name\":null,\"tokenization_method\":null},\"source_transfer\":null,\"statement_descriptor\":null,\"status\":\"succeeded\",\"transfer\":\"tr_1EcRH4KtTgsRzJjJkStvA32z\",\"transfer_data\":{\"amount\":null,\"destination\":\"acct_1ESfQREUltDo0i7o\"},\"transfer_group\":\"group_ch_1EcRH3KtTgsRzJjJE9BKlrBN\"}}', '2019-05-21 11:46:34', '0000-00-00 00:00:00'),
(46, 10, 'txn_1EcUkCKtTgsRzJjJSgJt1ti9', 'ch_1EcUkBKtTgsRzJjJC9qZLWFD', '', 'stripeToBank', '56', 'succeeded', 3, 128, '{\"status\":true,\"message\":\"Transaction completed successfully\",\"data\":{\"id\":\"ch_1EcUkBKtTgsRzJjJC9qZLWFD\",\"object\":\"charge\",\"amount\":5600,\"amount_refunded\":0,\"application\":null,\"application_fee\":null,\"application_fee_amount\":null,\"balance_transaction\":\"txn_1EcUkCKtTgsRzJjJSgJt1ti9\",\"billing_details\":{\"address\":{\"city\":null,\"country\":null,\"line1\":null,\"line2\":null,\"postal_code\":\"42424\",\"state\":null},\"email\":null,\"name\":null,\"phone\":null},\"captured\":true,\"created\":1558432731,\"currency\":\"usd\",\"customer\":\"cus_EyngfE0NojILxb\",\"description\":null,\"destination\":\"acct_1EaN4KEmdk6YjtoS\",\"dispute\":null,\"failure_code\":null,\"failure_message\":null,\"fraud_details\":[],\"invoice\":null,\"livemode\":false,\"metadata\":[],\"on_behalf_of\":\"acct_1EaN4KEmdk6YjtoS\",\"order\":null,\"outcome\":{\"network_status\":\"approved_by_network\",\"reason\":null,\"risk_level\":\"normal\",\"risk_score\":22,\"seller_message\":\"Payment complete.\",\"type\":\"authorized\"},\"paid\":true,\"payment_intent\":null,\"payment_method\":\"card_1EcRH1KtTgsRzJjJRqC7fbdf\",\"payment_method_details\":{\"card\":{\"brand\":\"visa\",\"checks\":{\"address_line1_check\":null,\"address_postal_code_check\":\"pass\",\"cvc_check\":null},\"country\":\"US\",\"description\":\"Visa Classic\",\"exp_month\":4,\"exp_year\":2024,\"fingerprint\":\"eEGJuVjzuZ8ObDOs\",\"funding\":\"credit\",\"last4\":\"4242\",\"three_d_secure\":null,\"wallet\":null},\"type\":\"card\"},\"receipt_email\":null,\"receipt_number\":null,\"receipt_url\":\"https:\\/\\/pay.stripe.com\\/receipts\\/acct_1BvBh4KtTgsRzJjJ\\/ch_1EcUkBKtTgsRzJjJC9qZLWFD\\/rcpt_F6iANj1pCLCATkVJjlSPftp8qppWTcw\",\"refunded\":false,\"refunds\":{\"object\":\"list\",\"data\":[],\"has_more\":false,\"total_count\":0,\"url\":\"\\/v1\\/charges\\/ch_1EcUkBKtTgsRzJjJC9qZLWFD\\/refunds\"},\"review\":null,\"shipping\":null,\"source\":{\"id\":\"card_1EcRH1KtTgsRzJjJRqC7fbdf\",\"object\":\"card\",\"address_city\":null,\"address_country\":null,\"address_line1\":null,\"address_line1_check\":null,\"address_line2\":null,\"address_state\":null,\"address_zip\":\"42424\",\"address_zip_check\":\"pass\",\"brand\":\"Visa\",\"country\":\"US\",\"customer\":\"cus_EyngfE0NojILxb\",\"cvc_check\":null,\"dynamic_last4\":null,\"exp_month\":4,\"exp_year\":2024,\"fingerprint\":\"eEGJuVjzuZ8ObDOs\",\"funding\":\"credit\",\"last4\":\"4242\",\"metadata\":[],\"name\":null,\"tokenization_method\":null},\"source_transfer\":null,\"statement_descriptor\":null,\"status\":\"succeeded\",\"transfer\":\"tr_1EcUkCKtTgsRzJjJ4YiUQwqD\",\"transfer_data\":{\"amount\":null,\"destination\":\"acct_1EaN4KEmdk6YjtoS\"},\"transfer_group\":\"group_ch_1EcUkBKtTgsRzJjJC9qZLWFD\"}}', '2019-05-21 15:28:52', '0000-00-00 00:00:00'),
(47, 10, 'txn_1EcUnvKtTgsRzJjJTYB12vpt', 'ch_1EcUnuKtTgsRzJjJuQ1XIXmQ', '', 'stripeToBank', '56', 'succeeded', 4, 128, '{\"status\":true,\"message\":\"Transaction completed successfully\",\"data\":{\"id\":\"ch_1EcUnuKtTgsRzJjJuQ1XIXmQ\",\"object\":\"charge\",\"amount\":5600,\"amount_refunded\":0,\"application\":null,\"application_fee\":null,\"application_fee_amount\":null,\"balance_transaction\":\"txn_1EcUnvKtTgsRzJjJTYB12vpt\",\"billing_details\":{\"address\":{\"city\":null,\"country\":null,\"line1\":null,\"line2\":null,\"postal_code\":\"42424\",\"state\":null},\"email\":null,\"name\":null,\"phone\":null},\"captured\":true,\"created\":1558432962,\"currency\":\"usd\",\"customer\":\"cus_EyngfE0NojILxb\",\"description\":null,\"destination\":\"acct_1EaN4KEmdk6YjtoS\",\"dispute\":null,\"failure_code\":null,\"failure_message\":null,\"fraud_details\":[],\"invoice\":null,\"livemode\":false,\"metadata\":[],\"on_behalf_of\":\"acct_1EaN4KEmdk6YjtoS\",\"order\":null,\"outcome\":{\"network_status\":\"approved_by_network\",\"reason\":null,\"risk_level\":\"normal\",\"risk_score\":38,\"seller_message\":\"Payment complete.\",\"type\":\"authorized\"},\"paid\":true,\"payment_intent\":null,\"payment_method\":\"card_1EcRH1KtTgsRzJjJRqC7fbdf\",\"payment_method_details\":{\"card\":{\"brand\":\"visa\",\"checks\":{\"address_line1_check\":null,\"address_postal_code_check\":\"pass\",\"cvc_check\":null},\"country\":\"US\",\"description\":\"Visa Classic\",\"exp_month\":4,\"exp_year\":2024,\"fingerprint\":\"eEGJuVjzuZ8ObDOs\",\"funding\":\"credit\",\"last4\":\"4242\",\"three_d_secure\":null,\"wallet\":null},\"type\":\"card\"},\"receipt_email\":null,\"receipt_number\":null,\"receipt_url\":\"https:\\/\\/pay.stripe.com\\/receipts\\/acct_1BvBh4KtTgsRzJjJ\\/ch_1EcUnuKtTgsRzJjJuQ1XIXmQ\\/rcpt_F6iEcSjc9yLKnj9zKesnSiNRAKz4Uho\",\"refunded\":false,\"refunds\":{\"object\":\"list\",\"data\":[],\"has_more\":false,\"total_count\":0,\"url\":\"\\/v1\\/charges\\/ch_1EcUnuKtTgsRzJjJuQ1XIXmQ\\/refunds\"},\"review\":null,\"shipping\":null,\"source\":{\"id\":\"card_1EcRH1KtTgsRzJjJRqC7fbdf\",\"object\":\"card\",\"address_city\":null,\"address_country\":null,\"address_line1\":null,\"address_line1_check\":null,\"address_line2\":null,\"address_state\":null,\"address_zip\":\"42424\",\"address_zip_check\":\"pass\",\"brand\":\"Visa\",\"country\":\"US\",\"customer\":\"cus_EyngfE0NojILxb\",\"cvc_check\":null,\"dynamic_last4\":null,\"exp_month\":4,\"exp_year\":2024,\"fingerprint\":\"eEGJuVjzuZ8ObDOs\",\"funding\":\"credit\",\"last4\":\"4242\",\"metadata\":[],\"name\":null,\"tokenization_method\":null},\"source_transfer\":null,\"statement_descriptor\":null,\"status\":\"succeeded\",\"transfer\":\"tr_1EcUnvKtTgsRzJjJz1MYhBUH\",\"transfer_data\":{\"amount\":null,\"destination\":\"acct_1EaN4KEmdk6YjtoS\"},\"transfer_group\":\"group_ch_1EcUnuKtTgsRzJjJuQ1XIXmQ\"}}', '2019-05-21 15:32:43', '0000-00-00 00:00:00');

-- --------------------------------------------------------

--
-- Table structure for table `profile_Image_likes`
--

CREATE TABLE `profile_Image_likes` (
  `ImgLikeId` int(11) NOT NULL,
  `like_for_user_id` int(11) NOT NULL,
  `user_img_id` int(11) NOT NULL,
  `like_by_user_id` int(11) NOT NULL,
  `crd` datetime NOT NULL
) ENGINE=InnoDB DEFAULT CHARSET=latin1;

-- --------------------------------------------------------

--
-- Table structure for table `requests`
--

CREATE TABLE `requests` (
  `requestId` int(11) NOT NULL,
  `requestBy` int(11) NOT NULL,
  `requestFor` int(11) NOT NULL,
  `requestStatus` int(11) NOT NULL DEFAULT '1' COMMENT '1:Pending,2:Accept,3:Reject',
  `crd` datetime NOT NULL
) ENGINE=InnoDB DEFAULT CHARSET=latin1;

--
-- Dumping data for table `requests`
--

INSERT INTO `requests` (`requestId`, `requestBy`, `requestFor`, `requestStatus`, `crd`) VALUES
(1, 8, 5, 1, '2019-04-24 13:51:08'),
(3, 10, 3, 1, '2019-04-24 15:01:17'),
(12, 11, 8, 1, '2019-04-28 16:48:29'),
(13, 13, 8, 1, '2019-04-29 13:30:56'),
(14, 13, 7, 1, '2019-04-29 13:31:15'),
(26, 8, 7, 1, '2019-04-29 10:20:57'),
(47, 16, 6, 1, '2019-05-01 14:06:48'),
(49, 13, 14, 1, '2019-05-01 14:56:41'),
(50, 5, 3, 1, '2019-05-02 12:07:24'),
(60, 11, 9, 1, '2019-05-08 14:21:12');

-- --------------------------------------------------------

--
-- Table structure for table `review`
--

CREATE TABLE `review` (
  `reviewId` int(11) NOT NULL,
  `by_user_id` int(11) NOT NULL,
  `for_user_id` int(11) NOT NULL,
  `rating` varchar(255) NOT NULL,
  `comment` text CHARACTER SET utf8mb4 COLLATE utf8mb4_bin NOT NULL,
  `reviewType` tinyint(4) NOT NULL COMMENT '1:Appointment,2:Event',
  `referenceId` int(11) NOT NULL,
  `crd` datetime NOT NULL
) ENGINE=InnoDB DEFAULT CHARSET=latin1;

--
-- Dumping data for table `review`
--

INSERT INTO `review` (`reviewId`, `by_user_id`, `for_user_id`, `rating`, `comment`, `reviewType`, `referenceId`, `crd`) VALUES
(1, 9, 7, '5', 'Good event incredible!!', 2, 16, '2019-04-26 02:06:43'),
(2, 13, 11, '5', 'Very good person Mr. Braj is.', 1, 7, '2019-04-29 13:33:51'),
(3, 8, 7, '5', 'tets', 1, 3, '2019-04-29 14:00:07'),
(4, 5, 11, '5', 'It was great ', 2, 33, '2019-04-29 14:20:03'),
(5, 13, 11, '5', 'It was very nice today with all guys', 2, 33, '2019-04-29 14:20:04'),
(6, 5, 11, '5', 'Perfect ', 2, 28, '2019-04-29 14:22:39'),
(7, 11, 5, '2', 'He is not a good man , I am really disappointed', 1, 16, '2019-04-29 14:30:50'),
(8, 5, 11, '5', 'Okay ', 1, 16, '2019-04-29 14:30:55'),
(9, 6, 11, '3', 'Hello new review', 2, 23, '2019-04-29 14:38:56'),
(10, 16, 15, '5.0', 'boa sorte na', 1, 17, '2019-04-29 14:52:21'),
(11, 15, 16, '5', 'ttt', 1, 17, '2019-04-29 14:52:34'),
(12, 3, 9, '3', 'Thogicjxh', 2, 15, '2019-04-29 15:46:31'),
(13, 8, 7, '5.0', '6666', 1, 24, '2019-04-29 16:23:37'),
(14, 6, 3, '3', '56fg f gj fg j fghfg ghjf ghj', 2, 17, '2019-04-29 16:28:34'),
(15, 6, 3, '4', 'Rtyfghf gj dfg j g hj g', 1, 12, '2019-04-29 16:29:31'),
(16, 3, 6, '4', 'Cbgh h g hggxg', 1, 12, '2019-04-29 16:30:08'),
(17, 8, 7, '4.0', 'hfajs', 1, 25, '2019-04-29 16:42:28'),
(18, 10, 3, '1', 'aaaaa', 1, 28, '2019-04-29 17:02:45'),
(19, 13, 12, '5', 'Nice', 1, 11, '2019-04-29 21:05:06'),
(20, 12, 13, '4', 'good', 1, 11, '2019-04-29 21:05:33'),
(21, 12, 11, '4', 'Hello', 1, 39, '2019-04-29 21:07:47'),
(22, 11, 12, '4', 'Yes great', 1, 39, '2019-04-29 21:08:06'),
(23, 10, 3, '4', 'nice', 1, 40, '2019-04-30 11:22:47'),
(24, 16, 18, '5.0', 'we will not', 1, 43, '2019-04-30 14:55:48'),
(25, 16, 18, '5.0', 'ja', 1, 44, '2019-04-30 15:08:16'),
(26, 18, 16, '5', 'hey', 1, 44, '2019-04-30 15:10:55'),
(27, 16, 18, '5.0', 'we will not', 1, 45, '2019-04-30 15:37:08'),
(28, 18, 16, '5', 'i m IRON MAN', 1, 45, '2019-04-30 15:39:02'),
(29, 20, 3, '3', 'Gf high j ghjf ghj fghj', 1, 49, '2019-04-30 15:52:49'),
(30, 8, 7, '3', 'it was very nice meeting. Thanks', 1, 48, '2019-04-30 16:36:08'),
(31, 6, 3, '3', 'Hobgoblin g', 1, 51, '2019-04-30 16:36:33'),
(32, 7, 8, '3.0', 'good meeting.', 1, 48, '2019-04-30 16:37:27'),
(33, 9, 12, '5', 'Good', 2, 32, '2019-04-30 18:39:50'),
(34, 17, 3, '4', 'The first time into the e the first time into the e the first time', 2, 52, '2019-05-01 10:59:52'),
(35, 8, 18, '5', 'u', 2, 66, '2019-05-01 12:56:43'),
(36, 6, 16, '4', 'Fghfg g Id fgj g. J gf j fg', 2, 58, '2019-05-01 13:52:29'),
(37, 13, 13, '5', 'Nice', 2, 43, '2019-05-01 14:55:04'),
(38, 11, 11, '5', 'It was great event', 2, 22, '2019-05-01 14:56:44'),
(39, 10, 6, '5', 'nice', 2, 19, '2019-05-01 14:59:56'),
(40, 5, 5, '4', 'Hello', 2, 29, '2019-05-01 15:06:21'),
(41, 11, 5, '4', 'It was good', 1, 76, '2019-05-01 15:49:04'),
(42, 5, 11, '5', 'Good One', 1, 76, '2019-05-01 15:49:11'),
(43, 8, 16, '5.0', 'we', 1, 69, '2019-05-01 15:57:43'),
(44, 5, 13, '5', 'Issue', 2, 27, '2019-05-01 16:02:35'),
(45, 8, 15, '5.0', 'yy', 1, 79, '2019-05-01 16:55:57'),
(46, 15, 8, '5', 'itest', 1, 79, '2019-05-01 16:57:37'),
(47, 16, 8, '5', 'hg', 1, 69, '2019-05-01 18:38:31'),
(48, 16, 7, '5', 'tested', 2, 64, '2019-05-01 18:39:42'),
(49, 3, 16, '4', 'Good event , nice environment', 2, 70, '2019-05-01 20:14:09'),
(50, 15, 3, '5', 'ttesghhhhoh igcigcitcitcitcitcigcitciyvigviyviyvitcticticitcitcitcitcticticitcitcgicigcigc', 1, 104, '2019-05-02 15:07:03'),
(51, 3, 15, '4', 'Df gh fgj ghj dghj dg hj ghjgh', 1, 104, '2019-05-02 15:07:20'),
(52, 16, 8, '5.0', 'we', 1, 105, '2019-05-02 16:35:51'),
(53, 8, 7, '5.0', 'It was nice to meeting  with  him', 1, 112, '2019-05-03 16:42:21'),
(54, 7, 8, '5.0', 'wow... great  meeting', 1, 112, '2019-05-03 16:43:50'),
(55, 13, 5, '5', 'It was good event', 2, 73, '2019-05-06 15:28:30'),
(56, 13, 11, '5', 'Good event', 2, 72, '2019-05-06 15:29:09'),
(57, 13, 9, '5', 'Awesome event', 2, 69, '2019-05-06 15:29:58'),
(58, 13, 5, '5', 'Nice', 2, 68, '2019-05-06 15:30:25'),
(59, 21, 8, '4', 'Mm', 1, 81, '2019-05-06 17:01:17'),
(60, 6, 7, '3', 'Review send krna', 1, 123, '2019-05-07 18:26:02'),
(61, 7, 6, '4.0', 'It was nice to meet with vOne.', 1, 123, '2019-05-07 18:26:11'),
(62, 14, 11, '5', 'It was nice meeting', 1, 134, '2019-05-09 13:18:18'),
(63, 11, 14, '3', 'Yes was ok', 1, 134, '2019-05-09 13:18:50');

-- --------------------------------------------------------

--
-- Table structure for table `users`
--

CREATE TABLE `users` (
  `userId` int(11) NOT NULL,
  `fullName` varchar(255) NOT NULL,
  `email` varchar(255) NOT NULL,
  `password` varchar(255) NOT NULL,
  `countryCode` varchar(10) NOT NULL,
  `contactNo` varchar(15) NOT NULL,
  `profileImage` varchar(255) NOT NULL,
  `address` varchar(255) NOT NULL,
  `city` varchar(255) NOT NULL,
  `state` varchar(255) NOT NULL,
  `country` varchar(255) NOT NULL,
  `latitude` varchar(255) NOT NULL,
  `longitude` varchar(255) NOT NULL,
  `gender` enum('1','2','3') NOT NULL COMMENT '1:Male,2:Female,3:Transgender',
  `birthday` date NOT NULL,
  `age` int(11) NOT NULL,
  `height` varchar(100) NOT NULL,
  `weight` varchar(100) NOT NULL,
  `relationship` tinyint(4) NOT NULL COMMENT '1:Single,2:Married,3:divorced,4:widowed',
  `about` text CHARACTER SET utf8mb4 COLLATE utf8mb4_bin NOT NULL,
  `purpose` enum('1','2','3') NOT NULL COMMENT '1:NewFriend,2:Chat,3:Date',
  `dateWith` enum('1','2','3') NOT NULL COMMENT '1:Girl,2:Guys,3:Transgender,4:All	',
  `eventInvitation` enum('1','2','3') NOT NULL DEFAULT '3' COMMENT '1:Public,2:Private,3:Both',
  `showOnMap` tinyint(4) NOT NULL DEFAULT '1' COMMENT '1:Yes,0:No',
  `otp` varchar(20) NOT NULL,
  `otpVerified` tinyint(4) NOT NULL DEFAULT '0' COMMENT '1:Verified,0:Notverify',
  `emailVerified` tinyint(4) NOT NULL DEFAULT '0' COMMENT '1:Verified,0:Notverify',
  `idWithHand` varchar(255) NOT NULL,
  `isVerifiedId` tinyint(4) NOT NULL DEFAULT '0' COMMENT '0:Pending,1:Verified,2:NotVerify',
  `faceImage` varchar(255) NOT NULL,
  `isFaceVerified` tinyint(4) NOT NULL DEFAULT '0' COMMENT '1:Verified,0:NotVerified',
  `language` varchar(100) NOT NULL COMMENT '1:English,2:Spanish,3: French',
  `eventType` tinyint(4) NOT NULL DEFAULT '0' COMMENT '1:Paid,2:Free',
  `appointmentType` tinyint(4) NOT NULL DEFAULT '2' COMMENT '1:Paid,2:Free',
  `socialId` varchar(255) NOT NULL,
  `socialType` varchar(20) NOT NULL,
  `mapPayment` tinyint(4) NOT NULL DEFAULT '0' COMMENT '1:PaymentDone,0:No',
  `showTopPayment` int(11) NOT NULL DEFAULT '0' COMMENT '1:PaymentDone:0:No',
  `stripeCustomerId` varchar(255) NOT NULL,
  `subscriptionId` varchar(255) NOT NULL,
  `subscriptionStatus` tinyint(4) NOT NULL COMMENT '1:Active,0:Inactive',
  `bizSubscriptionId` varchar(255) NOT NULL,
  `bizSubscriptionStatus` tinyint(4) NOT NULL DEFAULT '0' COMMENT '1:Active,0:Inactive',
  `authToken` varchar(50) NOT NULL,
  `deviceToken` varchar(255) NOT NULL,
  `deviceType` tinyint(4) NOT NULL DEFAULT '3' COMMENT '1:IOS, 2:Android,3:Website',
  `registeredFrom` tinyint(4) NOT NULL DEFAULT '3' COMMENT '1:IOS, 2:Android,3:Website',
  `status` tinyint(4) NOT NULL DEFAULT '1' COMMENT '1:Active,0:Inactive',
  `isProfileUpdate` tinyint(4) NOT NULL DEFAULT '0' COMMENT '0:not update,1:updated',
  `isNotification` tinyint(4) NOT NULL DEFAULT '1' COMMENT '1:On,0:Off',
  `setLanguage` varchar(255) NOT NULL,
  `crd` datetime NOT NULL,
  `upd` datetime NOT NULL
) ENGINE=InnoDB DEFAULT CHARSET=latin1;

--
-- Dumping data for table `users`
--

INSERT INTO `users` (`userId`, `fullName`, `email`, `password`, `countryCode`, `contactNo`, `profileImage`, `address`, `city`, `state`, `country`, `latitude`, `longitude`, `gender`, `birthday`, `age`, `height`, `weight`, `relationship`, `about`, `purpose`, `dateWith`, `eventInvitation`, `showOnMap`, `otp`, `otpVerified`, `emailVerified`, `idWithHand`, `isVerifiedId`, `faceImage`, `isFaceVerified`, `language`, `eventType`, `appointmentType`, `socialId`, `socialType`, `mapPayment`, `showTopPayment`, `stripeCustomerId`, `subscriptionId`, `subscriptionStatus`, `bizSubscriptionId`, `bizSubscriptionStatus`, `authToken`, `deviceToken`, `deviceType`, `registeredFrom`, `status`, `isProfileUpdate`, `isNotification`, `setLanguage`, `crd`, `upd`) VALUES
(3, 'Vijay Sharma', 'vijay.mindiii@gmail.com', '', '', '', '', '', '', '', '', '22.705151616572977', '75.9090492067938', '1', '2001-01-23', 18, '137.16 cm (4 feet 5 inches)', '89.0 Lbs', 2, '', '3', '1', '3', 1, '', 0, 1, '', 0, '', 0, 'English,French,Spanish', 1, 2, '108409137673592281897', 'gmail', 1, 0, 'cus_EzaV4jt2JmbTlZ', '', 0, '', 0, '0c1b878ccb4e815e38d8', '', 1, 0, 1, 1, 1, 'spanish', '2019-04-23 14:56:45', '2019-05-09 09:00:08'),
(4, 'Jack Darko', 'jack.darko098@gmail.com', '', '', '', '', '90-B, Greator Brijeshwari, Piplihana, Indore, Madhya Pradesh 452016, India', 'Indore', 'Madhya Pradesh', 'India', '22.705239414139623', '75.90916683473097', '1', '2000-04-23', 19, '', '', 0, '', '1', '1', '3', 1, '', 0, 1, '', 0, '', 0, '', 0, 2, '416487805825153', 'facebook', 0, 0, '', '', 0, '', 0, 'f2dc29f0471924c4958d', 'cJAxIqEcRCo:APA91bFxYQ6M2yoVZ8sOOBStfo-S28U1jnFlJTUMQvTaSrWTM_32Mzo9eQloPSRa-6gDb3SFWnT-LDoZR-N1Kl42jfXAlYtQpSINkreUxOTi61lRgz0E8i9IOX-3PLFLDxRJgxKx3fsQ', 1, 0, 1, 0, 1, 'english', '2019-04-23 14:57:24', '0000-00-00 00:00:00'),
(5, 'Santosh Sharma', '4santosh.sharma@gmail.com', '', '', '', '', 'Opp. Royal Residency, Kalindi Kunj Road,Ring Road, Piplyahana Circle,Greater Brijeshwari, Indore, Madhya Pradesh 452001, India', 'Indore', 'Madhya Pradesh', 'India', '22.702131', '75.9106903', '1', '1989-11-14', 30, '170.18 cm (5 feet 7 inches)', '75.0 Kg', 2, '', '1', '', '3', 1, '', 0, 1, '', 0, '', 0, 'English', 0, 2, '2106952599384847', 'facebook', 0, 0, '', '', 0, '', 0, 'a9d6daa0d447897bac64', 'cbIZdN1G-J8:APA91bGUZ9N8rSRY9-nT_dwUOqEKKEpq48PUhh9zHVgG4rbv7PD4fyoIjyl6WMqDllW_H3dfqS3aGie-0I3OwIO6E465PQaNz5mGCZ1dy16iX8rQeejAtqPjtdKdY2MctA-xSCuXCqwy', 1, 1, 1, 1, 0, 'english', '2019-04-23 15:17:01', '2019-05-09 08:08:33'),
(6, 'vOne', 'v1@gmail.com', '$2y$10$nzVs/4SU2wBWa4pGmNaSE.3nkd2Qby.WUuZaQkCkgJ8DE0wj1AiTW', '', '', '', 'C-8, Sceme No 54, Vijay Nagar, Indore, Madhya Pradesh 452010, India', 'Indore', 'Madhya Pradesh', 'India', '22.7532848', '75.8936962', '1', '2001-03-24', 18, '132.08 cm (4 feet 3 inches)', '78.0 Kg', 1, '', '1', '2', '3', 1, '', 0, 1, '', 0, '', 0, 'Spanish', 0, 1, '', '', 1, 0, 'cus_EwemVvWMUe3qoK', 'sub_Ewer0kFlPyE1dD', 0, '', 0, '461556367b39e9e9a8bd', '', 3, 1, 1, 1, 1, 'english', '2019-04-24 05:13:01', '2019-04-24 09:09:22'),
(7, 'Avi', 'avinash.mindiii@gmail.com', '$2y$10$4ikvP4wHeS7Qd5OhfEkGzO/o2co6/qhwtSbwwhPWFnD4Z5865wNSG', '', '', '', '303, Krishna Tower, Piplihana, Indore, Madhya Pradesh 452016, India', 'Indore', 'Madhya Pradesh', 'India', '22.705080136157445', '75.90927627175022', '1', '1994-11-10', 25, '137.16 cm (4 feet 5 inches)', '25 Pounds', 3, '', '1', '', '', 1, '', 0, 1, '', 0, '', 0, 'Spanish', 1, 1, '', '', 1, 1, 'cus_EwaIIOLfbrrgVA', 'sub_EwaJn10IZu3oBW', 0, '', 0, '74cf89d062c26eef48f9', 'fr0ppn-4be0:APA91bG7V_nTZZOudUiwFpL4KpIZGgp-ioZwL8w5gwVC8SqxN3oY3rqaA65E4-v1d6ahbkU6iYdWoNDhx8IlCD12GFnm-DNxzowldLILjMYLnNb-ik6Ql3MaFfjOq6s8syE4b1vMovyU', 2, 2, 1, 1, 1, 'english', '2019-04-24 07:05:12', '2019-05-09 13:17:41'),
(8, 'HRKx', 'mindiii.ashish@gmail.com', '$2y$10$1FIcnvP0T/ylXNyJRZ4zP.ZrPE4mu8Odb3Ja.xcCkXDDDa0rQua36', '', '', '', '2, Godhra Hwy, Brajeshwari Extension, Greater Brajeshwari, Indore, Madhya Pradesh 452001, India', 'Indore', 'Madhya Pradesh', 'India', '22.70519549893077', '75.90902735091551', '2', '2001-04-24', 18, '139.70 cm (4 feet 6 inches)', '250 Pounds', 3, '', '1', '', '3', 1, '', 0, 1, 'Aa5iehBMwk0xzL6c.jpg', 0, '', 0, 'French', 1, 1, '', '', 1, 1, 'cus_EweWz3Md9RSlJP', 'sub_EweWDu4NvnvWZb', 0, '', 0, '0018d4c679abc07d6e70', 'fUAM9EWwlaI:APA91bE6PycfQzMZA3k_OvE_lUBR9WAbMyGoLodBt-7rOYZ1yu2BcxYzCxeUUEKpwCsM7zTVViGmkuKV77tg3pvkuMGSBQsxLa8repOsqpKtLVxVYJs_AfgVHE6cnnksOcGISLXJW7B4', 3, 3, 1, 1, 1, 'spanish', '2019-04-24 13:05:41', '2019-05-09 10:35:49'),
(9, 'Richard Sendin', 'rsendinros@gmail.com', '', '+34', '692692191', '', 'Calle del Coronel Algarra, 7, 16003 Cuenca, Spain', 'Cuenca', 'Castile-La Mancha', 'Spain', '40.05897515814939', '-2.1388766528824497', '1', '1993-04-24', 26, '175.26 cm (5 feet 9 inches)', '90.0 Kg', 2, '', '1', '1', '3', 1, '', 1, 1, '', 0, 'Rasd9mKynVeqQIhg.jpeg', 1, 'Spanish', 0, 2, '111724588515306536557', 'gmail', 0, 0, '', '', 0, '', 0, 'f5e767d675c11188d909', 'f9WSEWHk0GY:APA91bEy97tX535Q5-4d9-aOuRzSTauu9LQuH49kKH6K0Yp3ugWbayCCchuH76tuHmfAEooa-o3y27vatS2W9od2XgBjCEhDOF2XIqWK0_N3CS7Jgvu8FB_qStqi7PHMMgwr7C_qi0GB', 1, 1, 1, 1, 1, 'english', '2019-04-24 08:30:49', '2019-04-25 20:40:42'),
(10, 'Monika Agrawal', 'monika.mindiii@gmail.com', '$2y$10$1FIcnvP0T/ylXNyJRZ4zP.ZrPE4mu8Odb3Ja.xcCkXDDDa0rQua36', '', '', '', 'Indore,Madhya Pradesh,India', 'Indore', 'Madhya Pradesh', 'India', '22.7165', '75.8307', '2', '2001-04-22', 18, '', '', 0, '', '1', '2', '3', 1, '', 0, 1, '', 0, '', 0, '', 0, 2, '', '', 0, 0, 'cus_EyngfE0NojILxb', '', 0, '', 0, '49d5714c4f61d639b4c9', 'fxCJUs4UlMY:APA91bGywK9DIxRYysQpm3bhokfW2PtFCPs7rS3nF4plH9d9CrlXHxovL7pJxKawWBCbV8EUGfbtdUh1KFpkKbi1t1QU8250wJ3FTmDS6zLEfRV6VfuSLyV_tfGdt4eP3ZRkNgdptB6-', 3, 3, 1, 1, 1, 'english', '2019-04-24 14:57:36', '2019-05-16 19:44:11'),
(11, 'Braj Sharma', 'bsbrajmohan25@gmail.com', '', '', '', '', '', '', '', '', '22.705335132310456', '75.90929815881658', '1', '1987-04-26', 32, '', '', 0, '', '1', '1', '3', 1, '', 0, 1, 'rJf9URsdlKzipQMF.jpeg', 1, '0PjRuXm2aJg3bHYK.jpeg', 1, '', 1, 2, '2498869060127353', 'facebook', 0, 0, 'cus_F2BLG23wi8yqef', '', 0, '', 0, 'adfa53d2a2323a27d0cd', 'cFalneoaxHM:APA91bGYB0McIc0LYxEfdeSXXtcde4MxaCefUiYIzb_40S2hlPZUXpauCptpqMbwky9nc_Bjoz9_fHTaY5MnLA7NJ6vUIIwSalYQTdVocLU1i0qGxfWCrugpXmGGb9Rh38ICEk5mgGhy', 0, 0, 1, 0, 1, 'english', '2019-04-26 10:35:07', '2019-05-09 07:48:17'),
(12, 'Brajmohan Sharma', 'brajmohan.mindiii@gmail.com', '', '', '', '', 'Indore,Madhya Pradesh,India', 'Indore', 'Madhya Pradesh', 'India', '22.7165', '75.8307', '1', '1995-05-17', 24, '', '', 0, '', '1', '1', '3', 1, '', 0, 1, '', 0, '', 0, '', 0, 2, '114347870752590421203', 'gmail', 0, 0, 'cus_F2AfaMSkKmT5rh', '', 0, '', 0, '', '', 3, 3, 1, 0, 1, 'english', '2019-04-26 16:14:38', '0000-00-00 00:00:00'),
(13, 'Arvind Patidar', '18.arvind@gmail.com', '', '', '', '', 'Indore - Bhopal Rd, Brajeshwari Extension, Greater Brajeshwari, Indore, Madhya Pradesh 452016, India', 'Indore', 'Madhya Pradesh', 'India', '22.705268608748593', '75.90913753583493', '1', '1999-04-27', 20, '172.72 cm (5 feet 8 inches)', '70.0 Kg', 2, 'Hello how are you', '1', '', '3', 1, '', 0, 1, '8hMbts4N37QzSLwu.jpeg', 0, '', 0, 'English', 0, 2, '2395797847097700', 'facebook', 0, 0, '', '', 0, '', 0, '88e62a3e5abe730211ac', '', 1, 0, 1, 1, 1, 'english', '2019-04-27 04:30:17', '2019-04-27 07:07:33'),
(14, 'arvind manual', 'arvind.mindiii@gmail.com', '$2y$10$yVt7JH7PKZxigPi7O8F1n.GQwx8jPBMdcZNcJuVzLzPtflEXMtfhq', '', '', '', '', '', '', '', '22.705334880061443', '75.90925550277751', '1', '1996-04-29', 23, '', '', 0, '', '1', '', '3', 1, '', 0, 1, '', 0, '', 0, '', 0, 1, '', '', 0, 0, 'cus_F2Af0cAvVJaY47', '', 0, '', 0, 'a4c09a3239d7de12b393', '', 3, 1, 1, 0, 1, 'english', '2019-04-29 08:58:25', '2019-05-09 07:43:24'),
(15, 'pat', 'mi.ndiiiashish@gmail.com', '$2y$10$khXIPSz9kfBWxp8nKbdrVuSiJU7IOvbC2vDwq70YDcnW4fwWT3Rti', '', '', '', 'Indore - Bhopal Rd, Brajeshwari Extension, Greater Brajeshwari, Indore, Madhya Pradesh 452016, India', 'Indore', 'Madhya Pradesh', 'India', '22.70521543397254', '75.90907595438122', '1', '2001-04-29', 18, '139.70 cm (4 feet 6 inches)', '12.0 Pounds', 3, 'y', '1', '1', '3', 1, '', 0, 1, 'oLfZkhc3yrEP9AqQ.jpeg', 0, '', 0, 'Spanish', 0, 1, '', '', 1, 1, 'cus_EySHq8d7NA3tIw', 'sub_EytqJz09fO2LpE', 1, 'sub_EySH0byomJzTpS', 0, 'ad95fd41d19e802c2b00', '', 3, 1, 1, 1, 1, 'english', '2019-04-29 09:00:09', '2019-05-01 10:35:45'),
(16, 'SAMuel', 'm.indiiiashish@gmail.com', '$2y$10$inIvxIi9G76JhMUx1LzQMOL7fefpdRShqkK2jA0pSyhZJLbZwn/42', '', '', '', 'Carrer de la Canuda, 47, 08002 Barcelona, Spain', 'Barcelona', 'Catalonia', 'Spain', '41.38506389999999', '2.1734034999999494', '1', '2001-04-15', 18, '129.54 (4 feet 2 inches)', '250 Pounds', 2, 'tEST', '1', '1', '3', 1, '', 0, 1, '', 0, '', 0, 'French', 1, 1, '', '', 1, 1, 'cus_Eytky3Dz8rhbDG', 'sub_EytlNOkg2xeB1O', 1, '', 0, '2a000aa124d9069ff855', '', 3, 2, 1, 1, 1, 'english', '2019-04-29 09:00:20', '2019-05-08 14:10:14'),
(17, 'Bella', 'bswan2k8@hotmail.com', '', '', '', '', 'Unnamed Road, Suraj Nagar Extension, Indore, Madhya Pradesh 452016, India', 'Indore', 'Madhya Pradesh', 'India', '22.721698497059695', '75.90714497436372', '1', '1999-04-29', 20, '127.00 cm (4 feet 1 inches)', '55.0 Kg', 1, '', '1', '1', '3', 1, '', 0, 1, '', 0, '', 0, 'English,Spanish', 0, 2, '344713809590107', 'facebook', 1, 0, 'cus_F17r1lr5rmeQRp', '', 0, '', 0, '4ed0e6219c1d7b2ffe8a', 'fagEBb8ciKU:APA91bFzP352d9tULs1G9gRY7mGxqc7ElRNJIGV-MusD-rLWj0bRlIfgktx7n_sdk6HthDljjfaLXoAHWo1oSjTVxcSfm5XwXx-FF-yws6G9RMSfqkdvQnc7sdQLEJDt0e9bWuT5_Odr', 1, 0, 1, 1, 1, 'english', '2019-04-29 14:29:01', '2019-05-07 02:56:20'),
(18, 'James Darko', 'admin@apoim.com', '', '', '', '', 'Indore,Madhya Pradesh,India', 'Indore', 'Madhya Pradesh', 'India', '22.7165', '75.8307', '1', '1984-03-01', 35, '', '', 0, '', '1', '1', '3', 1, '', 0, 1, '', 0, '', 0, '', 0, 2, '192058201651557', 'facebook', 0, 0, '', '', 0, '', 0, '', '', 3, 3, 1, 0, 1, 'english', '2019-04-30 10:36:01', '0000-00-00 00:00:00'),
(19, 'vijay Manual', 'v.ijaymindiii@gmail.com', '$2y$10$M55CJsVwnQ20rpQSU4DKDu4KeVaQ7B4HlzI5JOgk1XfI2JCVQ3jue', '', '', '', '589-Krishna Tower,( Icici Bank Building Near Pipliyahana Chouraha, Agarwal Public School Road, Madhya Pradesh 452016, India', 'Indore', 'Madhya Pradesh', 'India', '22.7051486', '75.9091567', '1', '2001-04-30', 18, '', '', 0, '', '2', '2', '3', 1, '', 0, 1, '', 0, '', 0, '', 0, 2, '', '', 0, 0, '', '', 0, '', 0, '685017134ac39b35a48a', 'fIX8cOpXHcg:APA91bHJk0MkebK551xOMAN7DYRP9SQth8Q8ioiIIMMPYxT7JARN53805KbBjxg0Goouaj7t_szxYouU8w-fiuu8d2B7HnOxuuHOHQXEV_E0Pfgb7a17dEiqN1ivMixJZp6Q4jzGBGpO', 3, 2, 1, 0, 1, 'english', '2019-04-30 06:19:10', '0000-00-00 00:00:00'),
(20, 'Vijay New', 'vi.jaymindiii@gmail.com', '$2y$10$dnogOF1ouOB5R.rJjy38beFjklDUNnDzckGOMi/pn6x6Wy5vl.4L2', '', '', '', 'AGECO HOUSE,Plot No. 151/A/B, Sch.no. 94, Pipliyahana Square, Indore, Madhya Pradesh 452001, India', 'Indore', 'Madhya Pradesh', 'India', '22.7044', '75.9067', '1', '2001-04-30', 18, '', '', 0, '', '2', '3', '3', 1, '', 0, 1, '', 0, '', 0, '', 0, 2, '', '', 0, 0, '', '', 0, '', 0, 'b7f915bc2df668cb5313', '', 1, 1, 1, 0, 1, 'english', '2019-04-30 06:29:38', '0000-00-00 00:00:00'),
(21, 'Jacob Bla', 'jblack2k8@hotmail.com', '', '', '', '', '21/6, Shanti Nagar, Indore, Madhya Pradesh 452001, India', 'Indore', 'Madhya Pradesh', 'India', '22.72', '75.89', '1', '2001-04-30', 18, '142.24 cm (4 feet 7 inches)', '55.0 Kg', 1, 'Kk', '2', '1', '3', 1, '', 0, 1, '', 0, '', 0, 'English', 0, 2, '799101580440508', 'facebook', 0, 0, 'cus_EysdA7l7rK2zcu', '', 0, 'sub_Eysd3cUeJYUm8d', 1, 'b51d5cab8b57e01ad58c', 'ei7Alm9Y4PA:APA91bFYvm1S6QXP5hJz3My3Aj3TR9HO4fk1CG_P-lMcnuIAFvRfcgMThWkjeFWr-FCitm8Qi0PQ8B76s1ahX4ktYeQVL7aFJwfY2B83wgPFLI0hC_lrqxFjuYLOUHED1QzD8pTJgX4z', 0, 0, 1, 1, 1, 'english', '2019-04-30 12:14:36', '2019-04-30 12:16:49'),
(22, 'Robert', 'mindiiia.shish@gmail.com', '$2y$10$cvRdBWJDm.ipbu9lowUTVunHi1hkCwEfQjIROgKADTtLA9GlGj4U6', '', '', '', '2, Indore - Bhopal Rd, Brajeshwari Extension, Greater Brajeshwari, Indore, Madhya Pradesh 452016, India', 'Indore', 'Madhya Pradesh', 'India', '22.70519432665772', '75.90906905776257', '1', '2001-05-08', 18, '121.92 cm (4 feet 0 inches)', '2.0 Lbs', 1, '', '1', '1', '3', 1, '', 0, 1, '', 0, '', 0, 'Spanish', 0, 2, '', '', 0, 0, '', '', 0, '', 0, 'aba59cf1992365764253', '', 1, 1, 1, 1, 1, 'english', '2019-05-08 07:12:27', '2019-05-08 07:25:06'),
(23, 'Matthews', 'mindiiias.hish@gmail.com', '$2y$10$dt/c4LwlBP/UPjOJ2V6WL.GJgUF2MuqIZeCH6/bYUg7xODhqxxS3q', '', '', '', '90-B, Greator Brijeshwari, Piplihana, Indore, Madhya Pradesh 452016, India', 'Indore', 'Madhya Pradesh', 'India', '22.7051737', '75.909134', '1', '2001-05-08', 18, '121.92 cm (4 feet 0 inches)', '25 Pounds', 1, '', '1', '', '3', 1, '', 0, 1, '', 0, '', 0, 'Spanish', 0, 2, '', '', 0, 0, '', '', 0, '', 0, 'f6a995c0b20cb9ac31ec', '', 2, 2, 1, 1, 1, '', '2019-05-08 07:16:14', '2019-05-08 07:29:02'),
(24, 'female', 'arvindpatidar00@gmail.com', '$2y$10$QkoxM3oV92Tm8/Pej4TtGOabZZ0HwsXOa2qCxOyWbh4PGXRmumE06', '', '', '', '206-207, Krishna tower, Madhya Pradesh 452016, India', 'Indore', 'Madhya Pradesh', 'India', '22.705230096484048', '75.90938253838678', '2', '1998-05-09', 21, '137.16 cm (4 feet 5 inches)', '80.0 Kg', 1, 'Hello', '1', '', '2', 1, '', 0, 1, '', 0, '', 0, 'English', 0, 2, '', '', 0, 0, '', '', 0, '', 0, '176c8824e8996840ad07', '', 3, 1, 1, 1, 1, '', '2019-05-09 07:19:24', '2019-05-09 07:19:54'),
(25, 'ash', 'mindiiiashis.h@gmail.com', '$2y$10$DoiRv/vQk1u8VKkn8f6TEOuNTeSanslQlGrdd48D0oXVJY1cVWYZS', '', '', '', 'Indore,Madhya Pradesh,India', 'Indore', 'Madhya Pradesh', 'India', '22.7165', '75.8307', '2', '2001-05-09', 18, '', '', 0, '', '1', '2', '2', 1, '', 0, 1, '', 0, '', 0, '', 0, 2, '', '', 0, 0, 'cus_F2CdkvyXuBVVIG', '', 0, '', 0, 'ba346726d9cbe946e67a', 'fG9AMk5hrys:APA91bHZVEzdkDAF7feJvTbljc5RoA7zTsdsJyoPOznlGDBeRqftKG5gJTwk0dBGPZghd-dSZ51NnPAWC7uwIHcihd6uh2bDgpwxnOkbtP1DIUjPVG2a1nrDgAoxFYgUHUh4Wv1vJ_lg', 3, 3, 1, 0, 1, 'english', '2019-05-09 14:05:14', '0000-00-00 00:00:00');

-- --------------------------------------------------------

--
-- Table structure for table `users_education_mapping`
--

CREATE TABLE `users_education_mapping` (
  `userEduId` int(11) NOT NULL,
  `edu_id` int(11) NOT NULL,
  `user_id` int(11) NOT NULL
) ENGINE=InnoDB DEFAULT CHARSET=latin1;

--
-- Dumping data for table `users_education_mapping`
--

INSERT INTO `users_education_mapping` (`userEduId`, `edu_id`, `user_id`) VALUES
(9, 8, 6),
(15, 9, 9),
(18, 5, 13),
(23, 4, 3),
(31, 8, 21),
(34, 7, 15),
(36, 5, 16),
(38, 4, 17),
(40, 5, 22),
(42, 5, 23),
(43, 5, 24),
(44, 5, 5),
(45, 9, 8),
(48, 4, 7);

-- --------------------------------------------------------

--
-- Table structure for table `users_image`
--

CREATE TABLE `users_image` (
  `userImgId` int(11) NOT NULL,
  `user_id` int(11) NOT NULL,
  `image` varchar(255) NOT NULL,
  `isSocial` tinyint(4) NOT NULL DEFAULT '0'
) ENGINE=InnoDB DEFAULT CHARSET=latin1;

--
-- Dumping data for table `users_image`
--

INSERT INTO `users_image` (`userImgId`, `user_id`, `image`, `isSocial`) VALUES
(15, 3, 'https://lh5.googleusercontent.com/-KWFQ70IEwLA/AAAAAAAAAAI/AAAAAAAAAAw/JWUQwDSEYCY/s200/photo.jpg', 1),
(16, 4, 'https://graph.facebook.com/416487805825153/picture?width=543&height=543', 1),
(17, 5, 'https://graph.facebook.com/2106952599384847/picture?width=543&height=543', 1),
(18, 6, 'PtIu7aOHLXv8dFQV.jpeg', 0),
(19, 6, 'X51UmIiGwCYA9Rke.jpeg', 0),
(20, 6, 'BCESYt6yodn0rkea.jpeg', 0),
(21, 7, '1JAapIycsxgH3luL.jpg', 0),
(22, 8, 'nGRs98fpiJV7yKIS.jpg', 0),
(23, 9, 'm8py1TK70Nr2ejRi.jpeg', 0),
(24, 11, 'https://graph.facebook.com/2498869060127353/picture?width=543&height=543', 1),
(25, 12, 'odEbD946Lra0gUTz.jpg', 0),
(26, 13, 'https://graph.facebook.com/2395797847097700/picture?width=543&height=543', 1),
(27, 13, '0yPxeu64BkEZ3YW9.jpeg', 0),
(28, 14, 'mxuRcKTzBDafeyvQ.jpeg', 0),
(29, 15, 'BTJaY9bmcvFx75oD.jpeg', 0),
(30, 16, 'OaWkqJ8vs9UHcuiS.png', 0),
(31, 17, 'https://graph.facebook.com/344713809590107/picture?width=543&height=543', 1),
(32, 18, 'https://graph.facebook.com/192058201651557/picture?type=large', 1),
(34, 10, '6c1x3Osjn5fPw9S0.jpg', 0),
(35, 19, 'oaQTA3S7fXwqRl5I.png', 0),
(36, 20, 'YLS7Gay5UkZbVnDE.jpeg', 0),
(37, 21, 'https://graph.facebook.com/799101580440508/picture?width=543&height=543', 1),
(38, 16, '9BoM2hFVTJtfEG8i.jpg', 0),
(41, 23, 'ULdCeDqEK3l72jZ8.jpg', 0),
(42, 22, 'Sd5kv13DlU64NVru.jpeg', 0),
(43, 24, 'WGvj8xcNu6SBR7KD.jpeg', 0),
(44, 25, '301kwdGJf8vB2NsE.jpg', 0);

-- --------------------------------------------------------

--
-- Table structure for table `users_interest_mapping`
--

CREATE TABLE `users_interest_mapping` (
  `userIntId` int(11) NOT NULL,
  `interest_id` int(11) NOT NULL,
  `user_id` int(11) NOT NULL
) ENGINE=InnoDB DEFAULT CHARSET=latin1;

--
-- Dumping data for table `users_interest_mapping`
--

INSERT INTO `users_interest_mapping` (`userIntId`, `interest_id`, `user_id`) VALUES
(8, 7, 6),
(14, 13, 9),
(17, 7, 13),
(18, 13, 13),
(19, 2, 13),
(20, 3, 13),
(21, 32, 13),
(30, 2, 3),
(31, 7, 3),
(43, 32, 21),
(46, 3, 15),
(47, 6, 15),
(50, 7, 16),
(51, 3, 16),
(53, 3, 17),
(57, 2, 22),
(59, 3, 23),
(60, 8, 24),
(61, 13, 5),
(62, 3, 8),
(63, 32, 8),
(64, 7, 8),
(67, 2, 7);

-- --------------------------------------------------------

--
-- Table structure for table `users_work_mapping`
--

CREATE TABLE `users_work_mapping` (
  `userWorkId` int(11) NOT NULL,
  `work_id` int(11) NOT NULL,
  `user_id` int(11) NOT NULL
) ENGINE=InnoDB DEFAULT CHARSET=latin1;

--
-- Dumping data for table `users_work_mapping`
--

INSERT INTO `users_work_mapping` (`userWorkId`, `work_id`, `user_id`) VALUES
(8, 1, 6),
(14, 1, 9),
(17, 2, 13),
(22, 1, 3),
(30, 1, 21),
(33, 2, 15),
(35, 1, 16),
(37, 1, 17),
(39, 1, 22),
(41, 1, 23),
(42, 1, 24),
(43, 2, 5),
(44, 2, 8),
(47, 2, 7);

-- --------------------------------------------------------

--
-- Table structure for table `visitors`
--

CREATE TABLE `visitors` (
  `visitId` int(11) NOT NULL,
  `visit_by_id` int(11) NOT NULL,
  `visit_for_id` int(11) NOT NULL
) ENGINE=InnoDB DEFAULT CHARSET=latin1;

--
-- Dumping data for table `visitors`
--

INSERT INTO `visitors` (`visitId`, `visit_by_id`, `visit_for_id`) VALUES
(3, 4, 3),
(4, 3, 4),
(5, 5, 3),
(6, 6, 3),
(7, 6, 5),
(8, 7, 3),
(9, 7, 6),
(10, 3, 7),
(11, 6, 7),
(12, 3, 6),
(13, 8, 5),
(14, 7, 8),
(15, 6, 10),
(16, 10, 6),
(17, 10, 3),
(18, 10, 7),
(19, 3, 10),
(20, 7, 4),
(21, 9, 7),
(22, 11, 5),
(23, 11, 7),
(24, 11, 8),
(25, 12, 11),
(26, 11, 12),
(27, 12, 8),
(28, 7, 10),
(29, 11, 3),
(30, 11, 10),
(31, 5, 11),
(32, 13, 3),
(33, 13, 5),
(34, 13, 4),
(35, 5, 4),
(36, 4, 13),
(37, 7, 13),
(38, 8, 7),
(39, 11, 6),
(40, 11, 4),
(41, 5, 10),
(42, 11, 13),
(43, 5, 7),
(44, 5, 13),
(45, 12, 13),
(46, 3, 9),
(47, 3, 12),
(48, 3, 13),
(49, 13, 12),
(50, 13, 11),
(51, 13, 8),
(52, 13, 7),
(53, 13, 10),
(54, 12, 3),
(55, 3, 8),
(56, 6, 4),
(57, 12, 5),
(58, 15, 16),
(59, 16, 13),
(60, 16, 14),
(61, 16, 12),
(62, 16, 15),
(63, 5, 14),
(64, 11, 14),
(65, 16, 8),
(66, 15, 8),
(67, 15, 7),
(68, 11, 15),
(69, 3, 14),
(70, 3, 16),
(71, 11, 17),
(72, 11, 16),
(73, 3, 15),
(74, 7, 18),
(75, 18, 8),
(76, 7, 14),
(77, 7, 12),
(78, 8, 18),
(79, 13, 16),
(80, 20, 7),
(81, 16, 18),
(82, 18, 16),
(83, 20, 17),
(84, 17, 5),
(85, 20, 19),
(86, 16, 7),
(87, 17, 7),
(88, 17, 20),
(89, 17, 15),
(90, 17, 6),
(91, 17, 10),
(92, 17, 4),
(93, 7, 16),
(94, 16, 10),
(95, 13, 17),
(96, 13, 6),
(97, 18, 19),
(98, 18, 3),
(99, 13, 15),
(100, 13, 14),
(101, 17, 3),
(102, 20, 3),
(103, 7, 17),
(104, 17, 19),
(105, 17, 12),
(106, 17, 13),
(107, 17, 11),
(108, 8, 3),
(109, 17, 14),
(110, 3, 20),
(111, 8, 16),
(112, 21, 17),
(113, 8, 20),
(114, 17, 21),
(115, 13, 21),
(116, 9, 21),
(117, 9, 13),
(118, 13, 9),
(119, 17, 8),
(120, 3, 19),
(121, 6, 16),
(122, 16, 6),
(123, 15, 14),
(124, 15, 9),
(125, 8, 15),
(126, 5, 18),
(127, 5, 20),
(128, 5, 16),
(129, 16, 3),
(130, 11, 20),
(131, 16, 17),
(132, 15, 21),
(133, 15, 6),
(134, 8, 21),
(135, 8, 12),
(136, 8, 6),
(137, 6, 8),
(138, 3, 17),
(139, 13, 18),
(140, 11, 19),
(141, 14, 8),
(142, 3, 18),
(143, 15, 3),
(144, 6, 17),
(145, 3, 21),
(146, 3, 11),
(147, 6, 15),
(148, 7, 19),
(149, 8, 10),
(150, 7, 11),
(151, 7, 20),
(152, 10, 15),
(153, 10, 20),
(154, 10, 8),
(155, 3, 5),
(156, 6, 19),
(157, 7, 15),
(158, 10, 12),
(159, 10, 5),
(160, 10, 14),
(161, 10, 13),
(162, 11, 21),
(163, 7, 21),
(164, 6, 21),
(165, 22, 23),
(166, 23, 22),
(167, 22, 13),
(168, 22, 15),
(169, 22, 8),
(170, 22, 17),
(171, 22, 11),
(172, 22, 16),
(173, 20, 23),
(174, 22, 3),
(175, 11, 9),
(176, 17, 9),
(177, 12, 9),
(178, 11, 24),
(179, 10, 24),
(180, 24, 25),
(181, 25, 24),
(182, 9, 12),
(183, 7, 22),
(184, 8, 24),
(185, 10, 18),
(186, 10, 11);

-- --------------------------------------------------------

--
-- Table structure for table `works`
--

CREATE TABLE `works` (
  `workId` int(11) NOT NULL,
  `name` varchar(255) NOT NULL,
  `nameInSpanish` varchar(255) CHARACTER SET utf8 NOT NULL,
  `status` tinyint(4) NOT NULL DEFAULT '1' COMMENT '1:Active,0:Inactive',
  `crd` datetime NOT NULL,
  `upd` datetime NOT NULL
) ENGINE=InnoDB DEFAULT CHARSET=latin1;

--
-- Dumping data for table `works`
--

INSERT INTO `works` (`workId`, `name`, `nameInSpanish`, `status`, `crd`, `upd`) VALUES
(1, 'Student', 'Estudiante', 1, '0000-00-00 00:00:00', '0000-00-00 00:00:00'),
(2, 'Teacher', 'Profesora', 1, '0000-00-00 00:00:00', '0000-00-00 00:00:00');

--
-- Indexes for dumped tables
--

--
-- Indexes for table `admin`
--
ALTER TABLE `admin`
  ADD PRIMARY KEY (`id`);

--
-- Indexes for table `appointments`
--
ALTER TABLE `appointments`
  ADD PRIMARY KEY (`appId`),
  ADD KEY `appointById` (`appointById`),
  ADD KEY `appointForId` (`appointForId`);

--
-- Indexes for table `bank_account_details`
--
ALTER TABLE `bank_account_details`
  ADD PRIMARY KEY (`bankAccId`),
  ADD KEY `user_id` (`user_id`);

--
-- Indexes for table `business`
--
ALTER TABLE `business`
  ADD PRIMARY KEY (`businessId`),
  ADD KEY `user_id` (`user_id`);

--
-- Indexes for table `companion_member`
--
ALTER TABLE `companion_member`
  ADD PRIMARY KEY (`compId`),
  ADD KEY `eventMem_Id` (`eventMem_Id`),
  ADD KEY `companionMemId` (`companionMemId`),
  ADD KEY `event_id` (`event_id`);

--
-- Indexes for table `country`
--
ALTER TABLE `country`
  ADD PRIMARY KEY (`id`);

--
-- Indexes for table `educations`
--
ALTER TABLE `educations`
  ADD PRIMARY KEY (`eduId`);

--
-- Indexes for table `events`
--
ALTER TABLE `events`
  ADD PRIMARY KEY (`eventId`),
  ADD KEY `eventOrganizer` (`eventOrganizer`);

--
-- Indexes for table `event_image`
--
ALTER TABLE `event_image`
  ADD PRIMARY KEY (`eventImgId`),
  ADD KEY `event_id` (`event_id`),
  ADD KEY `user_id` (`user_id`);

--
-- Indexes for table `event_member`
--
ALTER TABLE `event_member`
  ADD PRIMARY KEY (`eventMemId`),
  ADD KEY `event_id` (`event_id`),
  ADD KEY `memberId` (`memberId`);

--
-- Indexes for table `favorites`
--
ALTER TABLE `favorites`
  ADD PRIMARY KEY (`favId`),
  ADD KEY `favUserId` (`favUserId`),
  ADD KEY `user_id` (`user_id`);

--
-- Indexes for table `friends`
--
ALTER TABLE `friends`
  ADD PRIMARY KEY (`friendId`),
  ADD KEY `byId` (`byId`),
  ADD KEY `forId` (`forId`);

--
-- Indexes for table `interests`
--
ALTER TABLE `interests`
  ADD PRIMARY KEY (`interestId`);

--
-- Indexes for table `likes`
--
ALTER TABLE `likes`
  ADD PRIMARY KEY (`likeId`),
  ADD KEY `user_id` (`user_id`),
  ADD KEY `likeUserId` (`likeUserId`);

--
-- Indexes for table `notifications`
--
ALTER TABLE `notifications`
  ADD PRIMARY KEY (`notId`),
  ADD KEY `notificationBy` (`notificationBy`),
  ADD KEY `notificationFor` (`notificationFor`);

--
-- Indexes for table `options`
--
ALTER TABLE `options`
  ADD PRIMARY KEY (`optionId`);

--
-- Indexes for table `payment_transactions`
--
ALTER TABLE `payment_transactions`
  ADD PRIMARY KEY (`id`),
  ADD KEY `user_id` (`user_id`);

--
-- Indexes for table `profile_Image_likes`
--
ALTER TABLE `profile_Image_likes`
  ADD PRIMARY KEY (`ImgLikeId`),
  ADD KEY `user_img_id` (`user_img_id`),
  ADD KEY `like_by_user_id` (`like_by_user_id`);

--
-- Indexes for table `requests`
--
ALTER TABLE `requests`
  ADD PRIMARY KEY (`requestId`),
  ADD KEY `requestBy` (`requestBy`),
  ADD KEY `requestFor` (`requestFor`);

--
-- Indexes for table `review`
--
ALTER TABLE `review`
  ADD PRIMARY KEY (`reviewId`),
  ADD KEY `by_user_id` (`by_user_id`),
  ADD KEY `for_user_id` (`for_user_id`);

--
-- Indexes for table `users`
--
ALTER TABLE `users`
  ADD PRIMARY KEY (`userId`);

--
-- Indexes for table `users_education_mapping`
--
ALTER TABLE `users_education_mapping`
  ADD PRIMARY KEY (`userEduId`),
  ADD KEY `user_id` (`user_id`),
  ADD KEY `edu_id` (`edu_id`);

--
-- Indexes for table `users_image`
--
ALTER TABLE `users_image`
  ADD PRIMARY KEY (`userImgId`),
  ADD KEY `user_id` (`user_id`);

--
-- Indexes for table `users_interest_mapping`
--
ALTER TABLE `users_interest_mapping`
  ADD PRIMARY KEY (`userIntId`),
  ADD KEY `user_id` (`user_id`),
  ADD KEY `interest_id` (`interest_id`);

--
-- Indexes for table `users_work_mapping`
--
ALTER TABLE `users_work_mapping`
  ADD PRIMARY KEY (`userWorkId`),
  ADD KEY `user_id` (`user_id`),
  ADD KEY `work_id` (`work_id`);

--
-- Indexes for table `visitors`
--
ALTER TABLE `visitors`
  ADD PRIMARY KEY (`visitId`),
  ADD KEY `visit_by_id` (`visit_by_id`),
  ADD KEY `visit_for_id` (`visit_for_id`);

--
-- Indexes for table `works`
--
ALTER TABLE `works`
  ADD PRIMARY KEY (`workId`);

--
-- AUTO_INCREMENT for dumped tables
--

--
-- AUTO_INCREMENT for table `admin`
--
ALTER TABLE `admin`
  MODIFY `id` int(11) NOT NULL AUTO_INCREMENT, AUTO_INCREMENT=2;

--
-- AUTO_INCREMENT for table `appointments`
--
ALTER TABLE `appointments`
  MODIFY `appId` int(11) NOT NULL AUTO_INCREMENT, AUTO_INCREMENT=137;

--
-- AUTO_INCREMENT for table `bank_account_details`
--
ALTER TABLE `bank_account_details`
  MODIFY `bankAccId` int(11) NOT NULL AUTO_INCREMENT, AUTO_INCREMENT=15;

--
-- AUTO_INCREMENT for table `business`
--
ALTER TABLE `business`
  MODIFY `businessId` int(11) NOT NULL AUTO_INCREMENT, AUTO_INCREMENT=10;

--
-- AUTO_INCREMENT for table `companion_member`
--
ALTER TABLE `companion_member`
  MODIFY `compId` int(11) NOT NULL AUTO_INCREMENT, AUTO_INCREMENT=54;

--
-- AUTO_INCREMENT for table `country`
--
ALTER TABLE `country`
  MODIFY `id` int(11) NOT NULL AUTO_INCREMENT, AUTO_INCREMENT=240;

--
-- AUTO_INCREMENT for table `educations`
--
ALTER TABLE `educations`
  MODIFY `eduId` int(11) NOT NULL AUTO_INCREMENT, AUTO_INCREMENT=11;

--
-- AUTO_INCREMENT for table `events`
--
ALTER TABLE `events`
  MODIFY `eventId` int(11) NOT NULL AUTO_INCREMENT, AUTO_INCREMENT=129;

--
-- AUTO_INCREMENT for table `event_image`
--
ALTER TABLE `event_image`
  MODIFY `eventImgId` int(11) NOT NULL AUTO_INCREMENT, AUTO_INCREMENT=208;

--
-- AUTO_INCREMENT for table `event_member`
--
ALTER TABLE `event_member`
  MODIFY `eventMemId` int(11) NOT NULL AUTO_INCREMENT, AUTO_INCREMENT=671;

--
-- AUTO_INCREMENT for table `favorites`
--
ALTER TABLE `favorites`
  MODIFY `favId` int(11) NOT NULL AUTO_INCREMENT, AUTO_INCREMENT=85;

--
-- AUTO_INCREMENT for table `friends`
--
ALTER TABLE `friends`
  MODIFY `friendId` int(11) NOT NULL AUTO_INCREMENT, AUTO_INCREMENT=19;

--
-- AUTO_INCREMENT for table `interests`
--
ALTER TABLE `interests`
  MODIFY `interestId` int(11) NOT NULL AUTO_INCREMENT, AUTO_INCREMENT=184;

--
-- AUTO_INCREMENT for table `likes`
--
ALTER TABLE `likes`
  MODIFY `likeId` int(11) NOT NULL AUTO_INCREMENT, AUTO_INCREMENT=60;

--
-- AUTO_INCREMENT for table `notifications`
--
ALTER TABLE `notifications`
  MODIFY `notId` int(11) NOT NULL AUTO_INCREMENT, AUTO_INCREMENT=1409;

--
-- AUTO_INCREMENT for table `options`
--
ALTER TABLE `options`
  MODIFY `optionId` bigint(20) NOT NULL AUTO_INCREMENT, AUTO_INCREMENT=11;

--
-- AUTO_INCREMENT for table `payment_transactions`
--
ALTER TABLE `payment_transactions`
  MODIFY `id` int(11) NOT NULL AUTO_INCREMENT, AUTO_INCREMENT=48;

--
-- AUTO_INCREMENT for table `profile_Image_likes`
--
ALTER TABLE `profile_Image_likes`
  MODIFY `ImgLikeId` int(11) NOT NULL AUTO_INCREMENT;

--
-- AUTO_INCREMENT for table `requests`
--
ALTER TABLE `requests`
  MODIFY `requestId` int(11) NOT NULL AUTO_INCREMENT, AUTO_INCREMENT=61;

--
-- AUTO_INCREMENT for table `review`
--
ALTER TABLE `review`
  MODIFY `reviewId` int(11) NOT NULL AUTO_INCREMENT, AUTO_INCREMENT=64;

--
-- AUTO_INCREMENT for table `users`
--
ALTER TABLE `users`
  MODIFY `userId` int(11) NOT NULL AUTO_INCREMENT, AUTO_INCREMENT=26;

--
-- AUTO_INCREMENT for table `users_education_mapping`
--
ALTER TABLE `users_education_mapping`
  MODIFY `userEduId` int(11) NOT NULL AUTO_INCREMENT, AUTO_INCREMENT=49;

--
-- AUTO_INCREMENT for table `users_image`
--
ALTER TABLE `users_image`
  MODIFY `userImgId` int(11) NOT NULL AUTO_INCREMENT, AUTO_INCREMENT=45;

--
-- AUTO_INCREMENT for table `users_interest_mapping`
--
ALTER TABLE `users_interest_mapping`
  MODIFY `userIntId` int(11) NOT NULL AUTO_INCREMENT, AUTO_INCREMENT=68;

--
-- AUTO_INCREMENT for table `users_work_mapping`
--
ALTER TABLE `users_work_mapping`
  MODIFY `userWorkId` int(11) NOT NULL AUTO_INCREMENT, AUTO_INCREMENT=48;

--
-- AUTO_INCREMENT for table `visitors`
--
ALTER TABLE `visitors`
  MODIFY `visitId` int(11) NOT NULL AUTO_INCREMENT, AUTO_INCREMENT=187;

--
-- AUTO_INCREMENT for table `works`
--
ALTER TABLE `works`
  MODIFY `workId` int(11) NOT NULL AUTO_INCREMENT, AUTO_INCREMENT=3;

--
-- Constraints for dumped tables
--

--
-- Constraints for table `appointments`
--
ALTER TABLE `appointments`
  ADD CONSTRAINT `appointments_ibfk_1` FOREIGN KEY (`appointById`) REFERENCES `users` (`userId`) ON DELETE CASCADE,
  ADD CONSTRAINT `appointments_ibfk_2` FOREIGN KEY (`appointForId`) REFERENCES `users` (`userId`) ON DELETE CASCADE;

--
-- Constraints for table `bank_account_details`
--
ALTER TABLE `bank_account_details`
  ADD CONSTRAINT `bank_account_details_ibfk_1` FOREIGN KEY (`user_id`) REFERENCES `users` (`userId`) ON DELETE CASCADE;

--
-- Constraints for table `business`
--
ALTER TABLE `business`
  ADD CONSTRAINT `business_ibfk_1` FOREIGN KEY (`user_id`) REFERENCES `users` (`userId`) ON DELETE CASCADE;

--
-- Constraints for table `companion_member`
--
ALTER TABLE `companion_member`
  ADD CONSTRAINT `companion_member_ibfk_1` FOREIGN KEY (`eventMem_Id`) REFERENCES `event_member` (`eventMemId`) ON DELETE CASCADE ON UPDATE CASCADE,
  ADD CONSTRAINT `companion_member_ibfk_2` FOREIGN KEY (`companionMemId`) REFERENCES `users` (`userId`) ON UPDATE CASCADE,
  ADD CONSTRAINT `companion_member_ibfk_3` FOREIGN KEY (`event_id`) REFERENCES `events` (`eventId`) ON UPDATE CASCADE;

--
-- Constraints for table `events`
--
ALTER TABLE `events`
  ADD CONSTRAINT `events_ibfk_1` FOREIGN KEY (`eventOrganizer`) REFERENCES `users` (`userId`) ON DELETE CASCADE;

--
-- Constraints for table `event_image`
--
ALTER TABLE `event_image`
  ADD CONSTRAINT `event_image_ibfk_2` FOREIGN KEY (`event_id`) REFERENCES `events` (`eventId`) ON DELETE CASCADE;

--
-- Constraints for table `event_member`
--
ALTER TABLE `event_member`
  ADD CONSTRAINT `event_member_ibfk_1` FOREIGN KEY (`event_id`) REFERENCES `events` (`eventId`) ON DELETE CASCADE,
  ADD CONSTRAINT `event_member_ibfk_2` FOREIGN KEY (`memberId`) REFERENCES `users` (`userId`) ON DELETE CASCADE;

--
-- Constraints for table `favorites`
--
ALTER TABLE `favorites`
  ADD CONSTRAINT `favorites_ibfk_1` FOREIGN KEY (`favUserId`) REFERENCES `users` (`userId`) ON DELETE CASCADE,
  ADD CONSTRAINT `favorites_ibfk_2` FOREIGN KEY (`user_id`) REFERENCES `users` (`userId`) ON DELETE CASCADE;

--
-- Constraints for table `friends`
--
ALTER TABLE `friends`
  ADD CONSTRAINT `friends_ibfk_1` FOREIGN KEY (`byId`) REFERENCES `users` (`userId`) ON DELETE CASCADE,
  ADD CONSTRAINT `friends_ibfk_2` FOREIGN KEY (`forId`) REFERENCES `users` (`userId`) ON DELETE CASCADE;

--
-- Constraints for table `likes`
--
ALTER TABLE `likes`
  ADD CONSTRAINT `likes_ibfk_1` FOREIGN KEY (`user_id`) REFERENCES `users` (`userId`) ON DELETE CASCADE,
  ADD CONSTRAINT `likes_ibfk_2` FOREIGN KEY (`likeUserId`) REFERENCES `users` (`userId`) ON DELETE CASCADE;

--
-- Constraints for table `notifications`
--
ALTER TABLE `notifications`
  ADD CONSTRAINT `notifications_ibfk_2` FOREIGN KEY (`notificationFor`) REFERENCES `users` (`userId`) ON DELETE CASCADE,
  ADD CONSTRAINT `notifications_ibfk_3` FOREIGN KEY (`notificationBy`) REFERENCES `users` (`userId`) ON DELETE CASCADE;

--
-- Constraints for table `payment_transactions`
--
ALTER TABLE `payment_transactions`
  ADD CONSTRAINT `payment_transactions_ibfk_1` FOREIGN KEY (`user_id`) REFERENCES `users` (`userId`) ON DELETE CASCADE;

--
-- Constraints for table `profile_Image_likes`
--
ALTER TABLE `profile_Image_likes`
  ADD CONSTRAINT `profile_Image_likes_ibfk_1` FOREIGN KEY (`user_img_id`) REFERENCES `users_image` (`userImgId`) ON DELETE CASCADE,
  ADD CONSTRAINT `profile_Image_likes_ibfk_2` FOREIGN KEY (`like_by_user_id`) REFERENCES `users` (`userId`) ON DELETE CASCADE;

--
-- Constraints for table `requests`
--
ALTER TABLE `requests`
  ADD CONSTRAINT `requests_ibfk_1` FOREIGN KEY (`requestBy`) REFERENCES `users` (`userId`) ON DELETE CASCADE,
  ADD CONSTRAINT `requests_ibfk_2` FOREIGN KEY (`requestFor`) REFERENCES `users` (`userId`) ON DELETE CASCADE;

--
-- Constraints for table `review`
--
ALTER TABLE `review`
  ADD CONSTRAINT `review_ibfk_1` FOREIGN KEY (`by_user_id`) REFERENCES `users` (`userId`) ON DELETE CASCADE,
  ADD CONSTRAINT `review_ibfk_2` FOREIGN KEY (`for_user_id`) REFERENCES `users` (`userId`) ON DELETE CASCADE;

--
-- Constraints for table `users_education_mapping`
--
ALTER TABLE `users_education_mapping`
  ADD CONSTRAINT `users_education_mapping_ibfk_1` FOREIGN KEY (`user_id`) REFERENCES `users` (`userId`) ON DELETE CASCADE,
  ADD CONSTRAINT `users_education_mapping_ibfk_2` FOREIGN KEY (`edu_id`) REFERENCES `educations` (`eduId`) ON DELETE CASCADE;

--
-- Constraints for table `users_image`
--
ALTER TABLE `users_image`
  ADD CONSTRAINT `users_image_ibfk_1` FOREIGN KEY (`user_id`) REFERENCES `users` (`userId`) ON DELETE CASCADE;

--
-- Constraints for table `users_interest_mapping`
--
ALTER TABLE `users_interest_mapping`
  ADD CONSTRAINT `users_interest_mapping_ibfk_1` FOREIGN KEY (`user_id`) REFERENCES `users` (`userId`) ON DELETE CASCADE,
  ADD CONSTRAINT `users_interest_mapping_ibfk_2` FOREIGN KEY (`interest_id`) REFERENCES `interests` (`interestId`) ON DELETE CASCADE;

--
-- Constraints for table `users_work_mapping`
--
ALTER TABLE `users_work_mapping`
  ADD CONSTRAINT `users_work_mapping_ibfk_1` FOREIGN KEY (`user_id`) REFERENCES `users` (`userId`) ON DELETE CASCADE,
  ADD CONSTRAINT `users_work_mapping_ibfk_2` FOREIGN KEY (`work_id`) REFERENCES `works` (`workId`) ON DELETE CASCADE;

--
-- Constraints for table `visitors`
--
ALTER TABLE `visitors`
  ADD CONSTRAINT `visitors_ibfk_1` FOREIGN KEY (`visit_by_id`) REFERENCES `users` (`userId`) ON DELETE CASCADE,
  ADD CONSTRAINT `visitors_ibfk_2` FOREIGN KEY (`visit_for_id`) REFERENCES `users` (`userId`) ON DELETE CASCADE;
COMMIT;

/*!40101 SET CHARACTER_SET_CLIENT=@OLD_CHARACTER_SET_CLIENT */;
/*!40101 SET CHARACTER_SET_RESULTS=@OLD_CHARACTER_SET_RESULTS */;
/*!40101 SET COLLATION_CONNECTION=@OLD_COLLATION_CONNECTION */;
